-- BlockTrace virtual data seed generated from BlockTrace_Virtual_DB.xlsx
-- Run after applying prisma/migrations/20260518050131_blocktrace_offchain_v2.
-- The script is insert-only/idempotent by primary key; existing rows are left unchanged.
SET NOCOUNT ON;
BEGIN TRY
BEGIN TRAN;

-- PRODUCER
IF NOT EXISTS (SELECT 1 FROM [dbo].[PRODUCER] WHERE [producer_id] = N'PROD_0001')
    INSERT INTO [dbo].[PRODUCER] ([producer_id], [email], [phone_number], [origin_location], [full_name], [company_name], [business_license], [tax_code], [certification_list], [reputation_score], [created_at]) VALUES (N'PROD_0001', N'contact@farm1.vn', 902867825, N'Đắk Lắk', N'Chủ Trang Trại 1', N'HTX Nông Nghiệp Xanh 1', N'BL-131244', 318038374, N'VietGAP, GlobalGAP', 4.2, N'2025-01-01 00:00:00');
IF NOT EXISTS (SELECT 1 FROM [dbo].[PRODUCER] WHERE [producer_id] = N'PROD_0002')
    INSERT INTO [dbo].[PRODUCER] ([producer_id], [email], [phone_number], [origin_location], [full_name], [company_name], [business_license], [tax_code], [certification_list], [reputation_score], [created_at]) VALUES (N'PROD_0002', N'contact@farm2.vn', 901419610, N'Lâm Đồng', N'Chủ Trang Trại 2', N'HTX Nông Nghiệp Xanh 2', N'BL-198246', 314698379, N'Organic, VietGAP', 4.8, N'2025-01-02 00:00:00');
IF NOT EXISTS (SELECT 1 FROM [dbo].[PRODUCER] WHERE [producer_id] = N'PROD_0003')
    INSERT INTO [dbo].[PRODUCER] ([producer_id], [email], [phone_number], [origin_location], [full_name], [company_name], [business_license], [tax_code], [certification_list], [reputation_score], [created_at]) VALUES (N'PROD_0003', N'contact@farm3.vn', 905614226, N'Bình Thuận', N'Chủ Trang Trại 3', N'HTX Nông Nghiệp Xanh 3', N'BL-329258', 318536477, N'VietGAP', 4.1, N'2025-01-03 00:00:00');
IF NOT EXISTS (SELECT 1 FROM [dbo].[PRODUCER] WHERE [producer_id] = N'PROD_0004')
    INSERT INTO [dbo].[PRODUCER] ([producer_id], [email], [phone_number], [origin_location], [full_name], [company_name], [business_license], [tax_code], [certification_list], [reputation_score], [created_at]) VALUES (N'PROD_0004', N'contact@farm4.vn', 905108603, N'Tiền Giang', N'Chủ Trang Trại 4', N'HTX Nông Nghiệp Xanh 4', N'BL-343962', 315667265, N'GlobalGAP', 4.4, N'2025-01-04 00:00:00');
IF NOT EXISTS (SELECT 1 FROM [dbo].[PRODUCER] WHERE [producer_id] = N'PROD_0005')
    INSERT INTO [dbo].[PRODUCER] ([producer_id], [email], [phone_number], [origin_location], [full_name], [company_name], [business_license], [tax_code], [certification_list], [reputation_score], [created_at]) VALUES (N'PROD_0005', N'contact@farm5.vn', 904744854, N'Bến Tre', N'Chủ Trang Trại 5', N'HTX Nông Nghiệp Xanh 5', N'BL-629903', 311109031, N'HACCP', 4.4, N'2025-01-05 00:00:00');
IF NOT EXISTS (SELECT 1 FROM [dbo].[PRODUCER] WHERE [producer_id] = N'PROD_0006')
    INSERT INTO [dbo].[PRODUCER] ([producer_id], [email], [phone_number], [origin_location], [full_name], [company_name], [business_license], [tax_code], [certification_list], [reputation_score], [created_at]) VALUES (N'PROD_0006', N'contact@farm6.vn', 903341057, N'Sơn La', N'Chủ Trang Trại 6', N'HTX Nông Nghiệp Xanh 6', N'BL-731262', 313678638, N'VietGAP', 4.3, N'2025-01-06 00:00:00');
IF NOT EXISTS (SELECT 1 FROM [dbo].[PRODUCER] WHERE [producer_id] = N'PROD_0007')
    INSERT INTO [dbo].[PRODUCER] ([producer_id], [email], [phone_number], [origin_location], [full_name], [company_name], [business_license], [tax_code], [certification_list], [reputation_score], [created_at]) VALUES (N'PROD_0007', N'contact@farm7.vn', 902719583, N'Long An', N'Chủ Trang Trại 7', N'HTX Nông Nghiệp Xanh 7', N'BL-127824', 318090293, N'GlobalGAP', 4.3, N'2025-01-07 00:00:00');
IF NOT EXISTS (SELECT 1 FROM [dbo].[PRODUCER] WHERE [producer_id] = N'PROD_0008')
    INSERT INTO [dbo].[PRODUCER] ([producer_id], [email], [phone_number], [origin_location], [full_name], [company_name], [business_license], [tax_code], [certification_list], [reputation_score], [created_at]) VALUES (N'PROD_0008', N'contact@farm8.vn', 902458591, N'Đồng Tháp', N'Chủ Trang Trại 8', N'HTX Nông Nghiệp Xanh 8', N'BL-688508', 316708456, N'VietGAP, Organic', 4.0, N'2025-01-08 00:00:00');
IF NOT EXISTS (SELECT 1 FROM [dbo].[PRODUCER] WHERE [producer_id] = N'PROD_0009')
    INSERT INTO [dbo].[PRODUCER] ([producer_id], [email], [phone_number], [origin_location], [full_name], [company_name], [business_license], [tax_code], [certification_list], [reputation_score], [created_at]) VALUES (N'PROD_0009', N'contact@farm9.vn', 908078673, N'Cà Mau', N'Chủ Trang Trại 9', N'HTX Nông Nghiệp Xanh 9', N'BL-308496', 315661907, N'ASC', 4.5, N'2025-01-09 00:00:00');
IF NOT EXISTS (SELECT 1 FROM [dbo].[PRODUCER] WHERE [producer_id] = N'PROD_0010')
    INSERT INTO [dbo].[PRODUCER] ([producer_id], [email], [phone_number], [origin_location], [full_name], [company_name], [business_license], [tax_code], [certification_list], [reputation_score], [created_at]) VALUES (N'PROD_0010', N'contact@farm10.vn', 901533224, N'Kiên Giang', N'Chủ Trang Trại 10', N'HTX Nông Nghiệp Xanh 10', N'BL-850800', 313608513, N'BAP', 4.1, N'2025-01-10 00:00:00');

-- CARRIER
IF NOT EXISTS (SELECT 1 FROM [dbo].[CARRIER] WHERE [carrier_id] = N'CARR_0001')
    INSERT INTO [dbo].[CARRIER] ([carrier_id], [email], [phone_number], [company_name], [business_license], [tax_code], [vehicle_list], [cold_chain_cert], [reputation_score], [created_at]) VALUES (N'CARR_0001', N'logistics1@transport.vn', 917350753, N'Vận Tải Thành Công', N'LC-838797', 415855124, N'Truck A1, A2', N'ISO 23412', 3.9, N'2025-01-01 00:00:00');
IF NOT EXISTS (SELECT 1 FROM [dbo].[CARRIER] WHERE [carrier_id] = N'CARR_0002')
    INSERT INTO [dbo].[CARRIER] ([carrier_id], [email], [phone_number], [company_name], [business_license], [tax_code], [vehicle_list], [cold_chain_cert], [reputation_score], [created_at]) VALUES (N'CARR_0002', N'logistics2@transport.vn', 912322047, N'Logistics Toàn Cầu', N'LC-172933', 412338687, N'Reefer B1', N'ISO 23412, HACCP', 4.3, N'2025-01-02 00:00:00');
IF NOT EXISTS (SELECT 1 FROM [dbo].[CARRIER] WHERE [carrier_id] = N'CARR_0003')
    INSERT INTO [dbo].[CARRIER] ([carrier_id], [email], [phone_number], [company_name], [business_license], [tax_code], [vehicle_list], [cold_chain_cert], [reputation_score], [created_at]) VALUES (N'CARR_0003', N'logistics3@transport.vn', 915918715, N'Giao Hàng Nhanh 247', N'LC-148050', 414905582, N'Truck C1, C2, C3', NULL, 4.0, N'2025-01-03 00:00:00');
IF NOT EXISTS (SELECT 1 FROM [dbo].[CARRIER] WHERE [carrier_id] = N'CARR_0004')
    INSERT INTO [dbo].[CARRIER] ([carrier_id], [email], [phone_number], [company_name], [business_license], [tax_code], [vehicle_list], [cold_chain_cert], [reputation_score], [created_at]) VALUES (N'CARR_0004', N'logistics4@transport.vn', 917067228, N'Chuỗi Lạnh Á Châu', N'LC-793384', 412694522, N'Reefer D1, D2', N'ISO 23412', 4.0, N'2025-01-04 00:00:00');
IF NOT EXISTS (SELECT 1 FROM [dbo].[CARRIER] WHERE [carrier_id] = N'CARR_0005')
    INSERT INTO [dbo].[CARRIER] ([carrier_id], [email], [phone_number], [company_name], [business_license], [tax_code], [vehicle_list], [cold_chain_cert], [reputation_score], [created_at]) VALUES (N'CARR_0005', N'logistics5@transport.vn', 914226067, N'Vận Chuyển Xanh', N'LC-338968', 417377459, N'Truck E1', NULL, 3.8, N'2025-01-05 00:00:00');

-- CUSTOMER
IF NOT EXISTS (SELECT 1 FROM [dbo].[CUSTOMER] WHERE [customer_id] = N'CUST_0001')
    INSERT INTO [dbo].[CUSTOMER] ([customer_id], [email], [phone_number], [full_name], [origin_location], [customer_type], [created_at]) VALUES (N'CUST_0001', N'user1@gmail.com', 985479144, N'Khách Hàng 1', N'Hà Nội', N'Individual', N'2025-02-01 00:00:00');
IF NOT EXISTS (SELECT 1 FROM [dbo].[CUSTOMER] WHERE [customer_id] = N'CUST_0002')
    INSERT INTO [dbo].[CUSTOMER] ([customer_id], [email], [phone_number], [full_name], [origin_location], [customer_type], [created_at]) VALUES (N'CUST_0002', N'user2@gmail.com', 982197935, N'Khách Hàng 2', N'Đà Nẵng', N'Individual', N'2025-02-02 00:00:00');
IF NOT EXISTS (SELECT 1 FROM [dbo].[CUSTOMER] WHERE [customer_id] = N'CUST_0003')
    INSERT INTO [dbo].[CUSTOMER] ([customer_id], [email], [phone_number], [full_name], [origin_location], [customer_type], [created_at]) VALUES (N'CUST_0003', N'user3@gmail.com', 983871230, N'Khách Hàng 3', N'Hải Phòng', N'Individual', N'2025-02-03 00:00:00');
IF NOT EXISTS (SELECT 1 FROM [dbo].[CUSTOMER] WHERE [customer_id] = N'CUST_0004')
    INSERT INTO [dbo].[CUSTOMER] ([customer_id], [email], [phone_number], [full_name], [origin_location], [customer_type], [created_at]) VALUES (N'CUST_0004', N'user4@gmail.com', 989961380, N'Khách Hàng 4', N'Cần Thơ', N'Individual', N'2025-02-04 00:00:00');
IF NOT EXISTS (SELECT 1 FROM [dbo].[CUSTOMER] WHERE [customer_id] = N'CUST_0005')
    INSERT INTO [dbo].[CUSTOMER] ([customer_id], [email], [phone_number], [full_name], [origin_location], [customer_type], [created_at]) VALUES (N'CUST_0005', N'user5@gmail.com', 985107245, N'Khách Hàng 5', N'Hồ Chí Minh', N'Individual', N'2025-02-05 00:00:00');
IF NOT EXISTS (SELECT 1 FROM [dbo].[CUSTOMER] WHERE [customer_id] = N'CUST_0006')
    INSERT INTO [dbo].[CUSTOMER] ([customer_id], [email], [phone_number], [full_name], [origin_location], [customer_type], [created_at]) VALUES (N'CUST_0006', N'user6@gmail.com', 983741438, N'Khách Hàng 6', N'Hồ Chí Minh', N'Individual', N'2025-02-06 00:00:00');
IF NOT EXISTS (SELECT 1 FROM [dbo].[CUSTOMER] WHERE [customer_id] = N'CUST_0007')
    INSERT INTO [dbo].[CUSTOMER] ([customer_id], [email], [phone_number], [full_name], [origin_location], [customer_type], [created_at]) VALUES (N'CUST_0007', N'user7@gmail.com', 988755439, N'Khách Hàng 7', N'Cần Thơ', N'Enterprise', N'2025-02-07 00:00:00');
IF NOT EXISTS (SELECT 1 FROM [dbo].[CUSTOMER] WHERE [customer_id] = N'CUST_0008')
    INSERT INTO [dbo].[CUSTOMER] ([customer_id], [email], [phone_number], [full_name], [origin_location], [customer_type], [created_at]) VALUES (N'CUST_0008', N'user8@gmail.com', 987366205, N'Khách Hàng 8', N'Đà Nẵng', N'Individual', N'2025-02-08 00:00:00');
IF NOT EXISTS (SELECT 1 FROM [dbo].[CUSTOMER] WHERE [customer_id] = N'CUST_0009')
    INSERT INTO [dbo].[CUSTOMER] ([customer_id], [email], [phone_number], [full_name], [origin_location], [customer_type], [created_at]) VALUES (N'CUST_0009', N'user9@gmail.com', 985528972, N'Khách Hàng 9', N'Cần Thơ', N'Individual', N'2025-02-09 00:00:00');
IF NOT EXISTS (SELECT 1 FROM [dbo].[CUSTOMER] WHERE [customer_id] = N'CUST_0010')
    INSERT INTO [dbo].[CUSTOMER] ([customer_id], [email], [phone_number], [full_name], [origin_location], [customer_type], [created_at]) VALUES (N'CUST_0010', N'user10@gmail.com', 984684531, N'Khách Hàng 10', N'Đà Nẵng', N'Enterprise', N'2025-02-10 00:00:00');
IF NOT EXISTS (SELECT 1 FROM [dbo].[CUSTOMER] WHERE [customer_id] = N'CUST_0011')
    INSERT INTO [dbo].[CUSTOMER] ([customer_id], [email], [phone_number], [full_name], [origin_location], [customer_type], [created_at]) VALUES (N'CUST_0011', N'user11@gmail.com', 986440561, N'Khách Hàng 11', N'Đà Nẵng', N'Individual', N'2025-02-11 00:00:00');
IF NOT EXISTS (SELECT 1 FROM [dbo].[CUSTOMER] WHERE [customer_id] = N'CUST_0012')
    INSERT INTO [dbo].[CUSTOMER] ([customer_id], [email], [phone_number], [full_name], [origin_location], [customer_type], [created_at]) VALUES (N'CUST_0012', N'user12@gmail.com', 981938483, N'Khách Hàng 12', N'Hà Nội', N'Individual', N'2025-02-12 00:00:00');
IF NOT EXISTS (SELECT 1 FROM [dbo].[CUSTOMER] WHERE [customer_id] = N'CUST_0013')
    INSERT INTO [dbo].[CUSTOMER] ([customer_id], [email], [phone_number], [full_name], [origin_location], [customer_type], [created_at]) VALUES (N'CUST_0013', N'user13@gmail.com', 984842788, N'Khách Hàng 13', N'Hải Phòng', N'Individual', N'2025-02-13 00:00:00');
IF NOT EXISTS (SELECT 1 FROM [dbo].[CUSTOMER] WHERE [customer_id] = N'CUST_0014')
    INSERT INTO [dbo].[CUSTOMER] ([customer_id], [email], [phone_number], [full_name], [origin_location], [customer_type], [created_at]) VALUES (N'CUST_0014', N'user14@gmail.com', 981538552, N'Khách Hàng 14', N'Hồ Chí Minh', N'Individual', N'2025-02-14 00:00:00');
IF NOT EXISTS (SELECT 1 FROM [dbo].[CUSTOMER] WHERE [customer_id] = N'CUST_0015')
    INSERT INTO [dbo].[CUSTOMER] ([customer_id], [email], [phone_number], [full_name], [origin_location], [customer_type], [created_at]) VALUES (N'CUST_0015', N'user15@gmail.com', 986292423, N'Khách Hàng 15', N'Đà Nẵng', N'Individual', N'2025-02-15 00:00:00');
IF NOT EXISTS (SELECT 1 FROM [dbo].[CUSTOMER] WHERE [customer_id] = N'CUST_0016')
    INSERT INTO [dbo].[CUSTOMER] ([customer_id], [email], [phone_number], [full_name], [origin_location], [customer_type], [created_at]) VALUES (N'CUST_0016', N'user16@gmail.com', 987730428, N'Khách Hàng 16', N'Cần Thơ', N'Individual', N'2025-02-16 00:00:00');
IF NOT EXISTS (SELECT 1 FROM [dbo].[CUSTOMER] WHERE [customer_id] = N'CUST_0017')
    INSERT INTO [dbo].[CUSTOMER] ([customer_id], [email], [phone_number], [full_name], [origin_location], [customer_type], [created_at]) VALUES (N'CUST_0017', N'user17@gmail.com', 985491946, N'Khách Hàng 17', N'Hải Phòng', N'Individual', N'2025-02-17 00:00:00');
IF NOT EXISTS (SELECT 1 FROM [dbo].[CUSTOMER] WHERE [customer_id] = N'CUST_0018')
    INSERT INTO [dbo].[CUSTOMER] ([customer_id], [email], [phone_number], [full_name], [origin_location], [customer_type], [created_at]) VALUES (N'CUST_0018', N'user18@gmail.com', 982110460, N'Khách Hàng 18', N'Hồ Chí Minh', N'Individual', N'2025-02-18 00:00:00');
IF NOT EXISTS (SELECT 1 FROM [dbo].[CUSTOMER] WHERE [customer_id] = N'CUST_0019')
    INSERT INTO [dbo].[CUSTOMER] ([customer_id], [email], [phone_number], [full_name], [origin_location], [customer_type], [created_at]) VALUES (N'CUST_0019', N'user19@gmail.com', 984539704, N'Khách Hàng 19', N'Hồ Chí Minh', N'Enterprise', N'2025-02-19 00:00:00');
IF NOT EXISTS (SELECT 1 FROM [dbo].[CUSTOMER] WHERE [customer_id] = N'CUST_0020')
    INSERT INTO [dbo].[CUSTOMER] ([customer_id], [email], [phone_number], [full_name], [origin_location], [customer_type], [created_at]) VALUES (N'CUST_0020', N'user20@gmail.com', 986279418, N'Khách Hàng 20', N'Cần Thơ', N'Individual', N'2025-02-20 00:00:00');

-- BATCH_NFT
IF NOT EXISTS (SELECT 1 FROM [dbo].[BATCH_NFT] WHERE [tokenId] = N'NFT_00001')
    INSERT INTO [dbo].[BATCH_NFT] ([tokenId], [producer_id], [productName], [origin], [harvestDate], [certification], [batchNumber], [blockchain_tx_hash], [smart_contract_address], [metadata_ipfs_cid], [created_at]) VALUES (N'NFT_00001', N'PROD_0006', N'Gạo ST25', N'Tiền Giang', N'2026-03-26 00:00:00', N'VietGAP', N'BATCH-7882', N'0x5f4d1179a2cf138699c6e49690f1ca413826b7044d134c9c3132420c9de77464', N'0x71C7656EC7ab88b098defB751B7401B5f6d8976F', N'QmnRwJHBj1Y43UJTLNqq89dmf9j6ddPuL3fSH6A2dmJee5', N'2026-03-25 07:00:00');
IF NOT EXISTS (SELECT 1 FROM [dbo].[BATCH_NFT] WHERE [tokenId] = N'NFT_00002')
    INSERT INTO [dbo].[BATCH_NFT] ([tokenId], [producer_id], [productName], [origin], [harvestDate], [certification], [batchNumber], [blockchain_tx_hash], [smart_contract_address], [metadata_ipfs_cid], [created_at]) VALUES (N'NFT_00002', N'PROD_0002', N'Vải thiều', N'Sơn La', N'2026-03-07 00:00:00', N'VietGAP', N'BATCH-9031', N'0x879eb903ad90cd9c2874f6df7651267a6c0141cdd0d7089770424e70acb4063d', N'0x71C7656EC7ab88b098defB751B7401B5f6d8976F', N'QmxYkxXkW2fXxGCqqa5XKbVwLB2XP6yYHBm9xg4xBiJ69t', N'2026-03-25 23:00:00');
IF NOT EXISTS (SELECT 1 FROM [dbo].[BATCH_NFT] WHERE [tokenId] = N'NFT_00003')
    INSERT INTO [dbo].[BATCH_NFT] ([tokenId], [producer_id], [productName], [origin], [harvestDate], [certification], [batchNumber], [blockchain_tx_hash], [smart_contract_address], [metadata_ipfs_cid], [created_at]) VALUES (N'NFT_00003', N'PROD_0007', N'Vải thiều', N'Cà Mau', N'2026-03-05 00:00:00', N'GlobalGAP', N'BATCH-2729', N'0x1fa2e4b6777239b21cd5c40bd9ad775c6edf36d657e6fca2f2f51d1e02df1c49', N'0x71C7656EC7ab88b098defB751B7401B5f6d8976F', N'QmFwu4EbEWWxGKZ42du2Za6me8ZSrWn9YAFxxZ3pxdeA4v', N'2026-03-21 01:00:00');
IF NOT EXISTS (SELECT 1 FROM [dbo].[BATCH_NFT] WHERE [tokenId] = N'NFT_00004')
    INSERT INTO [dbo].[BATCH_NFT] ([tokenId], [producer_id], [productName], [origin], [harvestDate], [certification], [batchNumber], [blockchain_tx_hash], [smart_contract_address], [metadata_ipfs_cid], [created_at]) VALUES (N'NFT_00004', N'PROD_0009', N'Gạo ST25', N'Kiên Giang', N'2026-03-01 00:00:00', N'VietGAP', N'BATCH-8102', N'0x615a8fae7893a431fcb1240505636a2296a793a7ae7481ff4fb74fd1654b0d60', N'0x71C7656EC7ab88b098defB751B7401B5f6d8976F', N'QmGFgzqDqHAX56hqjzsDWotwdyiGfKDxLv8vc11BZhVP5s', N'2026-04-04 07:00:00');
IF NOT EXISTS (SELECT 1 FROM [dbo].[BATCH_NFT] WHERE [tokenId] = N'NFT_00005')
    INSERT INTO [dbo].[BATCH_NFT] ([tokenId], [producer_id], [productName], [origin], [harvestDate], [certification], [batchNumber], [blockchain_tx_hash], [smart_contract_address], [metadata_ipfs_cid], [created_at]) VALUES (N'NFT_00005', N'PROD_0006', N'Tôm sú', N'Đồng Tháp', N'2026-03-02 00:00:00', N'VietGAP', N'BATCH-6934', N'0xdcfebdec3c334cca21a0c052e563ce5842eff4dc71c3aa6d816415b46a5a79f5', N'0x71C7656EC7ab88b098defB751B7401B5f6d8976F', N'QmeYtpS8yNbPqpz8NC1kkgiCpdoDyy3Vhc1ze7HWACjfbB', N'2026-03-28 18:00:00');
IF NOT EXISTS (SELECT 1 FROM [dbo].[BATCH_NFT] WHERE [tokenId] = N'NFT_00006')
    INSERT INTO [dbo].[BATCH_NFT] ([tokenId], [producer_id], [productName], [origin], [harvestDate], [certification], [batchNumber], [blockchain_tx_hash], [smart_contract_address], [metadata_ipfs_cid], [created_at]) VALUES (N'NFT_00006', N'PROD_0002', N'Thanh long đỏ', N'Kiên Giang', N'2026-03-08 00:00:00', N'GlobalGAP', N'BATCH-8532', N'0x9aa7ba100f13865fb89bead9f4b3735f5ea04ffd13af05fc3d89d3cc94ff8c1d', N'0x71C7656EC7ab88b098defB751B7401B5f6d8976F', N'Qmbk8wrtjGr2ygcgt1RgerKqQ8XVX3i3vXKPLtozEgxvCL', N'2026-03-21 09:00:00');
IF NOT EXISTS (SELECT 1 FROM [dbo].[BATCH_NFT] WHERE [tokenId] = N'NFT_00007')
    INSERT INTO [dbo].[BATCH_NFT] ([tokenId], [producer_id], [productName], [origin], [harvestDate], [certification], [batchNumber], [blockchain_tx_hash], [smart_contract_address], [metadata_ipfs_cid], [created_at]) VALUES (N'NFT_00007', N'PROD_0004', N'Thanh long đỏ', N'Bình Thuận', N'2026-03-16 00:00:00', N'VietGAP', N'BATCH-3506', N'0x25c9042611759739bea4a0fd61b7e52299b69486c1ae8d6e6d6b554fa7116b52', N'0x71C7656EC7ab88b098defB751B7401B5f6d8976F', N'Qm4d2S2owqFUxqpXE5bS6S8yvNthn4o4cS644rQcQsndTT', N'2026-03-20 15:00:00');
IF NOT EXISTS (SELECT 1 FROM [dbo].[BATCH_NFT] WHERE [tokenId] = N'NFT_00008')
    INSERT INTO [dbo].[BATCH_NFT] ([tokenId], [producer_id], [productName], [origin], [harvestDate], [certification], [batchNumber], [blockchain_tx_hash], [smart_contract_address], [metadata_ipfs_cid], [created_at]) VALUES (N'NFT_00008', N'PROD_0002', N'Cà phê Robusta', N'Lâm Đồng', N'2026-03-20 00:00:00', N'GlobalGAP', N'BATCH-8135', N'0x0f8a6df6e0441827d5814368c9a89ab04ce522a1bf1867245f9e2c0176963851', N'0x71C7656EC7ab88b098defB751B7401B5f6d8976F', N'QmRc6eg2Wb71ibqu8WMUdB838aWeMaY9UbHyXf9EpZ4Lye', N'2026-04-02 12:00:00');
IF NOT EXISTS (SELECT 1 FROM [dbo].[BATCH_NFT] WHERE [tokenId] = N'NFT_00009')
    INSERT INTO [dbo].[BATCH_NFT] ([tokenId], [producer_id], [productName], [origin], [harvestDate], [certification], [batchNumber], [blockchain_tx_hash], [smart_contract_address], [metadata_ipfs_cid], [created_at]) VALUES (N'NFT_00009', N'PROD_0010', N'Vải thiều', N'Đồng Tháp', N'2026-03-28 00:00:00', N'VietGAP', N'BATCH-3885', N'0xa9843f03fcc41762838a56b671566a46f2f7b561661db3c1a83c5fa21422c1fa', N'0x71C7656EC7ab88b098defB751B7401B5f6d8976F', N'QmC4BUhUhrZLJL7suVvehUDUmpoNQp11MZ9SduMyCHDGBr', N'2026-03-26 08:00:00');
IF NOT EXISTS (SELECT 1 FROM [dbo].[BATCH_NFT] WHERE [tokenId] = N'NFT_00010')
    INSERT INTO [dbo].[BATCH_NFT] ([tokenId], [producer_id], [productName], [origin], [harvestDate], [certification], [batchNumber], [blockchain_tx_hash], [smart_contract_address], [metadata_ipfs_cid], [created_at]) VALUES (N'NFT_00010', N'PROD_0010', N'Cà phê Robusta', N'Lâm Đồng', N'2026-03-25 00:00:00', N'Organic', N'BATCH-9548', N'0x799aeaf5f577ac9517054af1969fb0e9398f7cdf1a0bf895e6ca0a55864df921', N'0x71C7656EC7ab88b098defB751B7401B5f6d8976F', N'QmFCBG6q8etLDTNNAXodSi7t8BXhKRdvmbrJ9FdH8WaVjn', N'2026-03-20 07:00:00');
IF NOT EXISTS (SELECT 1 FROM [dbo].[BATCH_NFT] WHERE [tokenId] = N'NFT_00011')
    INSERT INTO [dbo].[BATCH_NFT] ([tokenId], [producer_id], [productName], [origin], [harvestDate], [certification], [batchNumber], [blockchain_tx_hash], [smart_contract_address], [metadata_ipfs_cid], [created_at]) VALUES (N'NFT_00011', N'PROD_0010', N'Sầu riêng Ri6', N'Bến Tre', N'2026-03-03 00:00:00', N'GlobalGAP', N'BATCH-5425', N'0xae4aa2b18a52bffe1a804f5c3f24c88b8ae9922b9eb05bf9cc33fce3a97cc862', N'0x71C7656EC7ab88b098defB751B7401B5f6d8976F', N'QmncAPtkNXBiXVxUaeneDtTEDRNAqF5kJXE3WLTSNVG2SG', N'2026-03-22 06:00:00');
IF NOT EXISTS (SELECT 1 FROM [dbo].[BATCH_NFT] WHERE [tokenId] = N'NFT_00012')
    INSERT INTO [dbo].[BATCH_NFT] ([tokenId], [producer_id], [productName], [origin], [harvestDate], [certification], [batchNumber], [blockchain_tx_hash], [smart_contract_address], [metadata_ipfs_cid], [created_at]) VALUES (N'NFT_00012', N'PROD_0006', N'Cà phê Robusta', N'Lâm Đồng', N'2026-03-15 00:00:00', N'Organic', N'BATCH-9817', N'0x39d075eb811278d1edee66561351b520e7dc79e032f96c313a91d78a9b40592a', N'0x71C7656EC7ab88b098defB751B7401B5f6d8976F', N'Qm5uJWY5HE7MYLgFkmrCc8riYGmHMzwpk1ezxsEiDEbZUp', N'2026-03-20 20:00:00');
IF NOT EXISTS (SELECT 1 FROM [dbo].[BATCH_NFT] WHERE [tokenId] = N'NFT_00013')
    INSERT INTO [dbo].[BATCH_NFT] ([tokenId], [producer_id], [productName], [origin], [harvestDate], [certification], [batchNumber], [blockchain_tx_hash], [smart_contract_address], [metadata_ipfs_cid], [created_at]) VALUES (N'NFT_00013', N'PROD_0005', N'Tôm sú', N'Kiên Giang', N'2026-03-14 00:00:00', N'Organic', N'BATCH-8921', N'0x85f8c80d065b513a19c255adaf722bf03ce546d70a4d0a4c667f52b5c4166f24', N'0x71C7656EC7ab88b098defB751B7401B5f6d8976F', N'QmL5rRwRSr29sJjVfMERkmhJbZ29yzZouaPPx4PULxeJAg', N'2026-03-29 11:00:00');
IF NOT EXISTS (SELECT 1 FROM [dbo].[BATCH_NFT] WHERE [tokenId] = N'NFT_00014')
    INSERT INTO [dbo].[BATCH_NFT] ([tokenId], [producer_id], [productName], [origin], [harvestDate], [certification], [batchNumber], [blockchain_tx_hash], [smart_contract_address], [metadata_ipfs_cid], [created_at]) VALUES (N'NFT_00014', N'PROD_0002', N'Xoài Cát Hòa Lộc', N'Đồng Tháp', N'2026-03-29 00:00:00', N'VietGAP', N'BATCH-8616', N'0x1547b277be96ac0a68b20da723a5f0275712554f028e1cb39bf3212bfcffab84', N'0x71C7656EC7ab88b098defB751B7401B5f6d8976F', N'QmBpb2CuPCHXTN1KuPz8RkPuCsJpfAaJCiTCzSpcFLaVT3', N'2026-03-26 23:00:00');
IF NOT EXISTS (SELECT 1 FROM [dbo].[BATCH_NFT] WHERE [tokenId] = N'NFT_00015')
    INSERT INTO [dbo].[BATCH_NFT] ([tokenId], [producer_id], [productName], [origin], [harvestDate], [certification], [batchNumber], [blockchain_tx_hash], [smart_contract_address], [metadata_ipfs_cid], [created_at]) VALUES (N'NFT_00015', N'PROD_0004', N'Tôm sú', N'Bến Tre', N'2026-03-21 00:00:00', N'Organic', N'BATCH-8136', N'0x42bb253fc37597f2e16b7669251782d89c28dd842e3f8413f4a91a9929e5e0d1', N'0x71C7656EC7ab88b098defB751B7401B5f6d8976F', N'Qm6evMqnPprRBcSPfh6h3tAtYf4juuQm8NkWnQAD32egTL', N'2026-03-25 17:00:00');
IF NOT EXISTS (SELECT 1 FROM [dbo].[BATCH_NFT] WHERE [tokenId] = N'NFT_00016')
    INSERT INTO [dbo].[BATCH_NFT] ([tokenId], [producer_id], [productName], [origin], [harvestDate], [certification], [batchNumber], [blockchain_tx_hash], [smart_contract_address], [metadata_ipfs_cid], [created_at]) VALUES (N'NFT_00016', N'PROD_0010', N'Cà phê Robusta', N'Long An', N'2026-03-19 00:00:00', N'GlobalGAP', N'BATCH-5397', N'0xfc43990e8a43c67b26752d5f56c8131720fd6fedeb32f7e716739049da401245', N'0x71C7656EC7ab88b098defB751B7401B5f6d8976F', N'QmQC3Fi8fTT5fiSUHAqcB8kAf1GSBitXS3dXff6hSb3NCF', N'2026-03-21 14:00:00');
IF NOT EXISTS (SELECT 1 FROM [dbo].[BATCH_NFT] WHERE [tokenId] = N'NFT_00017')
    INSERT INTO [dbo].[BATCH_NFT] ([tokenId], [producer_id], [productName], [origin], [harvestDate], [certification], [batchNumber], [blockchain_tx_hash], [smart_contract_address], [metadata_ipfs_cid], [created_at]) VALUES (N'NFT_00017', N'PROD_0009', N'Tôm sú', N'Đồng Tháp', N'2026-03-07 00:00:00', N'GlobalGAP', N'BATCH-6280', N'0x600854678d99215f8529600bc82e2e569d98879705164eda94af93078bc6d39b', N'0x71C7656EC7ab88b098defB751B7401B5f6d8976F', N'QmuC121pg4x6qfi3WpKddwPRE7K1e1DDfHd3tQmVzinvaF', N'2026-03-28 08:00:00');
IF NOT EXISTS (SELECT 1 FROM [dbo].[BATCH_NFT] WHERE [tokenId] = N'NFT_00018')
    INSERT INTO [dbo].[BATCH_NFT] ([tokenId], [producer_id], [productName], [origin], [harvestDate], [certification], [batchNumber], [blockchain_tx_hash], [smart_contract_address], [metadata_ipfs_cid], [created_at]) VALUES (N'NFT_00018', N'PROD_0003', N'Vải thiều', N'Bình Thuận', N'2026-03-23 00:00:00', N'Organic', N'BATCH-5022', N'0x37663897dbb88f76f788adac47f44ffcbb778eb498e65c20f1eab3d4841b30e3', N'0x71C7656EC7ab88b098defB751B7401B5f6d8976F', N'Qm6KdPvm8Bmgyf42uTWkWh12m8ERF58VCNeEjzSs8Kn3nR', N'2026-03-24 09:00:00');
IF NOT EXISTS (SELECT 1 FROM [dbo].[BATCH_NFT] WHERE [tokenId] = N'NFT_00019')
    INSERT INTO [dbo].[BATCH_NFT] ([tokenId], [producer_id], [productName], [origin], [harvestDate], [certification], [batchNumber], [blockchain_tx_hash], [smart_contract_address], [metadata_ipfs_cid], [created_at]) VALUES (N'NFT_00019', N'PROD_0003', N'Cà phê Robusta', N'Lâm Đồng', N'2026-03-23 00:00:00', N'VietGAP', N'BATCH-2419', N'0x3157a2ff2ae7ac440ca3bd0e6de0dc2bd4049e57a8e284c5bab054a39a66561f', N'0x71C7656EC7ab88b098defB751B7401B5f6d8976F', N'QmpkEjLC4vzohDsXBd4Vx4zw8BYoCWRUACRcJayCsUxMNU', N'2026-03-17 09:00:00');
IF NOT EXISTS (SELECT 1 FROM [dbo].[BATCH_NFT] WHERE [tokenId] = N'NFT_00020')
    INSERT INTO [dbo].[BATCH_NFT] ([tokenId], [producer_id], [productName], [origin], [harvestDate], [certification], [batchNumber], [blockchain_tx_hash], [smart_contract_address], [metadata_ipfs_cid], [created_at]) VALUES (N'NFT_00020', N'PROD_0006', N'Cà phê Robusta', N'Đồng Tháp', N'2026-03-13 00:00:00', N'GlobalGAP', N'BATCH-5569', N'0x7e0674599453a72aeecbaf53f77f5beccdca9c885e1de382d7ab7e702698a404', N'0x71C7656EC7ab88b098defB751B7401B5f6d8976F', N'QmRcSAxUmR5uJYZBPJHZULiCv1rjNQRPkPJz5tz8wAmxmk', N'2026-04-04 20:00:00');
IF NOT EXISTS (SELECT 1 FROM [dbo].[BATCH_NFT] WHERE [tokenId] = N'NFT_00021')
    INSERT INTO [dbo].[BATCH_NFT] ([tokenId], [producer_id], [productName], [origin], [harvestDate], [certification], [batchNumber], [blockchain_tx_hash], [smart_contract_address], [metadata_ipfs_cid], [created_at]) VALUES (N'NFT_00021', N'PROD_0001', N'Xoài Cát Hòa Lộc', N'Tiền Giang', N'2026-03-16 00:00:00', N'Organic', N'BATCH-8385', N'0x0316b80ef7422abf5e7e61fd2d1f62fdcf7b663723ec0a9ee3197ad3078cc2f3', N'0x71C7656EC7ab88b098defB751B7401B5f6d8976F', N'QmMidN4PRFUvMh2f9cw9FafA76iPhy5usARhWXtajkvs7a', N'2026-03-31 03:00:00');
IF NOT EXISTS (SELECT 1 FROM [dbo].[BATCH_NFT] WHERE [tokenId] = N'NFT_00022')
    INSERT INTO [dbo].[BATCH_NFT] ([tokenId], [producer_id], [productName], [origin], [harvestDate], [certification], [batchNumber], [blockchain_tx_hash], [smart_contract_address], [metadata_ipfs_cid], [created_at]) VALUES (N'NFT_00022', N'PROD_0008', N'Sầu riêng Ri6', N'Đắk Lắk', N'2026-03-13 00:00:00', N'Organic', N'BATCH-4995', N'0xe99cd3ef86489b2a805a68b642833d2706686451758d06901c9a33e4e33bbceb', N'0x71C7656EC7ab88b098defB751B7401B5f6d8976F', N'QmopGDkh1AV6mRRHRBB8VW7ZDCkoCzsSu7d55842EVm1Gx', N'2026-04-04 04:00:00');
IF NOT EXISTS (SELECT 1 FROM [dbo].[BATCH_NFT] WHERE [tokenId] = N'NFT_00023')
    INSERT INTO [dbo].[BATCH_NFT] ([tokenId], [producer_id], [productName], [origin], [harvestDate], [certification], [batchNumber], [blockchain_tx_hash], [smart_contract_address], [metadata_ipfs_cid], [created_at]) VALUES (N'NFT_00023', N'PROD_0009', N'Xoài Cát Hòa Lộc', N'Bến Tre', N'2026-03-08 00:00:00', N'GlobalGAP', N'BATCH-8613', N'0xb63547a45e7cbc5350db089b433938f5c7bb7b5282eff8d1d002a12370aeea08', N'0x71C7656EC7ab88b098defB751B7401B5f6d8976F', N'Qmfn3DnNXxGVkcLgLKEMQcyso1sQqv28XxkFTgsWf1ewKd', N'2026-03-18 21:00:00');
IF NOT EXISTS (SELECT 1 FROM [dbo].[BATCH_NFT] WHERE [tokenId] = N'NFT_00024')
    INSERT INTO [dbo].[BATCH_NFT] ([tokenId], [producer_id], [productName], [origin], [harvestDate], [certification], [batchNumber], [blockchain_tx_hash], [smart_contract_address], [metadata_ipfs_cid], [created_at]) VALUES (N'NFT_00024', N'PROD_0010', N'Tôm sú', N'Lâm Đồng', N'2026-03-05 00:00:00', N'Organic', N'BATCH-7209', N'0x60b848b6f2e83945c1f73b4d1fa0667ab1da5ffee3eb94ea48a2d032dde499da', N'0x71C7656EC7ab88b098defB751B7401B5f6d8976F', N'QmsyjgEVjoMwwUfh6Pcissni2V6qzzUtxUYFAwh7z2vKPH', N'2026-03-25 09:00:00');
IF NOT EXISTS (SELECT 1 FROM [dbo].[BATCH_NFT] WHERE [tokenId] = N'NFT_00025')
    INSERT INTO [dbo].[BATCH_NFT] ([tokenId], [producer_id], [productName], [origin], [harvestDate], [certification], [batchNumber], [blockchain_tx_hash], [smart_contract_address], [metadata_ipfs_cid], [created_at]) VALUES (N'NFT_00025', N'PROD_0006', N'Gạo ST25', N'Kiên Giang', N'2026-03-21 00:00:00', N'Organic', N'BATCH-6511', N'0x86bcb1b5131999f5ac7386296c43146c2651f7c116881189cd06cb8f38a24422', N'0x71C7656EC7ab88b098defB751B7401B5f6d8976F', N'QmifxffvdVoLDav4LukjenySEGH7LbBwa8KPjKbCPRmow8', N'2026-03-15 03:00:00');
IF NOT EXISTS (SELECT 1 FROM [dbo].[BATCH_NFT] WHERE [tokenId] = N'NFT_00026')
    INSERT INTO [dbo].[BATCH_NFT] ([tokenId], [producer_id], [productName], [origin], [harvestDate], [certification], [batchNumber], [blockchain_tx_hash], [smart_contract_address], [metadata_ipfs_cid], [created_at]) VALUES (N'NFT_00026', N'PROD_0002', N'Cà phê Robusta', N'Tiền Giang', N'2026-03-23 00:00:00', N'Organic', N'BATCH-1470', N'0x44c5fb797206d6d76da949b7265bafc54c5e3f2c0bf3cd1dca2442667998ed60', N'0x71C7656EC7ab88b098defB751B7401B5f6d8976F', N'Qmfb71rKpJDg9Hkrq2KWgGradDHy4o9irwEjvnrjJpuA2P', N'2026-03-21 19:00:00');
IF NOT EXISTS (SELECT 1 FROM [dbo].[BATCH_NFT] WHERE [tokenId] = N'NFT_00027')
    INSERT INTO [dbo].[BATCH_NFT] ([tokenId], [producer_id], [productName], [origin], [harvestDate], [certification], [batchNumber], [blockchain_tx_hash], [smart_contract_address], [metadata_ipfs_cid], [created_at]) VALUES (N'NFT_00027', N'PROD_0007', N'Cà phê Robusta', N'Cà Mau', N'2026-03-01 00:00:00', N'GlobalGAP', N'BATCH-9098', N'0xfbc9e13a299aaf5c113b8b357ab2f74e1db55c851b710b051ceb88567ca2a6be', N'0x71C7656EC7ab88b098defB751B7401B5f6d8976F', N'QmRUMP5jHvhY6Kns4wJeaSUuDoCeNr6nrNygA4MUw7WLS9', N'2026-04-03 01:00:00');
IF NOT EXISTS (SELECT 1 FROM [dbo].[BATCH_NFT] WHERE [tokenId] = N'NFT_00028')
    INSERT INTO [dbo].[BATCH_NFT] ([tokenId], [producer_id], [productName], [origin], [harvestDate], [certification], [batchNumber], [blockchain_tx_hash], [smart_contract_address], [metadata_ipfs_cid], [created_at]) VALUES (N'NFT_00028', N'PROD_0010', N'Gạo ST25', N'Cà Mau', N'2026-03-29 00:00:00', N'VietGAP', N'BATCH-6325', N'0x76034bc9c8531a7f5661572ace9a53152699678ee2242d9df7368a67b729c303', N'0x71C7656EC7ab88b098defB751B7401B5f6d8976F', N'QmiF7QJbBkmzf6TpPdS178euEbzUh6bPzhJ8KisYQhPpnX', N'2026-04-04 18:00:00');
IF NOT EXISTS (SELECT 1 FROM [dbo].[BATCH_NFT] WHERE [tokenId] = N'NFT_00029')
    INSERT INTO [dbo].[BATCH_NFT] ([tokenId], [producer_id], [productName], [origin], [harvestDate], [certification], [batchNumber], [blockchain_tx_hash], [smart_contract_address], [metadata_ipfs_cid], [created_at]) VALUES (N'NFT_00029', N'PROD_0002', N'Tôm sú', N'Bình Thuận', N'2026-03-25 00:00:00', N'GlobalGAP', N'BATCH-3979', N'0x4c9c78948f8cc736ba3d04d1d1c3bbd969cdc9892f49f8ed2c604ab2253d62aa', N'0x71C7656EC7ab88b098defB751B7401B5f6d8976F', N'Qm4qYpekDf7rh1SK3ae6Fk58JyAyfF3wuJX9VKuzcWgf33', N'2026-03-25 20:00:00');
IF NOT EXISTS (SELECT 1 FROM [dbo].[BATCH_NFT] WHERE [tokenId] = N'NFT_00030')
    INSERT INTO [dbo].[BATCH_NFT] ([tokenId], [producer_id], [productName], [origin], [harvestDate], [certification], [batchNumber], [blockchain_tx_hash], [smart_contract_address], [metadata_ipfs_cid], [created_at]) VALUES (N'NFT_00030', N'PROD_0006', N'Sầu riêng Ri6', N'Long An', N'2026-03-28 00:00:00', N'GlobalGAP', N'BATCH-8988', N'0x61cc6bbe779dd1fabdc6fd75482dcec0ad0e27f6fee4de151aa0abc611319870', N'0x71C7656EC7ab88b098defB751B7401B5f6d8976F', N'Qm9rD8ZbHjRYGeATwgw9CdGdeiZeWApKnNxFGXgQL6un9o', N'2026-03-25 00:00:00');
IF NOT EXISTS (SELECT 1 FROM [dbo].[BATCH_NFT] WHERE [tokenId] = N'NFT_00031')
    INSERT INTO [dbo].[BATCH_NFT] ([tokenId], [producer_id], [productName], [origin], [harvestDate], [certification], [batchNumber], [blockchain_tx_hash], [smart_contract_address], [metadata_ipfs_cid], [created_at]) VALUES (N'NFT_00031', N'PROD_0007', N'Thanh long đỏ', N'Tiền Giang', N'2026-03-25 00:00:00', N'Organic', N'BATCH-4475', N'0x51db731c1546ddaa199253be973e21b56c3a39b4f0de3936acc363a1e0556d68', N'0x71C7656EC7ab88b098defB751B7401B5f6d8976F', N'QmG6yDxn8Xsbo6MaHG63KkBognYtQbGgif9ZGveNngRTSM', N'2026-03-25 13:00:00');
IF NOT EXISTS (SELECT 1 FROM [dbo].[BATCH_NFT] WHERE [tokenId] = N'NFT_00032')
    INSERT INTO [dbo].[BATCH_NFT] ([tokenId], [producer_id], [productName], [origin], [harvestDate], [certification], [batchNumber], [blockchain_tx_hash], [smart_contract_address], [metadata_ipfs_cid], [created_at]) VALUES (N'NFT_00032', N'PROD_0010', N'Gạo ST25', N'Bình Thuận', N'2026-03-29 00:00:00', N'Organic', N'BATCH-6813', N'0x27f1903ef64bc66a8211ef259caa46f33e190aa2020758d45bdb1e5684fa780d', N'0x71C7656EC7ab88b098defB751B7401B5f6d8976F', N'QmUHxXivEd6Jmrd5E6a5Hvo1xgw8VggX81Cq1RXMzfvzwg', N'2026-03-18 11:00:00');
IF NOT EXISTS (SELECT 1 FROM [dbo].[BATCH_NFT] WHERE [tokenId] = N'NFT_00033')
    INSERT INTO [dbo].[BATCH_NFT] ([tokenId], [producer_id], [productName], [origin], [harvestDate], [certification], [batchNumber], [blockchain_tx_hash], [smart_contract_address], [metadata_ipfs_cid], [created_at]) VALUES (N'NFT_00033', N'PROD_0010', N'Sầu riêng Ri6', N'Đắk Lắk', N'2026-03-04 00:00:00', N'Organic', N'BATCH-5232', N'0x22cea1b0d005e2f0cba33e5d91a03806edc41754cb35ffcb8c2e08ab05c6b43f', N'0x71C7656EC7ab88b098defB751B7401B5f6d8976F', N'Qm3TAvmuBN8M3VAyLgqrrHVG1dPvvxWtwtr41TJ7MiQ1RC', N'2026-03-18 19:00:00');
IF NOT EXISTS (SELECT 1 FROM [dbo].[BATCH_NFT] WHERE [tokenId] = N'NFT_00034')
    INSERT INTO [dbo].[BATCH_NFT] ([tokenId], [producer_id], [productName], [origin], [harvestDate], [certification], [batchNumber], [blockchain_tx_hash], [smart_contract_address], [metadata_ipfs_cid], [created_at]) VALUES (N'NFT_00034', N'PROD_0008', N'Thanh long đỏ', N'Đồng Tháp', N'2026-03-25 00:00:00', N'Organic', N'BATCH-6576', N'0x6ff2403d6e7b98a690a24de6d573f2c117515c77d1c4b93d2bf604d2fd8811c1', N'0x71C7656EC7ab88b098defB751B7401B5f6d8976F', N'QmXuQu1mFUNNtYGzfS9k1ti7H8RL2fxxz7VVg8knQjkp8x', N'2026-03-16 09:00:00');
IF NOT EXISTS (SELECT 1 FROM [dbo].[BATCH_NFT] WHERE [tokenId] = N'NFT_00035')
    INSERT INTO [dbo].[BATCH_NFT] ([tokenId], [producer_id], [productName], [origin], [harvestDate], [certification], [batchNumber], [blockchain_tx_hash], [smart_contract_address], [metadata_ipfs_cid], [created_at]) VALUES (N'NFT_00035', N'PROD_0007', N'Cà phê Robusta', N'Tiền Giang', N'2026-03-14 00:00:00', N'Organic', N'BATCH-5581', N'0x0c336af19e1f3ac1dc1f0e6b7665e47299a7e7166ac3f806b7c5954090c4c759', N'0x71C7656EC7ab88b098defB751B7401B5f6d8976F', N'Qmn8L1g4qRb1UH5RcjBH7GhfRUn6jcBrd97QGC92CsPXhy', N'2026-03-31 05:00:00');
IF NOT EXISTS (SELECT 1 FROM [dbo].[BATCH_NFT] WHERE [tokenId] = N'NFT_00036')
    INSERT INTO [dbo].[BATCH_NFT] ([tokenId], [producer_id], [productName], [origin], [harvestDate], [certification], [batchNumber], [blockchain_tx_hash], [smart_contract_address], [metadata_ipfs_cid], [created_at]) VALUES (N'NFT_00036', N'PROD_0008', N'Gạo ST25', N'Sơn La', N'2026-03-08 00:00:00', N'Organic', N'BATCH-5526', N'0x32338cbcf9f6ef235b59b592fdcf820090759c52cd02b21851ba955fb6a75b8e', N'0x71C7656EC7ab88b098defB751B7401B5f6d8976F', N'QmDR4R37NwiFtB1fKHHcRFVL7fgm8MokbcEHa67db3ytpC', N'2026-03-24 05:00:00');
IF NOT EXISTS (SELECT 1 FROM [dbo].[BATCH_NFT] WHERE [tokenId] = N'NFT_00037')
    INSERT INTO [dbo].[BATCH_NFT] ([tokenId], [producer_id], [productName], [origin], [harvestDate], [certification], [batchNumber], [blockchain_tx_hash], [smart_contract_address], [metadata_ipfs_cid], [created_at]) VALUES (N'NFT_00037', N'PROD_0004', N'Tôm sú', N'Long An', N'2026-03-06 00:00:00', N'GlobalGAP', N'BATCH-1166', N'0x95ad6b420b9dc925c9a175155afdab503b5cb07626e56dc9c37c00415e21ff5f', N'0x71C7656EC7ab88b098defB751B7401B5f6d8976F', N'QmS6wcJUmX98RitmrZMNd7SVXxnAGyHx4yCpVXW5SWZPcD', N'2026-03-29 08:00:00');
IF NOT EXISTS (SELECT 1 FROM [dbo].[BATCH_NFT] WHERE [tokenId] = N'NFT_00038')
    INSERT INTO [dbo].[BATCH_NFT] ([tokenId], [producer_id], [productName], [origin], [harvestDate], [certification], [batchNumber], [blockchain_tx_hash], [smart_contract_address], [metadata_ipfs_cid], [created_at]) VALUES (N'NFT_00038', N'PROD_0007', N'Xoài Cát Hòa Lộc', N'Cà Mau', N'2026-03-26 00:00:00', N'Organic', N'BATCH-9464', N'0xeb6a9605f68e8a41687001da713af71c7e4a6562074d92b1ac6c3068fae9346d', N'0x71C7656EC7ab88b098defB751B7401B5f6d8976F', N'Qm1ab1vWWiGrJG7DXHewH8s3yzD7edyKwtG8uJzd1MjHF1', N'2026-03-21 11:00:00');
IF NOT EXISTS (SELECT 1 FROM [dbo].[BATCH_NFT] WHERE [tokenId] = N'NFT_00039')
    INSERT INTO [dbo].[BATCH_NFT] ([tokenId], [producer_id], [productName], [origin], [harvestDate], [certification], [batchNumber], [blockchain_tx_hash], [smart_contract_address], [metadata_ipfs_cid], [created_at]) VALUES (N'NFT_00039', N'PROD_0004', N'Xoài Cát Hòa Lộc', N'Tiền Giang', N'2026-03-31 00:00:00', N'GlobalGAP', N'BATCH-4130', N'0x0989f2f7f23301a3d295bc188d8e0b9c1299f11ccdee4a97269a66eb07455c4d', N'0x71C7656EC7ab88b098defB751B7401B5f6d8976F', N'QmfswaigwFdcCSKCdrPSjS9UVTpBawBHJtpgB9RTeQj8k1', N'2026-03-17 00:00:00');
IF NOT EXISTS (SELECT 1 FROM [dbo].[BATCH_NFT] WHERE [tokenId] = N'NFT_00040')
    INSERT INTO [dbo].[BATCH_NFT] ([tokenId], [producer_id], [productName], [origin], [harvestDate], [certification], [batchNumber], [blockchain_tx_hash], [smart_contract_address], [metadata_ipfs_cid], [created_at]) VALUES (N'NFT_00040', N'PROD_0009', N'Cà phê Robusta', N'Đắk Lắk', N'2026-03-23 00:00:00', N'GlobalGAP', N'BATCH-2402', N'0xdaf34bc5b917e67850c1b6c892e300053576ea377f785d4d100dc3333a8dfa72', N'0x71C7656EC7ab88b098defB751B7401B5f6d8976F', N'Qm6P71qw8mGwbn1nYpr59mtpJUFYGY23Y6tR1EEPMHvggi', N'2026-04-03 17:00:00');
IF NOT EXISTS (SELECT 1 FROM [dbo].[BATCH_NFT] WHERE [tokenId] = N'NFT_00041')
    INSERT INTO [dbo].[BATCH_NFT] ([tokenId], [producer_id], [productName], [origin], [harvestDate], [certification], [batchNumber], [blockchain_tx_hash], [smart_contract_address], [metadata_ipfs_cid], [created_at]) VALUES (N'NFT_00041', N'PROD_0005', N'Gạo ST25', N'Cà Mau', N'2026-03-17 00:00:00', N'VietGAP', N'BATCH-4954', N'0x2c39fbb4ed7348990ffd894a75454afa3830dc652074e6b9fd5baa7f542a847b', N'0x71C7656EC7ab88b098defB751B7401B5f6d8976F', N'QmuVzExH5LMv539RLBRtgdHsGVNGuonryn99Soyp7Rj9K8', N'2026-04-02 09:00:00');
IF NOT EXISTS (SELECT 1 FROM [dbo].[BATCH_NFT] WHERE [tokenId] = N'NFT_00042')
    INSERT INTO [dbo].[BATCH_NFT] ([tokenId], [producer_id], [productName], [origin], [harvestDate], [certification], [batchNumber], [blockchain_tx_hash], [smart_contract_address], [metadata_ipfs_cid], [created_at]) VALUES (N'NFT_00042', N'PROD_0003', N'Tôm sú', N'Bình Thuận', N'2026-03-15 00:00:00', N'GlobalGAP', N'BATCH-7658', N'0xb8efea33d6e59710a99731a86d2f5fef2d215f5073c92cc2666708bfec800b3e', N'0x71C7656EC7ab88b098defB751B7401B5f6d8976F', N'QmmMVUybd9wvPYYVYE5iXnpD6MCrNU87uMrn9TqYwRDEk7', N'2026-03-24 10:00:00');
IF NOT EXISTS (SELECT 1 FROM [dbo].[BATCH_NFT] WHERE [tokenId] = N'NFT_00043')
    INSERT INTO [dbo].[BATCH_NFT] ([tokenId], [producer_id], [productName], [origin], [harvestDate], [certification], [batchNumber], [blockchain_tx_hash], [smart_contract_address], [metadata_ipfs_cid], [created_at]) VALUES (N'NFT_00043', N'PROD_0001', N'Cà phê Robusta', N'Sơn La', N'2026-03-02 00:00:00', N'Organic', N'BATCH-9004', N'0x418410f7886a2f7c2ec03f3081bc6ac9901d01714b3a06189b6e894c79cdf562', N'0x71C7656EC7ab88b098defB751B7401B5f6d8976F', N'Qmh9jhR47aUbA99F1qRmU9XxUiSe174ecBAPRwTiFaJEwG', N'2026-03-22 07:00:00');
IF NOT EXISTS (SELECT 1 FROM [dbo].[BATCH_NFT] WHERE [tokenId] = N'NFT_00044')
    INSERT INTO [dbo].[BATCH_NFT] ([tokenId], [producer_id], [productName], [origin], [harvestDate], [certification], [batchNumber], [blockchain_tx_hash], [smart_contract_address], [metadata_ipfs_cid], [created_at]) VALUES (N'NFT_00044', N'PROD_0001', N'Tôm sú', N'Kiên Giang', N'2026-03-18 00:00:00', N'VietGAP', N'BATCH-4937', N'0x8eb7301197fc1bea7f40ddd5a61de02a5ef4b55167db76e22bfd1e7979c9debe', N'0x71C7656EC7ab88b098defB751B7401B5f6d8976F', N'Qm6NxkQ4Ppyc5hUeQP4NRG7NnLEA7D1uBCvE5a3zV36Jyk', N'2026-03-28 14:00:00');
IF NOT EXISTS (SELECT 1 FROM [dbo].[BATCH_NFT] WHERE [tokenId] = N'NFT_00045')
    INSERT INTO [dbo].[BATCH_NFT] ([tokenId], [producer_id], [productName], [origin], [harvestDate], [certification], [batchNumber], [blockchain_tx_hash], [smart_contract_address], [metadata_ipfs_cid], [created_at]) VALUES (N'NFT_00045', N'PROD_0006', N'Tôm sú', N'Đắk Lắk', N'2026-03-08 00:00:00', N'VietGAP', N'BATCH-8800', N'0x77e71a0d8bb3fd8b96b7aa2de90e8772c554886d179175fb0608dcfae8a75ddd', N'0x71C7656EC7ab88b098defB751B7401B5f6d8976F', N'QmxWKPM8gLtWWm2oUs3Ag5dxEDg9izWzcXmS8Hdw3igEzc', N'2026-03-29 15:00:00');
IF NOT EXISTS (SELECT 1 FROM [dbo].[BATCH_NFT] WHERE [tokenId] = N'NFT_00046')
    INSERT INTO [dbo].[BATCH_NFT] ([tokenId], [producer_id], [productName], [origin], [harvestDate], [certification], [batchNumber], [blockchain_tx_hash], [smart_contract_address], [metadata_ipfs_cid], [created_at]) VALUES (N'NFT_00046', N'PROD_0006', N'Cà phê Robusta', N'Sơn La', N'2026-03-30 00:00:00', N'VietGAP', N'BATCH-9041', N'0x5c9b571a05ac851e7db6431d3d35c0aa1e798f0b869eceb2d1a95e69b3654c29', N'0x71C7656EC7ab88b098defB751B7401B5f6d8976F', N'QmxZz61mJsotVTAJ4aM5iTzymSvwyVNHQcgSWdK5QTsz3y', N'2026-03-26 11:00:00');
IF NOT EXISTS (SELECT 1 FROM [dbo].[BATCH_NFT] WHERE [tokenId] = N'NFT_00047')
    INSERT INTO [dbo].[BATCH_NFT] ([tokenId], [producer_id], [productName], [origin], [harvestDate], [certification], [batchNumber], [blockchain_tx_hash], [smart_contract_address], [metadata_ipfs_cid], [created_at]) VALUES (N'NFT_00047', N'PROD_0001', N'Sầu riêng Ri6', N'Tiền Giang', N'2026-03-28 00:00:00', N'GlobalGAP', N'BATCH-8342', N'0xe8d85b833bae2bf28abc89fbae8e6016004cfa20c38579a83a68cbb066caf0b3', N'0x71C7656EC7ab88b098defB751B7401B5f6d8976F', N'Qm4nhZ97NarDsfMUYp7B7xQSQ4LcDj7TYx9DZzm4onyDD2', N'2026-04-01 13:00:00');
IF NOT EXISTS (SELECT 1 FROM [dbo].[BATCH_NFT] WHERE [tokenId] = N'NFT_00048')
    INSERT INTO [dbo].[BATCH_NFT] ([tokenId], [producer_id], [productName], [origin], [harvestDate], [certification], [batchNumber], [blockchain_tx_hash], [smart_contract_address], [metadata_ipfs_cid], [created_at]) VALUES (N'NFT_00048', N'PROD_0008', N'Cà phê Robusta', N'Đồng Tháp', N'2026-03-04 00:00:00', N'GlobalGAP', N'BATCH-1282', N'0xdd73ab59b3b37f1fb10442d07e0e9cad4c81b8f8c2865ea54f978ca153ae30e6', N'0x71C7656EC7ab88b098defB751B7401B5f6d8976F', N'QmkRFB9G5sTRDtB4tRxJCwUYnySuapZtCia9fpjpj1twVK', N'2026-03-18 21:00:00');
IF NOT EXISTS (SELECT 1 FROM [dbo].[BATCH_NFT] WHERE [tokenId] = N'NFT_00049')
    INSERT INTO [dbo].[BATCH_NFT] ([tokenId], [producer_id], [productName], [origin], [harvestDate], [certification], [batchNumber], [blockchain_tx_hash], [smart_contract_address], [metadata_ipfs_cid], [created_at]) VALUES (N'NFT_00049', N'PROD_0001', N'Thanh long đỏ', N'Bến Tre', N'2026-03-15 00:00:00', N'Organic', N'BATCH-2524', N'0xc14b08c8874a511fc8a3a3ad3deb6d1a0b01241de6765610b1b0d584a94e6d02', N'0x71C7656EC7ab88b098defB751B7401B5f6d8976F', N'QmngGizwrdea3kBhmbDDCgxNNJJp8VzRMqRyLvTNZASHfg', N'2026-03-19 03:00:00');
IF NOT EXISTS (SELECT 1 FROM [dbo].[BATCH_NFT] WHERE [tokenId] = N'NFT_00050')
    INSERT INTO [dbo].[BATCH_NFT] ([tokenId], [producer_id], [productName], [origin], [harvestDate], [certification], [batchNumber], [blockchain_tx_hash], [smart_contract_address], [metadata_ipfs_cid], [created_at]) VALUES (N'NFT_00050', N'PROD_0001', N'Thanh long đỏ', N'Kiên Giang', N'2026-03-05 00:00:00', N'VietGAP', N'BATCH-5820', N'0x3bcd4a4efdaf0d2096813bb3ed22941a90cf8a1a439f5a341375ab29cf25cba4', N'0x71C7656EC7ab88b098defB751B7401B5f6d8976F', N'Qmdhwu66q61w7kdYdWofrDnY7rxMoTuenPwnWGfJuug1u2', N'2026-03-31 14:00:00');
IF NOT EXISTS (SELECT 1 FROM [dbo].[BATCH_NFT] WHERE [tokenId] = N'NFT_00051')
    INSERT INTO [dbo].[BATCH_NFT] ([tokenId], [producer_id], [productName], [origin], [harvestDate], [certification], [batchNumber], [blockchain_tx_hash], [smart_contract_address], [metadata_ipfs_cid], [created_at]) VALUES (N'NFT_00051', N'PROD_0001', N'Tôm sú', N'Lâm Đồng', N'2026-03-26 00:00:00', N'Organic', N'BATCH-4630', N'0x5a577c71a14de3babedad9c304e8a26e9d281503ffac2299d2bf0c343a8c6ee0', N'0x71C7656EC7ab88b098defB751B7401B5f6d8976F', N'Qm2nqXjKAaRZPcP3wRwPjQKAEi87aPmvqAK621m9cYya2j', N'2026-03-17 07:00:00');
IF NOT EXISTS (SELECT 1 FROM [dbo].[BATCH_NFT] WHERE [tokenId] = N'NFT_00052')
    INSERT INTO [dbo].[BATCH_NFT] ([tokenId], [producer_id], [productName], [origin], [harvestDate], [certification], [batchNumber], [blockchain_tx_hash], [smart_contract_address], [metadata_ipfs_cid], [created_at]) VALUES (N'NFT_00052', N'PROD_0004', N'Tôm sú', N'Cà Mau', N'2026-03-15 00:00:00', N'GlobalGAP', N'BATCH-7625', N'0xa1fa4b99669e14f36d5ce0e7384229da651a79a632928e22e86faebdf3977362', N'0x71C7656EC7ab88b098defB751B7401B5f6d8976F', N'QmzdnBeDCqjoNG4592zs7v89GB5quD6oQVdDRtdTAJufdr', N'2026-03-31 06:00:00');
IF NOT EXISTS (SELECT 1 FROM [dbo].[BATCH_NFT] WHERE [tokenId] = N'NFT_00053')
    INSERT INTO [dbo].[BATCH_NFT] ([tokenId], [producer_id], [productName], [origin], [harvestDate], [certification], [batchNumber], [blockchain_tx_hash], [smart_contract_address], [metadata_ipfs_cid], [created_at]) VALUES (N'NFT_00053', N'PROD_0006', N'Sầu riêng Ri6', N'Lâm Đồng', N'2026-03-22 00:00:00', N'Organic', N'BATCH-4986', N'0x9c982ae916208ead92e9e8c1ae80fa66db6f7c5ced964ce19840b08863c61694', N'0x71C7656EC7ab88b098defB751B7401B5f6d8976F', N'Qm7LMzb1XF8cYXmDNu295h8GC6ieUoSwvFCrix6obACiSS', N'2026-03-19 22:00:00');
IF NOT EXISTS (SELECT 1 FROM [dbo].[BATCH_NFT] WHERE [tokenId] = N'NFT_00054')
    INSERT INTO [dbo].[BATCH_NFT] ([tokenId], [producer_id], [productName], [origin], [harvestDate], [certification], [batchNumber], [blockchain_tx_hash], [smart_contract_address], [metadata_ipfs_cid], [created_at]) VALUES (N'NFT_00054', N'PROD_0003', N'Xoài Cát Hòa Lộc', N'Đắk Lắk', N'2026-03-17 00:00:00', N'GlobalGAP', N'BATCH-6016', N'0x899f6388287f9c62d13cf18cc9a06acd791459be6a4f0c270de83c8b9a5af146', N'0x71C7656EC7ab88b098defB751B7401B5f6d8976F', N'QmbGK7PCMupTtxFQcsxXQ7oRBFDN9K1giDZKE4HDDZiwof', N'2026-03-19 13:00:00');
IF NOT EXISTS (SELECT 1 FROM [dbo].[BATCH_NFT] WHERE [tokenId] = N'NFT_00055')
    INSERT INTO [dbo].[BATCH_NFT] ([tokenId], [producer_id], [productName], [origin], [harvestDate], [certification], [batchNumber], [blockchain_tx_hash], [smart_contract_address], [metadata_ipfs_cid], [created_at]) VALUES (N'NFT_00055', N'PROD_0005', N'Vải thiều', N'Bến Tre', N'2026-03-18 00:00:00', N'Organic', N'BATCH-7046', N'0xa630be8b895d3f760288851848c476735caed746c3bc658b446b5825392be3b3', N'0x71C7656EC7ab88b098defB751B7401B5f6d8976F', N'QmaegSpC3V3G7TbbE22na1T8y3XXL1UqRJKM5mV3JzVeuq', N'2026-03-21 13:00:00');
IF NOT EXISTS (SELECT 1 FROM [dbo].[BATCH_NFT] WHERE [tokenId] = N'NFT_00056')
    INSERT INTO [dbo].[BATCH_NFT] ([tokenId], [producer_id], [productName], [origin], [harvestDate], [certification], [batchNumber], [blockchain_tx_hash], [smart_contract_address], [metadata_ipfs_cid], [created_at]) VALUES (N'NFT_00056', N'PROD_0006', N'Tôm sú', N'Sơn La', N'2026-03-20 00:00:00', N'VietGAP', N'BATCH-8753', N'0x343dd5c11f70dfd55ee942c86c286f05dc71850a615d244f5266c5679fadbc8d', N'0x71C7656EC7ab88b098defB751B7401B5f6d8976F', N'Qmw6Dp9zrjE6ippY1g4t33JGgnPhva7K9artdfXEUVHmU6', N'2026-03-25 16:00:00');
IF NOT EXISTS (SELECT 1 FROM [dbo].[BATCH_NFT] WHERE [tokenId] = N'NFT_00057')
    INSERT INTO [dbo].[BATCH_NFT] ([tokenId], [producer_id], [productName], [origin], [harvestDate], [certification], [batchNumber], [blockchain_tx_hash], [smart_contract_address], [metadata_ipfs_cid], [created_at]) VALUES (N'NFT_00057', N'PROD_0008', N'Gạo ST25', N'Cà Mau', N'2026-03-11 00:00:00', N'Organic', N'BATCH-9698', N'0x3cb7062ea8574d01234d1b458c565a99a8f458c7197fdae696e155ab96ecfb87', N'0x71C7656EC7ab88b098defB751B7401B5f6d8976F', N'QmmiMqFerh5VDfUPVLpmWKwifr78vPTcCQ4Rgxa6T771TG', N'2026-03-21 12:00:00');
IF NOT EXISTS (SELECT 1 FROM [dbo].[BATCH_NFT] WHERE [tokenId] = N'NFT_00058')
    INSERT INTO [dbo].[BATCH_NFT] ([tokenId], [producer_id], [productName], [origin], [harvestDate], [certification], [batchNumber], [blockchain_tx_hash], [smart_contract_address], [metadata_ipfs_cid], [created_at]) VALUES (N'NFT_00058', N'PROD_0009', N'Tôm sú', N'Long An', N'2026-03-31 00:00:00', N'VietGAP', N'BATCH-6632', N'0x2d234bb361e70c8f191e63b728205ed7de82f897be6a8e73146208c248b7c4cc', N'0x71C7656EC7ab88b098defB751B7401B5f6d8976F', N'QmUXM7YMDQRLSN3PvCBBHcX73F77taEXGthQPDphVACdhH', N'2026-03-21 19:00:00');
IF NOT EXISTS (SELECT 1 FROM [dbo].[BATCH_NFT] WHERE [tokenId] = N'NFT_00059')
    INSERT INTO [dbo].[BATCH_NFT] ([tokenId], [producer_id], [productName], [origin], [harvestDate], [certification], [batchNumber], [blockchain_tx_hash], [smart_contract_address], [metadata_ipfs_cid], [created_at]) VALUES (N'NFT_00059', N'PROD_0006', N'Xoài Cát Hòa Lộc', N'Kiên Giang', N'2026-03-25 00:00:00', N'VietGAP', N'BATCH-7971', N'0x9c83e63bad31a8c9b4a84312177b752f0f42701036c75b01c24682e460fb6f3f', N'0x71C7656EC7ab88b098defB751B7401B5f6d8976F', N'Qm1BudjrgAgALTxfR2ytAm1MU1sU32gHEWkm6oLVMYfFTq', N'2026-03-31 08:00:00');
IF NOT EXISTS (SELECT 1 FROM [dbo].[BATCH_NFT] WHERE [tokenId] = N'NFT_00060')
    INSERT INTO [dbo].[BATCH_NFT] ([tokenId], [producer_id], [productName], [origin], [harvestDate], [certification], [batchNumber], [blockchain_tx_hash], [smart_contract_address], [metadata_ipfs_cid], [created_at]) VALUES (N'NFT_00060', N'PROD_0003', N'Cà phê Robusta', N'Đồng Tháp', N'2026-03-29 00:00:00', N'Organic', N'BATCH-6419', N'0x3b1a36fe2bb817450af360c963f9bb2c37a5fc05281758a5eb06b40b8879857d', N'0x71C7656EC7ab88b098defB751B7401B5f6d8976F', N'QmJLXfsqVGXe9QDzM2ahRC6vN7GdYuzsBuMLbwHCahq8oZ', N'2026-03-26 07:00:00');
IF NOT EXISTS (SELECT 1 FROM [dbo].[BATCH_NFT] WHERE [tokenId] = N'NFT_00061')
    INSERT INTO [dbo].[BATCH_NFT] ([tokenId], [producer_id], [productName], [origin], [harvestDate], [certification], [batchNumber], [blockchain_tx_hash], [smart_contract_address], [metadata_ipfs_cid], [created_at]) VALUES (N'NFT_00061', N'PROD_0005', N'Xoài Cát Hòa Lộc', N'Lâm Đồng', N'2026-03-15 00:00:00', N'VietGAP', N'BATCH-6764', N'0x9d287d87c8be95951fd3ac24651a0f20130a679903b0eaed7a5bedc098bd1381', N'0x71C7656EC7ab88b098defB751B7401B5f6d8976F', N'QmnM71v9gXHZAV4JTDp8V1Mq38snWxZxi9jSvH2wFgPQut', N'2026-03-25 01:00:00');
IF NOT EXISTS (SELECT 1 FROM [dbo].[BATCH_NFT] WHERE [tokenId] = N'NFT_00062')
    INSERT INTO [dbo].[BATCH_NFT] ([tokenId], [producer_id], [productName], [origin], [harvestDate], [certification], [batchNumber], [blockchain_tx_hash], [smart_contract_address], [metadata_ipfs_cid], [created_at]) VALUES (N'NFT_00062', N'PROD_0005', N'Thanh long đỏ', N'Bến Tre', N'2026-03-20 00:00:00', N'VietGAP', N'BATCH-8434', N'0x363a9f88bc9ab61c88a89ee8fd6ad53868b57f00402e0f35cfde8991724e3449', N'0x71C7656EC7ab88b098defB751B7401B5f6d8976F', N'QmvbBSso9mFRCJJvTBnq6XhWgMMUxTu2m69unaNdus4r8f', N'2026-03-17 04:00:00');
IF NOT EXISTS (SELECT 1 FROM [dbo].[BATCH_NFT] WHERE [tokenId] = N'NFT_00063')
    INSERT INTO [dbo].[BATCH_NFT] ([tokenId], [producer_id], [productName], [origin], [harvestDate], [certification], [batchNumber], [blockchain_tx_hash], [smart_contract_address], [metadata_ipfs_cid], [created_at]) VALUES (N'NFT_00063', N'PROD_0001', N'Xoài Cát Hòa Lộc', N'Kiên Giang', N'2026-03-27 00:00:00', N'VietGAP', N'BATCH-5438', N'0x931577ebd1a0c6ce5e6e1cbdeaa08595b2affc916c257b8466bc73698f8346a9', N'0x71C7656EC7ab88b098defB751B7401B5f6d8976F', N'QmTmXq5Gz7bpZhs8aWihWZy8te9diwodC49tXF72WPvJVB', N'2026-03-29 14:00:00');
IF NOT EXISTS (SELECT 1 FROM [dbo].[BATCH_NFT] WHERE [tokenId] = N'NFT_00064')
    INSERT INTO [dbo].[BATCH_NFT] ([tokenId], [producer_id], [productName], [origin], [harvestDate], [certification], [batchNumber], [blockchain_tx_hash], [smart_contract_address], [metadata_ipfs_cid], [created_at]) VALUES (N'NFT_00064', N'PROD_0007', N'Vải thiều', N'Kiên Giang', N'2026-03-24 00:00:00', N'Organic', N'BATCH-6023', N'0x16535ac25dc97e3a2b1b392d45c475b38c89fba6e8403b47f1aae514e6f8be79', N'0x71C7656EC7ab88b098defB751B7401B5f6d8976F', N'QmErGcSf8929kEWhCUH6bNGPoTp9H7Pa2efSuM9tT1AWrD', N'2026-03-21 09:00:00');
IF NOT EXISTS (SELECT 1 FROM [dbo].[BATCH_NFT] WHERE [tokenId] = N'NFT_00065')
    INSERT INTO [dbo].[BATCH_NFT] ([tokenId], [producer_id], [productName], [origin], [harvestDate], [certification], [batchNumber], [blockchain_tx_hash], [smart_contract_address], [metadata_ipfs_cid], [created_at]) VALUES (N'NFT_00065', N'PROD_0004', N'Thanh long đỏ', N'Long An', N'2026-03-29 00:00:00', N'GlobalGAP', N'BATCH-5118', N'0x13f8b0e47b0a54ff4046ffff3562b8ada6964972a9a32bee6eca9218b2d205ff', N'0x71C7656EC7ab88b098defB751B7401B5f6d8976F', N'QmuXWB9fZTr9nfv4qVxcBiWfGhbaaq42jEfVgKEmvo7tjP', N'2026-04-03 18:00:00');
IF NOT EXISTS (SELECT 1 FROM [dbo].[BATCH_NFT] WHERE [tokenId] = N'NFT_00066')
    INSERT INTO [dbo].[BATCH_NFT] ([tokenId], [producer_id], [productName], [origin], [harvestDate], [certification], [batchNumber], [blockchain_tx_hash], [smart_contract_address], [metadata_ipfs_cid], [created_at]) VALUES (N'NFT_00066', N'PROD_0005', N'Thanh long đỏ', N'Long An', N'2026-03-17 00:00:00', N'VietGAP', N'BATCH-4777', N'0x4bdab2320f9999301c2d7a267236fef3a332f79bde6c9db6f98ab017ee38f06c', N'0x71C7656EC7ab88b098defB751B7401B5f6d8976F', N'Qmyv4F3kSNd2B7T8dZCVgEkSXn52x6291mZsLgxjXCDpWM', N'2026-03-28 00:00:00');
IF NOT EXISTS (SELECT 1 FROM [dbo].[BATCH_NFT] WHERE [tokenId] = N'NFT_00067')
    INSERT INTO [dbo].[BATCH_NFT] ([tokenId], [producer_id], [productName], [origin], [harvestDate], [certification], [batchNumber], [blockchain_tx_hash], [smart_contract_address], [metadata_ipfs_cid], [created_at]) VALUES (N'NFT_00067', N'PROD_0009', N'Thanh long đỏ', N'Lâm Đồng', N'2026-03-14 00:00:00', N'GlobalGAP', N'BATCH-2976', N'0xf37ec424ebe7a1829e86507eee15ab2b1ba1bbf928025dd22c04bf42ef0c077c', N'0x71C7656EC7ab88b098defB751B7401B5f6d8976F', N'QmuroSdsa8X6V3Y2pHqPMsAHXFXcKcYtawze2RCt4CpLku', N'2026-03-19 11:00:00');
IF NOT EXISTS (SELECT 1 FROM [dbo].[BATCH_NFT] WHERE [tokenId] = N'NFT_00068')
    INSERT INTO [dbo].[BATCH_NFT] ([tokenId], [producer_id], [productName], [origin], [harvestDate], [certification], [batchNumber], [blockchain_tx_hash], [smart_contract_address], [metadata_ipfs_cid], [created_at]) VALUES (N'NFT_00068', N'PROD_0001', N'Sầu riêng Ri6', N'Kiên Giang', N'2026-03-27 00:00:00', N'VietGAP', N'BATCH-4155', N'0x973a7790e4ad32052099511f24ab98fb50c5edcd171d563309f81b9cb6d499e9', N'0x71C7656EC7ab88b098defB751B7401B5f6d8976F', N'Qm4VoZcqoM5RjvtU8i7VEMUnsEw2nCcPg2UPN8hY77cuML', N'2026-03-27 04:00:00');
IF NOT EXISTS (SELECT 1 FROM [dbo].[BATCH_NFT] WHERE [tokenId] = N'NFT_00069')
    INSERT INTO [dbo].[BATCH_NFT] ([tokenId], [producer_id], [productName], [origin], [harvestDate], [certification], [batchNumber], [blockchain_tx_hash], [smart_contract_address], [metadata_ipfs_cid], [created_at]) VALUES (N'NFT_00069', N'PROD_0007', N'Gạo ST25', N'Sơn La', N'2026-03-30 00:00:00', N'Organic', N'BATCH-6169', N'0x7b7ce34317cb39605c3ab4148c1569fd3de770227de7de089a8095ec12d56829', N'0x71C7656EC7ab88b098defB751B7401B5f6d8976F', N'QmvE61QkoY3osF44SHKbtz8Qff5wChpurSJNYsFtKY7MQx', N'2026-03-29 08:00:00');
IF NOT EXISTS (SELECT 1 FROM [dbo].[BATCH_NFT] WHERE [tokenId] = N'NFT_00070')
    INSERT INTO [dbo].[BATCH_NFT] ([tokenId], [producer_id], [productName], [origin], [harvestDate], [certification], [batchNumber], [blockchain_tx_hash], [smart_contract_address], [metadata_ipfs_cid], [created_at]) VALUES (N'NFT_00070', N'PROD_0007', N'Vải thiều', N'Long An', N'2026-03-18 00:00:00', N'GlobalGAP', N'BATCH-2958', N'0x21c4db41e5d48250318ce257d45c1f8f306d140dd5e1cb0ca3348ca421f81884', N'0x71C7656EC7ab88b098defB751B7401B5f6d8976F', N'QmV5uqXJZ8jn3ESmx2qGbJx4rP2PSEPfXf2mwukLqGkD2j', N'2026-03-18 07:00:00');
IF NOT EXISTS (SELECT 1 FROM [dbo].[BATCH_NFT] WHERE [tokenId] = N'NFT_00071')
    INSERT INTO [dbo].[BATCH_NFT] ([tokenId], [producer_id], [productName], [origin], [harvestDate], [certification], [batchNumber], [blockchain_tx_hash], [smart_contract_address], [metadata_ipfs_cid], [created_at]) VALUES (N'NFT_00071', N'PROD_0001', N'Tôm sú', N'Tiền Giang', N'2026-03-15 00:00:00', N'VietGAP', N'BATCH-9779', N'0xfc924e800e0616beab7553cc1ec91cb14ac7f2e452e5d57117d45986b1814793', N'0x71C7656EC7ab88b098defB751B7401B5f6d8976F', N'QmdsnvkoZxwHzYRimGxUzEuHgGzmJa3GGFem1JfqrS213M', N'2026-03-21 21:00:00');
IF NOT EXISTS (SELECT 1 FROM [dbo].[BATCH_NFT] WHERE [tokenId] = N'NFT_00072')
    INSERT INTO [dbo].[BATCH_NFT] ([tokenId], [producer_id], [productName], [origin], [harvestDate], [certification], [batchNumber], [blockchain_tx_hash], [smart_contract_address], [metadata_ipfs_cid], [created_at]) VALUES (N'NFT_00072', N'PROD_0008', N'Thanh long đỏ', N'Long An', N'2026-03-29 00:00:00', N'GlobalGAP', N'BATCH-4033', N'0x32713b6f95b2abbd19517469a9d5a0329ccca74973e4caeebef998dd0ef08f14', N'0x71C7656EC7ab88b098defB751B7401B5f6d8976F', N'QmdZQa5uYxSFnGVEBsfEeBWSKZExzy1rrY3E7W75Caqg5R', N'2026-03-18 08:00:00');
IF NOT EXISTS (SELECT 1 FROM [dbo].[BATCH_NFT] WHERE [tokenId] = N'NFT_00073')
    INSERT INTO [dbo].[BATCH_NFT] ([tokenId], [producer_id], [productName], [origin], [harvestDate], [certification], [batchNumber], [blockchain_tx_hash], [smart_contract_address], [metadata_ipfs_cid], [created_at]) VALUES (N'NFT_00073', N'PROD_0009', N'Xoài Cát Hòa Lộc', N'Sơn La', N'2026-03-06 00:00:00', N'GlobalGAP', N'BATCH-4138', N'0x069ab663228d564d20a2eaf22cdebe976d63607bb4e900759f1b8dc48893aaaa', N'0x71C7656EC7ab88b098defB751B7401B5f6d8976F', N'QmH2cMyuNwJ2NH9b7DKikniwNaf9mexxzZzdjY8socfXKC', N'2026-03-19 02:00:00');
IF NOT EXISTS (SELECT 1 FROM [dbo].[BATCH_NFT] WHERE [tokenId] = N'NFT_00074')
    INSERT INTO [dbo].[BATCH_NFT] ([tokenId], [producer_id], [productName], [origin], [harvestDate], [certification], [batchNumber], [blockchain_tx_hash], [smart_contract_address], [metadata_ipfs_cid], [created_at]) VALUES (N'NFT_00074', N'PROD_0002', N'Cà phê Robusta', N'Lâm Đồng', N'2026-03-24 00:00:00', N'Organic', N'BATCH-4545', N'0x899e807e955f42b94c4a99a4b0721c4944b9eba52c3280ff9ddc66ab29d04d07', N'0x71C7656EC7ab88b098defB751B7401B5f6d8976F', N'QmauLoyEKyhSxQ5Z5NVEnEqzvFugfcoL7QW9VtCBTARmiU', N'2026-03-31 08:00:00');
IF NOT EXISTS (SELECT 1 FROM [dbo].[BATCH_NFT] WHERE [tokenId] = N'NFT_00075')
    INSERT INTO [dbo].[BATCH_NFT] ([tokenId], [producer_id], [productName], [origin], [harvestDate], [certification], [batchNumber], [blockchain_tx_hash], [smart_contract_address], [metadata_ipfs_cid], [created_at]) VALUES (N'NFT_00075', N'PROD_0002', N'Gạo ST25', N'Long An', N'2026-03-28 00:00:00', N'Organic', N'BATCH-8933', N'0x77fe3a64864c658f185d9a44c497a3ac8af500168a5b40909e391f196cac2124', N'0x71C7656EC7ab88b098defB751B7401B5f6d8976F', N'Qm6sq2A5WXPR8hFJLpLc7i5vxudjSkhjibpW91bgTKBiHm', N'2026-03-23 10:00:00');
IF NOT EXISTS (SELECT 1 FROM [dbo].[BATCH_NFT] WHERE [tokenId] = N'NFT_00076')
    INSERT INTO [dbo].[BATCH_NFT] ([tokenId], [producer_id], [productName], [origin], [harvestDate], [certification], [batchNumber], [blockchain_tx_hash], [smart_contract_address], [metadata_ipfs_cid], [created_at]) VALUES (N'NFT_00076', N'PROD_0006', N'Vải thiều', N'Tiền Giang', N'2026-03-16 00:00:00', N'Organic', N'BATCH-5530', N'0xa17fcbac4c406f4d21f36a186917401bc07a0062560bc76bc136bc18f540fa5d', N'0x71C7656EC7ab88b098defB751B7401B5f6d8976F', N'QmEV3XXWvHPkx3wtjRHtKMAHVDAwGc7EH6ZWAb3tYCVpNH', N'2026-03-31 18:00:00');
IF NOT EXISTS (SELECT 1 FROM [dbo].[BATCH_NFT] WHERE [tokenId] = N'NFT_00077')
    INSERT INTO [dbo].[BATCH_NFT] ([tokenId], [producer_id], [productName], [origin], [harvestDate], [certification], [batchNumber], [blockchain_tx_hash], [smart_contract_address], [metadata_ipfs_cid], [created_at]) VALUES (N'NFT_00077', N'PROD_0002', N'Cà phê Robusta', N'Đồng Tháp', N'2026-03-15 00:00:00', N'VietGAP', N'BATCH-9595', N'0x5dc438fa461b7e7300f36ca7fcf055b63a8fd8b31b70e93a0aed19d1d199135d', N'0x71C7656EC7ab88b098defB751B7401B5f6d8976F', N'QmwRS8Tviv7tV68HfyokD5ALTjf5gt36hXCZqdxdFbsDCU', N'2026-03-18 15:00:00');
IF NOT EXISTS (SELECT 1 FROM [dbo].[BATCH_NFT] WHERE [tokenId] = N'NFT_00078')
    INSERT INTO [dbo].[BATCH_NFT] ([tokenId], [producer_id], [productName], [origin], [harvestDate], [certification], [batchNumber], [blockchain_tx_hash], [smart_contract_address], [metadata_ipfs_cid], [created_at]) VALUES (N'NFT_00078', N'PROD_0002', N'Sầu riêng Ri6', N'Lâm Đồng', N'2026-03-09 00:00:00', N'VietGAP', N'BATCH-5636', N'0xb61a85f30214c252392ca62e10eb94bc7224732b9b91d4683ff9df87a3012de7', N'0x71C7656EC7ab88b098defB751B7401B5f6d8976F', N'QmVBV8d6WiDSVci3gcdEMXxsqsfVdbYJDxumRSFRBxfMQ8', N'2026-04-02 04:00:00');
IF NOT EXISTS (SELECT 1 FROM [dbo].[BATCH_NFT] WHERE [tokenId] = N'NFT_00079')
    INSERT INTO [dbo].[BATCH_NFT] ([tokenId], [producer_id], [productName], [origin], [harvestDate], [certification], [batchNumber], [blockchain_tx_hash], [smart_contract_address], [metadata_ipfs_cid], [created_at]) VALUES (N'NFT_00079', N'PROD_0005', N'Cà phê Robusta', N'Sơn La', N'2026-03-25 00:00:00', N'GlobalGAP', N'BATCH-2647', N'0x2e05349e710820813796be313363e1906392573545094176c342cfe98368d377', N'0x71C7656EC7ab88b098defB751B7401B5f6d8976F', N'Qmtqsbg2GDrQZKgQoRG4VDd3SDsYn7yc8Yx2NnLMm43DYz', N'2026-03-18 08:00:00');
IF NOT EXISTS (SELECT 1 FROM [dbo].[BATCH_NFT] WHERE [tokenId] = N'NFT_00080')
    INSERT INTO [dbo].[BATCH_NFT] ([tokenId], [producer_id], [productName], [origin], [harvestDate], [certification], [batchNumber], [blockchain_tx_hash], [smart_contract_address], [metadata_ipfs_cid], [created_at]) VALUES (N'NFT_00080', N'PROD_0009', N'Xoài Cát Hòa Lộc', N'Bến Tre', N'2026-03-08 00:00:00', N'Organic', N'BATCH-4180', N'0x06d363efee60fb866cb171cb6353f0a2799f72b2dab0a6b84cb993a95e8e5067', N'0x71C7656EC7ab88b098defB751B7401B5f6d8976F', N'QmqPiHANQZF1rkXWn3H2dg2kpNQpsr5Whj2kYv6bPqrnRk', N'2026-03-28 00:00:00');
IF NOT EXISTS (SELECT 1 FROM [dbo].[BATCH_NFT] WHERE [tokenId] = N'NFT_00081')
    INSERT INTO [dbo].[BATCH_NFT] ([tokenId], [producer_id], [productName], [origin], [harvestDate], [certification], [batchNumber], [blockchain_tx_hash], [smart_contract_address], [metadata_ipfs_cid], [created_at]) VALUES (N'NFT_00081', N'PROD_0001', N'Thanh long đỏ', N'Cà Mau', N'2026-03-27 00:00:00', N'GlobalGAP', N'BATCH-5853', N'0x05ab8c258abcdbcc5e860578d78de75abfe3e162f121223f06ae76b030cd859a', N'0x71C7656EC7ab88b098defB751B7401B5f6d8976F', N'QmJT6yaNRDQHHhWPzjxmiTa2mSU7K9d5ZDwb5QqXqm4VQj', N'2026-03-29 03:00:00');
IF NOT EXISTS (SELECT 1 FROM [dbo].[BATCH_NFT] WHERE [tokenId] = N'NFT_00082')
    INSERT INTO [dbo].[BATCH_NFT] ([tokenId], [producer_id], [productName], [origin], [harvestDate], [certification], [batchNumber], [blockchain_tx_hash], [smart_contract_address], [metadata_ipfs_cid], [created_at]) VALUES (N'NFT_00082', N'PROD_0009', N'Tôm sú', N'Tiền Giang', N'2026-03-21 00:00:00', N'Organic', N'BATCH-4727', N'0xc7a8879e4c354d24f92822bec21f9753baf27f810ecfe2f88a4efcfacbe5170a', N'0x71C7656EC7ab88b098defB751B7401B5f6d8976F', N'Qmq3gbsGDZVVxETVZjjvR581X8Cs7tVdX9sR17zitGKtZA', N'2026-03-18 08:00:00');
IF NOT EXISTS (SELECT 1 FROM [dbo].[BATCH_NFT] WHERE [tokenId] = N'NFT_00083')
    INSERT INTO [dbo].[BATCH_NFT] ([tokenId], [producer_id], [productName], [origin], [harvestDate], [certification], [batchNumber], [blockchain_tx_hash], [smart_contract_address], [metadata_ipfs_cid], [created_at]) VALUES (N'NFT_00083', N'PROD_0009', N'Gạo ST25', N'Bình Thuận', N'2026-03-09 00:00:00', N'GlobalGAP', N'BATCH-6912', N'0x109355938cc31daff67980a6b66054783eb672beb6d924f85e960a4279e3d47d', N'0x71C7656EC7ab88b098defB751B7401B5f6d8976F', N'QmHgoxNcUDLkzvAiUKBUz1hC6T6db4dtM1CHuRjNmwZeCb', N'2026-03-21 22:00:00');
IF NOT EXISTS (SELECT 1 FROM [dbo].[BATCH_NFT] WHERE [tokenId] = N'NFT_00084')
    INSERT INTO [dbo].[BATCH_NFT] ([tokenId], [producer_id], [productName], [origin], [harvestDate], [certification], [batchNumber], [blockchain_tx_hash], [smart_contract_address], [metadata_ipfs_cid], [created_at]) VALUES (N'NFT_00084', N'PROD_0001', N'Tôm sú', N'Đồng Tháp', N'2026-03-25 00:00:00', N'Organic', N'BATCH-3939', N'0x497b3c24aa1a42ea0c7f95764afd5b04927b505af04a13ac9255dc4b585224c6', N'0x71C7656EC7ab88b098defB751B7401B5f6d8976F', N'Qm6DBZ8XeParcyjcuD1EDvc9U15y8oRUJmEPmhMqK5cDAd', N'2026-04-04 09:00:00');
IF NOT EXISTS (SELECT 1 FROM [dbo].[BATCH_NFT] WHERE [tokenId] = N'NFT_00085')
    INSERT INTO [dbo].[BATCH_NFT] ([tokenId], [producer_id], [productName], [origin], [harvestDate], [certification], [batchNumber], [blockchain_tx_hash], [smart_contract_address], [metadata_ipfs_cid], [created_at]) VALUES (N'NFT_00085', N'PROD_0007', N'Cà phê Robusta', N'Long An', N'2026-03-25 00:00:00', N'VietGAP', N'BATCH-5952', N'0xe238dc8bfdbbc6e1205b27f8f24b12bb43f6c107630a97e04011993a02b495dc', N'0x71C7656EC7ab88b098defB751B7401B5f6d8976F', N'QmH9SShF7ueBsrmMRcsvCNwzCMCaLuvW1GeeQzhG4a2iUc', N'2026-03-26 00:00:00');
IF NOT EXISTS (SELECT 1 FROM [dbo].[BATCH_NFT] WHERE [tokenId] = N'NFT_00086')
    INSERT INTO [dbo].[BATCH_NFT] ([tokenId], [producer_id], [productName], [origin], [harvestDate], [certification], [batchNumber], [blockchain_tx_hash], [smart_contract_address], [metadata_ipfs_cid], [created_at]) VALUES (N'NFT_00086', N'PROD_0006', N'Xoài Cát Hòa Lộc', N'Tiền Giang', N'2026-03-17 00:00:00', N'GlobalGAP', N'BATCH-1231', N'0x981dc8bf2c0beed7b2a1df686c578754b1767bad36f6decf50aa68a16bfbe253', N'0x71C7656EC7ab88b098defB751B7401B5f6d8976F', N'QmTBkeY7NcihBr5q7SiKrHrejLfuuAziN1fRf4Cm9GB3cg', N'2026-03-25 02:00:00');
IF NOT EXISTS (SELECT 1 FROM [dbo].[BATCH_NFT] WHERE [tokenId] = N'NFT_00087')
    INSERT INTO [dbo].[BATCH_NFT] ([tokenId], [producer_id], [productName], [origin], [harvestDate], [certification], [batchNumber], [blockchain_tx_hash], [smart_contract_address], [metadata_ipfs_cid], [created_at]) VALUES (N'NFT_00087', N'PROD_0001', N'Gạo ST25', N'Bến Tre', N'2026-03-16 00:00:00', N'Organic', N'BATCH-9751', N'0x3d6367cc9ccf5aff827173f0bd7029549ca8774788c80cfe17d702ace2646c97', N'0x71C7656EC7ab88b098defB751B7401B5f6d8976F', N'QmQdqwKZ7Uq5v6vB6Kd2A1eTswJgwskjKPHHZRqGCyGS6M', N'2026-03-28 22:00:00');
IF NOT EXISTS (SELECT 1 FROM [dbo].[BATCH_NFT] WHERE [tokenId] = N'NFT_00088')
    INSERT INTO [dbo].[BATCH_NFT] ([tokenId], [producer_id], [productName], [origin], [harvestDate], [certification], [batchNumber], [blockchain_tx_hash], [smart_contract_address], [metadata_ipfs_cid], [created_at]) VALUES (N'NFT_00088', N'PROD_0001', N'Thanh long đỏ', N'Long An', N'2026-03-21 00:00:00', N'VietGAP', N'BATCH-3073', N'0x887820496ac40925c9ca66f603341bd1280a68607059517b37ca24f3af1d3449', N'0x71C7656EC7ab88b098defB751B7401B5f6d8976F', N'QmNmXqgAxaAZzSegHLyYkGWDDGvWdUUKZfuK7MuAULuBMA', N'2026-03-27 16:00:00');
IF NOT EXISTS (SELECT 1 FROM [dbo].[BATCH_NFT] WHERE [tokenId] = N'NFT_00089')
    INSERT INTO [dbo].[BATCH_NFT] ([tokenId], [producer_id], [productName], [origin], [harvestDate], [certification], [batchNumber], [blockchain_tx_hash], [smart_contract_address], [metadata_ipfs_cid], [created_at]) VALUES (N'NFT_00089', N'PROD_0008', N'Cà phê Robusta', N'Sơn La', N'2026-03-08 00:00:00', N'Organic', N'BATCH-5494', N'0xc9fb99498651d84a5648a8ea827adf4acdeeb0373bcd6dead442a3320c47f6e3', N'0x71C7656EC7ab88b098defB751B7401B5f6d8976F', N'QmYkScbhjUFibUQ3vEwv7RGabAAJbhXxZ9fn46n9MPTfCA', N'2026-03-31 19:00:00');
IF NOT EXISTS (SELECT 1 FROM [dbo].[BATCH_NFT] WHERE [tokenId] = N'NFT_00090')
    INSERT INTO [dbo].[BATCH_NFT] ([tokenId], [producer_id], [productName], [origin], [harvestDate], [certification], [batchNumber], [blockchain_tx_hash], [smart_contract_address], [metadata_ipfs_cid], [created_at]) VALUES (N'NFT_00090', N'PROD_0003', N'Sầu riêng Ri6', N'Đồng Tháp', N'2026-03-09 00:00:00', N'VietGAP', N'BATCH-1745', N'0x40c48a0bc0e541feae6dd3981a9c8719c5dbcbe31346d08b18734c2754ae0bc0', N'0x71C7656EC7ab88b098defB751B7401B5f6d8976F', N'QmJBrSi9Zm1A6YPDUNTFvPKwQKHgsbXMfy2tBENW1bQ5EV', N'2026-03-23 21:00:00');
IF NOT EXISTS (SELECT 1 FROM [dbo].[BATCH_NFT] WHERE [tokenId] = N'NFT_00091')
    INSERT INTO [dbo].[BATCH_NFT] ([tokenId], [producer_id], [productName], [origin], [harvestDate], [certification], [batchNumber], [blockchain_tx_hash], [smart_contract_address], [metadata_ipfs_cid], [created_at]) VALUES (N'NFT_00091', N'PROD_0005', N'Tôm sú', N'Kiên Giang', N'2026-03-15 00:00:00', N'Organic', N'BATCH-1893', N'0xea46abea8370fee4ec4d275cac41c7be56e12416b85bca27a034913bca296f7d', N'0x71C7656EC7ab88b098defB751B7401B5f6d8976F', N'Qm3J6PB9KgUGxBQX7oMjfQoA8Wg1efR4Rk7ouWniqy7BRm', N'2026-03-31 15:00:00');
IF NOT EXISTS (SELECT 1 FROM [dbo].[BATCH_NFT] WHERE [tokenId] = N'NFT_00092')
    INSERT INTO [dbo].[BATCH_NFT] ([tokenId], [producer_id], [productName], [origin], [harvestDate], [certification], [batchNumber], [blockchain_tx_hash], [smart_contract_address], [metadata_ipfs_cid], [created_at]) VALUES (N'NFT_00092', N'PROD_0005', N'Tôm sú', N'Đồng Tháp', N'2026-03-03 00:00:00', N'Organic', N'BATCH-5786', N'0x229541566d900893174d0992f2908ced733fd4b6633db32c0f3739a17df63669', N'0x71C7656EC7ab88b098defB751B7401B5f6d8976F', N'Qms51wiFWcsST3sT3bNRgm2GJRSJ37jXPBY89VtMTcvuwp', N'2026-03-30 11:00:00');
IF NOT EXISTS (SELECT 1 FROM [dbo].[BATCH_NFT] WHERE [tokenId] = N'NFT_00093')
    INSERT INTO [dbo].[BATCH_NFT] ([tokenId], [producer_id], [productName], [origin], [harvestDate], [certification], [batchNumber], [blockchain_tx_hash], [smart_contract_address], [metadata_ipfs_cid], [created_at]) VALUES (N'NFT_00093', N'PROD_0009', N'Cà phê Robusta', N'Long An', N'2026-03-23 00:00:00', N'Organic', N'BATCH-3068', N'0x180e759acbc086fa2e0227571b645f7f456e4de862b7f8ea73027271e77f871b', N'0x71C7656EC7ab88b098defB751B7401B5f6d8976F', N'Qma3K3cip6WjLdJQBkik5uxoazcYoh3aDwGgBW3QBH1Dnf', N'2026-03-20 17:00:00');
IF NOT EXISTS (SELECT 1 FROM [dbo].[BATCH_NFT] WHERE [tokenId] = N'NFT_00094')
    INSERT INTO [dbo].[BATCH_NFT] ([tokenId], [producer_id], [productName], [origin], [harvestDate], [certification], [batchNumber], [blockchain_tx_hash], [smart_contract_address], [metadata_ipfs_cid], [created_at]) VALUES (N'NFT_00094', N'PROD_0010', N'Sầu riêng Ri6', N'Bình Thuận', N'2026-03-10 00:00:00', N'GlobalGAP', N'BATCH-9042', N'0x2534dbd9a3f0c2e37154f15e1507b7a4a5097ffec2dc4cb89143c60366af24cb', N'0x71C7656EC7ab88b098defB751B7401B5f6d8976F', N'QmGTnd6EiDcjcTRbYUZLKp9rVXAPQfa5Vz5kXJkTUAadZR', N'2026-03-19 21:00:00');
IF NOT EXISTS (SELECT 1 FROM [dbo].[BATCH_NFT] WHERE [tokenId] = N'NFT_00095')
    INSERT INTO [dbo].[BATCH_NFT] ([tokenId], [producer_id], [productName], [origin], [harvestDate], [certification], [batchNumber], [blockchain_tx_hash], [smart_contract_address], [metadata_ipfs_cid], [created_at]) VALUES (N'NFT_00095', N'PROD_0002', N'Xoài Cát Hòa Lộc', N'Long An', N'2026-03-08 00:00:00', N'VietGAP', N'BATCH-2680', N'0xee9515376491652a18faabe8a171c4fa43698e8867bd59c0b7cd06b5bc7c5ec3', N'0x71C7656EC7ab88b098defB751B7401B5f6d8976F', N'QmmkHkzNYNx8PD7HsmzyYMDuHmdfgddWXEQkHvAsQ1qmfg', N'2026-04-03 21:00:00');
IF NOT EXISTS (SELECT 1 FROM [dbo].[BATCH_NFT] WHERE [tokenId] = N'NFT_00096')
    INSERT INTO [dbo].[BATCH_NFT] ([tokenId], [producer_id], [productName], [origin], [harvestDate], [certification], [batchNumber], [blockchain_tx_hash], [smart_contract_address], [metadata_ipfs_cid], [created_at]) VALUES (N'NFT_00096', N'PROD_0001', N'Xoài Cát Hòa Lộc', N'Long An', N'2026-03-09 00:00:00', N'GlobalGAP', N'BATCH-1200', N'0x1f4a6060a76abb4d9bfac123db30723dd81c261eb770734d651d6679bf068bee', N'0x71C7656EC7ab88b098defB751B7401B5f6d8976F', N'Qm6aRRB2EcW5aQ2cAdgx2bnPWCuTiEUiC842aTgSFBTeoq', N'2026-03-20 14:00:00');
IF NOT EXISTS (SELECT 1 FROM [dbo].[BATCH_NFT] WHERE [tokenId] = N'NFT_00097')
    INSERT INTO [dbo].[BATCH_NFT] ([tokenId], [producer_id], [productName], [origin], [harvestDate], [certification], [batchNumber], [blockchain_tx_hash], [smart_contract_address], [metadata_ipfs_cid], [created_at]) VALUES (N'NFT_00097', N'PROD_0004', N'Cà phê Robusta', N'Đắk Lắk', N'2026-03-11 00:00:00', N'GlobalGAP', N'BATCH-5658', N'0xd300984ae19a762b7789aedb7eb66fa57f23b17227cf738f54a2d8c51387fccc', N'0x71C7656EC7ab88b098defB751B7401B5f6d8976F', N'QmsuFi5kgQXUPnxtYicziSq4pqj3QvdSn7rkaniNf9FUGL', N'2026-03-25 01:00:00');
IF NOT EXISTS (SELECT 1 FROM [dbo].[BATCH_NFT] WHERE [tokenId] = N'NFT_00098')
    INSERT INTO [dbo].[BATCH_NFT] ([tokenId], [producer_id], [productName], [origin], [harvestDate], [certification], [batchNumber], [blockchain_tx_hash], [smart_contract_address], [metadata_ipfs_cid], [created_at]) VALUES (N'NFT_00098', N'PROD_0010', N'Sầu riêng Ri6', N'Kiên Giang', N'2026-03-11 00:00:00', N'VietGAP', N'BATCH-8690', N'0x8edd910fcfcfc9d1882135bbc7d25d13fc0d7424b6a3c8c26eef8af7cb8156c6', N'0x71C7656EC7ab88b098defB751B7401B5f6d8976F', N'QmhTikkLgLTFG39X2tZiJiZJig9o8crFEra91NWsWUuyeb', N'2026-04-03 22:00:00');
IF NOT EXISTS (SELECT 1 FROM [dbo].[BATCH_NFT] WHERE [tokenId] = N'NFT_00099')
    INSERT INTO [dbo].[BATCH_NFT] ([tokenId], [producer_id], [productName], [origin], [harvestDate], [certification], [batchNumber], [blockchain_tx_hash], [smart_contract_address], [metadata_ipfs_cid], [created_at]) VALUES (N'NFT_00099', N'PROD_0008', N'Gạo ST25', N'Bình Thuận', N'2026-03-29 00:00:00', N'GlobalGAP', N'BATCH-8843', N'0x60e29ffcef6ebdb55de926ae9975cace186be883845a0e84d468bd481cf79053', N'0x71C7656EC7ab88b098defB751B7401B5f6d8976F', N'QmWXNvesUVPf4EC9cj7CVae1kpnujN2dxWGxrY5oSXFoBw', N'2026-04-02 06:00:00');
IF NOT EXISTS (SELECT 1 FROM [dbo].[BATCH_NFT] WHERE [tokenId] = N'NFT_00100')
    INSERT INTO [dbo].[BATCH_NFT] ([tokenId], [producer_id], [productName], [origin], [harvestDate], [certification], [batchNumber], [blockchain_tx_hash], [smart_contract_address], [metadata_ipfs_cid], [created_at]) VALUES (N'NFT_00100', N'PROD_0003', N'Gạo ST25', N'Tiền Giang', N'2026-03-18 00:00:00', N'VietGAP', N'BATCH-8216', N'0xb9bfad34ad926b183c726616231a68cd9afbfb62877f88b7028e1d1548145402', N'0x71C7656EC7ab88b098defB751B7401B5f6d8976F', N'QmrEiByGHkjvu8JDFmU6t3n5USU6bbJ1RuiSebdkzFQGdL', N'2026-04-01 19:00:00');

-- QR_CODE
IF NOT EXISTS (SELECT 1 FROM [dbo].[QR_CODE] WHERE [qr_id] = N'QR_0001')
    INSERT INTO [dbo].[QR_CODE] ([qr_id], [tokenId], [url], [generated_at]) VALUES (N'QR_0001', N'NFT_00001', N'https://blocktrace.app/verify/NFT_00001', N'2026-03-25 07:05:00');
IF NOT EXISTS (SELECT 1 FROM [dbo].[QR_CODE] WHERE [qr_id] = N'QR_0002')
    INSERT INTO [dbo].[QR_CODE] ([qr_id], [tokenId], [url], [generated_at]) VALUES (N'QR_0002', N'NFT_00002', N'https://blocktrace.app/verify/NFT_00002', N'2026-03-25 23:05:00');
IF NOT EXISTS (SELECT 1 FROM [dbo].[QR_CODE] WHERE [qr_id] = N'QR_0003')
    INSERT INTO [dbo].[QR_CODE] ([qr_id], [tokenId], [url], [generated_at]) VALUES (N'QR_0003', N'NFT_00003', N'https://blocktrace.app/verify/NFT_00003', N'2026-03-21 01:05:00');
IF NOT EXISTS (SELECT 1 FROM [dbo].[QR_CODE] WHERE [qr_id] = N'QR_0004')
    INSERT INTO [dbo].[QR_CODE] ([qr_id], [tokenId], [url], [generated_at]) VALUES (N'QR_0004', N'NFT_00004', N'https://blocktrace.app/verify/NFT_00004', N'2026-04-04 07:05:00');
IF NOT EXISTS (SELECT 1 FROM [dbo].[QR_CODE] WHERE [qr_id] = N'QR_0005')
    INSERT INTO [dbo].[QR_CODE] ([qr_id], [tokenId], [url], [generated_at]) VALUES (N'QR_0005', N'NFT_00005', N'https://blocktrace.app/verify/NFT_00005', N'2026-03-28 18:05:00');
IF NOT EXISTS (SELECT 1 FROM [dbo].[QR_CODE] WHERE [qr_id] = N'QR_0006')
    INSERT INTO [dbo].[QR_CODE] ([qr_id], [tokenId], [url], [generated_at]) VALUES (N'QR_0006', N'NFT_00006', N'https://blocktrace.app/verify/NFT_00006', N'2026-03-21 09:05:00');
IF NOT EXISTS (SELECT 1 FROM [dbo].[QR_CODE] WHERE [qr_id] = N'QR_0007')
    INSERT INTO [dbo].[QR_CODE] ([qr_id], [tokenId], [url], [generated_at]) VALUES (N'QR_0007', N'NFT_00007', N'https://blocktrace.app/verify/NFT_00007', N'2026-03-20 15:05:00');
IF NOT EXISTS (SELECT 1 FROM [dbo].[QR_CODE] WHERE [qr_id] = N'QR_0008')
    INSERT INTO [dbo].[QR_CODE] ([qr_id], [tokenId], [url], [generated_at]) VALUES (N'QR_0008', N'NFT_00008', N'https://blocktrace.app/verify/NFT_00008', N'2026-04-02 12:05:00');
IF NOT EXISTS (SELECT 1 FROM [dbo].[QR_CODE] WHERE [qr_id] = N'QR_0009')
    INSERT INTO [dbo].[QR_CODE] ([qr_id], [tokenId], [url], [generated_at]) VALUES (N'QR_0009', N'NFT_00009', N'https://blocktrace.app/verify/NFT_00009', N'2026-03-26 08:05:00');
IF NOT EXISTS (SELECT 1 FROM [dbo].[QR_CODE] WHERE [qr_id] = N'QR_0010')
    INSERT INTO [dbo].[QR_CODE] ([qr_id], [tokenId], [url], [generated_at]) VALUES (N'QR_0010', N'NFT_00010', N'https://blocktrace.app/verify/NFT_00010', N'2026-03-20 07:05:00');
IF NOT EXISTS (SELECT 1 FROM [dbo].[QR_CODE] WHERE [qr_id] = N'QR_0011')
    INSERT INTO [dbo].[QR_CODE] ([qr_id], [tokenId], [url], [generated_at]) VALUES (N'QR_0011', N'NFT_00011', N'https://blocktrace.app/verify/NFT_00011', N'2026-03-22 06:05:00');
IF NOT EXISTS (SELECT 1 FROM [dbo].[QR_CODE] WHERE [qr_id] = N'QR_0012')
    INSERT INTO [dbo].[QR_CODE] ([qr_id], [tokenId], [url], [generated_at]) VALUES (N'QR_0012', N'NFT_00012', N'https://blocktrace.app/verify/NFT_00012', N'2026-03-20 20:05:00');
IF NOT EXISTS (SELECT 1 FROM [dbo].[QR_CODE] WHERE [qr_id] = N'QR_0013')
    INSERT INTO [dbo].[QR_CODE] ([qr_id], [tokenId], [url], [generated_at]) VALUES (N'QR_0013', N'NFT_00013', N'https://blocktrace.app/verify/NFT_00013', N'2026-03-29 11:05:00');
IF NOT EXISTS (SELECT 1 FROM [dbo].[QR_CODE] WHERE [qr_id] = N'QR_0014')
    INSERT INTO [dbo].[QR_CODE] ([qr_id], [tokenId], [url], [generated_at]) VALUES (N'QR_0014', N'NFT_00014', N'https://blocktrace.app/verify/NFT_00014', N'2026-03-26 23:05:00');
IF NOT EXISTS (SELECT 1 FROM [dbo].[QR_CODE] WHERE [qr_id] = N'QR_0015')
    INSERT INTO [dbo].[QR_CODE] ([qr_id], [tokenId], [url], [generated_at]) VALUES (N'QR_0015', N'NFT_00015', N'https://blocktrace.app/verify/NFT_00015', N'2026-03-25 17:05:00');
IF NOT EXISTS (SELECT 1 FROM [dbo].[QR_CODE] WHERE [qr_id] = N'QR_0016')
    INSERT INTO [dbo].[QR_CODE] ([qr_id], [tokenId], [url], [generated_at]) VALUES (N'QR_0016', N'NFT_00016', N'https://blocktrace.app/verify/NFT_00016', N'2026-03-21 14:05:00');
IF NOT EXISTS (SELECT 1 FROM [dbo].[QR_CODE] WHERE [qr_id] = N'QR_0017')
    INSERT INTO [dbo].[QR_CODE] ([qr_id], [tokenId], [url], [generated_at]) VALUES (N'QR_0017', N'NFT_00017', N'https://blocktrace.app/verify/NFT_00017', N'2026-03-28 08:05:00');
IF NOT EXISTS (SELECT 1 FROM [dbo].[QR_CODE] WHERE [qr_id] = N'QR_0018')
    INSERT INTO [dbo].[QR_CODE] ([qr_id], [tokenId], [url], [generated_at]) VALUES (N'QR_0018', N'NFT_00018', N'https://blocktrace.app/verify/NFT_00018', N'2026-03-24 09:05:00');
IF NOT EXISTS (SELECT 1 FROM [dbo].[QR_CODE] WHERE [qr_id] = N'QR_0019')
    INSERT INTO [dbo].[QR_CODE] ([qr_id], [tokenId], [url], [generated_at]) VALUES (N'QR_0019', N'NFT_00019', N'https://blocktrace.app/verify/NFT_00019', N'2026-03-17 09:05:00');
IF NOT EXISTS (SELECT 1 FROM [dbo].[QR_CODE] WHERE [qr_id] = N'QR_0020')
    INSERT INTO [dbo].[QR_CODE] ([qr_id], [tokenId], [url], [generated_at]) VALUES (N'QR_0020', N'NFT_00020', N'https://blocktrace.app/verify/NFT_00020', N'2026-04-04 20:05:00');
IF NOT EXISTS (SELECT 1 FROM [dbo].[QR_CODE] WHERE [qr_id] = N'QR_0021')
    INSERT INTO [dbo].[QR_CODE] ([qr_id], [tokenId], [url], [generated_at]) VALUES (N'QR_0021', N'NFT_00021', N'https://blocktrace.app/verify/NFT_00021', N'2026-03-31 03:05:00');
IF NOT EXISTS (SELECT 1 FROM [dbo].[QR_CODE] WHERE [qr_id] = N'QR_0022')
    INSERT INTO [dbo].[QR_CODE] ([qr_id], [tokenId], [url], [generated_at]) VALUES (N'QR_0022', N'NFT_00022', N'https://blocktrace.app/verify/NFT_00022', N'2026-04-04 04:05:00');
IF NOT EXISTS (SELECT 1 FROM [dbo].[QR_CODE] WHERE [qr_id] = N'QR_0023')
    INSERT INTO [dbo].[QR_CODE] ([qr_id], [tokenId], [url], [generated_at]) VALUES (N'QR_0023', N'NFT_00023', N'https://blocktrace.app/verify/NFT_00023', N'2026-03-18 21:05:00');
IF NOT EXISTS (SELECT 1 FROM [dbo].[QR_CODE] WHERE [qr_id] = N'QR_0024')
    INSERT INTO [dbo].[QR_CODE] ([qr_id], [tokenId], [url], [generated_at]) VALUES (N'QR_0024', N'NFT_00024', N'https://blocktrace.app/verify/NFT_00024', N'2026-03-25 09:05:00');
IF NOT EXISTS (SELECT 1 FROM [dbo].[QR_CODE] WHERE [qr_id] = N'QR_0025')
    INSERT INTO [dbo].[QR_CODE] ([qr_id], [tokenId], [url], [generated_at]) VALUES (N'QR_0025', N'NFT_00025', N'https://blocktrace.app/verify/NFT_00025', N'2026-03-15 03:05:00');
IF NOT EXISTS (SELECT 1 FROM [dbo].[QR_CODE] WHERE [qr_id] = N'QR_0026')
    INSERT INTO [dbo].[QR_CODE] ([qr_id], [tokenId], [url], [generated_at]) VALUES (N'QR_0026', N'NFT_00026', N'https://blocktrace.app/verify/NFT_00026', N'2026-03-21 19:05:00');
IF NOT EXISTS (SELECT 1 FROM [dbo].[QR_CODE] WHERE [qr_id] = N'QR_0027')
    INSERT INTO [dbo].[QR_CODE] ([qr_id], [tokenId], [url], [generated_at]) VALUES (N'QR_0027', N'NFT_00027', N'https://blocktrace.app/verify/NFT_00027', N'2026-04-03 01:05:00');
IF NOT EXISTS (SELECT 1 FROM [dbo].[QR_CODE] WHERE [qr_id] = N'QR_0028')
    INSERT INTO [dbo].[QR_CODE] ([qr_id], [tokenId], [url], [generated_at]) VALUES (N'QR_0028', N'NFT_00028', N'https://blocktrace.app/verify/NFT_00028', N'2026-04-04 18:05:00');
IF NOT EXISTS (SELECT 1 FROM [dbo].[QR_CODE] WHERE [qr_id] = N'QR_0029')
    INSERT INTO [dbo].[QR_CODE] ([qr_id], [tokenId], [url], [generated_at]) VALUES (N'QR_0029', N'NFT_00029', N'https://blocktrace.app/verify/NFT_00029', N'2026-03-25 20:05:00');
IF NOT EXISTS (SELECT 1 FROM [dbo].[QR_CODE] WHERE [qr_id] = N'QR_0030')
    INSERT INTO [dbo].[QR_CODE] ([qr_id], [tokenId], [url], [generated_at]) VALUES (N'QR_0030', N'NFT_00030', N'https://blocktrace.app/verify/NFT_00030', N'2026-03-25 00:05:00');
IF NOT EXISTS (SELECT 1 FROM [dbo].[QR_CODE] WHERE [qr_id] = N'QR_0031')
    INSERT INTO [dbo].[QR_CODE] ([qr_id], [tokenId], [url], [generated_at]) VALUES (N'QR_0031', N'NFT_00031', N'https://blocktrace.app/verify/NFT_00031', N'2026-03-25 13:05:00');
IF NOT EXISTS (SELECT 1 FROM [dbo].[QR_CODE] WHERE [qr_id] = N'QR_0032')
    INSERT INTO [dbo].[QR_CODE] ([qr_id], [tokenId], [url], [generated_at]) VALUES (N'QR_0032', N'NFT_00032', N'https://blocktrace.app/verify/NFT_00032', N'2026-03-18 11:05:00');
IF NOT EXISTS (SELECT 1 FROM [dbo].[QR_CODE] WHERE [qr_id] = N'QR_0033')
    INSERT INTO [dbo].[QR_CODE] ([qr_id], [tokenId], [url], [generated_at]) VALUES (N'QR_0033', N'NFT_00033', N'https://blocktrace.app/verify/NFT_00033', N'2026-03-18 19:05:00');
IF NOT EXISTS (SELECT 1 FROM [dbo].[QR_CODE] WHERE [qr_id] = N'QR_0034')
    INSERT INTO [dbo].[QR_CODE] ([qr_id], [tokenId], [url], [generated_at]) VALUES (N'QR_0034', N'NFT_00034', N'https://blocktrace.app/verify/NFT_00034', N'2026-03-16 09:05:00');
IF NOT EXISTS (SELECT 1 FROM [dbo].[QR_CODE] WHERE [qr_id] = N'QR_0035')
    INSERT INTO [dbo].[QR_CODE] ([qr_id], [tokenId], [url], [generated_at]) VALUES (N'QR_0035', N'NFT_00035', N'https://blocktrace.app/verify/NFT_00035', N'2026-03-31 05:05:00');
IF NOT EXISTS (SELECT 1 FROM [dbo].[QR_CODE] WHERE [qr_id] = N'QR_0036')
    INSERT INTO [dbo].[QR_CODE] ([qr_id], [tokenId], [url], [generated_at]) VALUES (N'QR_0036', N'NFT_00036', N'https://blocktrace.app/verify/NFT_00036', N'2026-03-24 05:05:00');
IF NOT EXISTS (SELECT 1 FROM [dbo].[QR_CODE] WHERE [qr_id] = N'QR_0037')
    INSERT INTO [dbo].[QR_CODE] ([qr_id], [tokenId], [url], [generated_at]) VALUES (N'QR_0037', N'NFT_00037', N'https://blocktrace.app/verify/NFT_00037', N'2026-03-29 08:05:00');
IF NOT EXISTS (SELECT 1 FROM [dbo].[QR_CODE] WHERE [qr_id] = N'QR_0038')
    INSERT INTO [dbo].[QR_CODE] ([qr_id], [tokenId], [url], [generated_at]) VALUES (N'QR_0038', N'NFT_00038', N'https://blocktrace.app/verify/NFT_00038', N'2026-03-21 11:05:00');
IF NOT EXISTS (SELECT 1 FROM [dbo].[QR_CODE] WHERE [qr_id] = N'QR_0039')
    INSERT INTO [dbo].[QR_CODE] ([qr_id], [tokenId], [url], [generated_at]) VALUES (N'QR_0039', N'NFT_00039', N'https://blocktrace.app/verify/NFT_00039', N'2026-03-17 00:05:00');
IF NOT EXISTS (SELECT 1 FROM [dbo].[QR_CODE] WHERE [qr_id] = N'QR_0040')
    INSERT INTO [dbo].[QR_CODE] ([qr_id], [tokenId], [url], [generated_at]) VALUES (N'QR_0040', N'NFT_00040', N'https://blocktrace.app/verify/NFT_00040', N'2026-04-03 17:05:00');
IF NOT EXISTS (SELECT 1 FROM [dbo].[QR_CODE] WHERE [qr_id] = N'QR_0041')
    INSERT INTO [dbo].[QR_CODE] ([qr_id], [tokenId], [url], [generated_at]) VALUES (N'QR_0041', N'NFT_00041', N'https://blocktrace.app/verify/NFT_00041', N'2026-04-02 09:05:00');
IF NOT EXISTS (SELECT 1 FROM [dbo].[QR_CODE] WHERE [qr_id] = N'QR_0042')
    INSERT INTO [dbo].[QR_CODE] ([qr_id], [tokenId], [url], [generated_at]) VALUES (N'QR_0042', N'NFT_00042', N'https://blocktrace.app/verify/NFT_00042', N'2026-03-24 10:05:00');
IF NOT EXISTS (SELECT 1 FROM [dbo].[QR_CODE] WHERE [qr_id] = N'QR_0043')
    INSERT INTO [dbo].[QR_CODE] ([qr_id], [tokenId], [url], [generated_at]) VALUES (N'QR_0043', N'NFT_00043', N'https://blocktrace.app/verify/NFT_00043', N'2026-03-22 07:05:00');
IF NOT EXISTS (SELECT 1 FROM [dbo].[QR_CODE] WHERE [qr_id] = N'QR_0044')
    INSERT INTO [dbo].[QR_CODE] ([qr_id], [tokenId], [url], [generated_at]) VALUES (N'QR_0044', N'NFT_00044', N'https://blocktrace.app/verify/NFT_00044', N'2026-03-28 14:05:00');
IF NOT EXISTS (SELECT 1 FROM [dbo].[QR_CODE] WHERE [qr_id] = N'QR_0045')
    INSERT INTO [dbo].[QR_CODE] ([qr_id], [tokenId], [url], [generated_at]) VALUES (N'QR_0045', N'NFT_00045', N'https://blocktrace.app/verify/NFT_00045', N'2026-03-29 15:05:00');
IF NOT EXISTS (SELECT 1 FROM [dbo].[QR_CODE] WHERE [qr_id] = N'QR_0046')
    INSERT INTO [dbo].[QR_CODE] ([qr_id], [tokenId], [url], [generated_at]) VALUES (N'QR_0046', N'NFT_00046', N'https://blocktrace.app/verify/NFT_00046', N'2026-03-26 11:05:00');
IF NOT EXISTS (SELECT 1 FROM [dbo].[QR_CODE] WHERE [qr_id] = N'QR_0047')
    INSERT INTO [dbo].[QR_CODE] ([qr_id], [tokenId], [url], [generated_at]) VALUES (N'QR_0047', N'NFT_00047', N'https://blocktrace.app/verify/NFT_00047', N'2026-04-01 13:05:00');
IF NOT EXISTS (SELECT 1 FROM [dbo].[QR_CODE] WHERE [qr_id] = N'QR_0048')
    INSERT INTO [dbo].[QR_CODE] ([qr_id], [tokenId], [url], [generated_at]) VALUES (N'QR_0048', N'NFT_00048', N'https://blocktrace.app/verify/NFT_00048', N'2026-03-18 21:05:00');
IF NOT EXISTS (SELECT 1 FROM [dbo].[QR_CODE] WHERE [qr_id] = N'QR_0049')
    INSERT INTO [dbo].[QR_CODE] ([qr_id], [tokenId], [url], [generated_at]) VALUES (N'QR_0049', N'NFT_00049', N'https://blocktrace.app/verify/NFT_00049', N'2026-03-19 03:05:00');
IF NOT EXISTS (SELECT 1 FROM [dbo].[QR_CODE] WHERE [qr_id] = N'QR_0050')
    INSERT INTO [dbo].[QR_CODE] ([qr_id], [tokenId], [url], [generated_at]) VALUES (N'QR_0050', N'NFT_00050', N'https://blocktrace.app/verify/NFT_00050', N'2026-03-31 14:05:00');
IF NOT EXISTS (SELECT 1 FROM [dbo].[QR_CODE] WHERE [qr_id] = N'QR_0051')
    INSERT INTO [dbo].[QR_CODE] ([qr_id], [tokenId], [url], [generated_at]) VALUES (N'QR_0051', N'NFT_00051', N'https://blocktrace.app/verify/NFT_00051', N'2026-03-17 07:05:00');
IF NOT EXISTS (SELECT 1 FROM [dbo].[QR_CODE] WHERE [qr_id] = N'QR_0052')
    INSERT INTO [dbo].[QR_CODE] ([qr_id], [tokenId], [url], [generated_at]) VALUES (N'QR_0052', N'NFT_00052', N'https://blocktrace.app/verify/NFT_00052', N'2026-03-31 06:05:00');
IF NOT EXISTS (SELECT 1 FROM [dbo].[QR_CODE] WHERE [qr_id] = N'QR_0053')
    INSERT INTO [dbo].[QR_CODE] ([qr_id], [tokenId], [url], [generated_at]) VALUES (N'QR_0053', N'NFT_00053', N'https://blocktrace.app/verify/NFT_00053', N'2026-03-19 22:05:00');
IF NOT EXISTS (SELECT 1 FROM [dbo].[QR_CODE] WHERE [qr_id] = N'QR_0054')
    INSERT INTO [dbo].[QR_CODE] ([qr_id], [tokenId], [url], [generated_at]) VALUES (N'QR_0054', N'NFT_00054', N'https://blocktrace.app/verify/NFT_00054', N'2026-03-19 13:05:00');
IF NOT EXISTS (SELECT 1 FROM [dbo].[QR_CODE] WHERE [qr_id] = N'QR_0055')
    INSERT INTO [dbo].[QR_CODE] ([qr_id], [tokenId], [url], [generated_at]) VALUES (N'QR_0055', N'NFT_00055', N'https://blocktrace.app/verify/NFT_00055', N'2026-03-21 13:05:00');
IF NOT EXISTS (SELECT 1 FROM [dbo].[QR_CODE] WHERE [qr_id] = N'QR_0056')
    INSERT INTO [dbo].[QR_CODE] ([qr_id], [tokenId], [url], [generated_at]) VALUES (N'QR_0056', N'NFT_00056', N'https://blocktrace.app/verify/NFT_00056', N'2026-03-25 16:05:00');
IF NOT EXISTS (SELECT 1 FROM [dbo].[QR_CODE] WHERE [qr_id] = N'QR_0057')
    INSERT INTO [dbo].[QR_CODE] ([qr_id], [tokenId], [url], [generated_at]) VALUES (N'QR_0057', N'NFT_00057', N'https://blocktrace.app/verify/NFT_00057', N'2026-03-21 12:05:00');
IF NOT EXISTS (SELECT 1 FROM [dbo].[QR_CODE] WHERE [qr_id] = N'QR_0058')
    INSERT INTO [dbo].[QR_CODE] ([qr_id], [tokenId], [url], [generated_at]) VALUES (N'QR_0058', N'NFT_00058', N'https://blocktrace.app/verify/NFT_00058', N'2026-03-21 19:05:00');
IF NOT EXISTS (SELECT 1 FROM [dbo].[QR_CODE] WHERE [qr_id] = N'QR_0059')
    INSERT INTO [dbo].[QR_CODE] ([qr_id], [tokenId], [url], [generated_at]) VALUES (N'QR_0059', N'NFT_00059', N'https://blocktrace.app/verify/NFT_00059', N'2026-03-31 08:05:00');
IF NOT EXISTS (SELECT 1 FROM [dbo].[QR_CODE] WHERE [qr_id] = N'QR_0060')
    INSERT INTO [dbo].[QR_CODE] ([qr_id], [tokenId], [url], [generated_at]) VALUES (N'QR_0060', N'NFT_00060', N'https://blocktrace.app/verify/NFT_00060', N'2026-03-26 07:05:00');
IF NOT EXISTS (SELECT 1 FROM [dbo].[QR_CODE] WHERE [qr_id] = N'QR_0061')
    INSERT INTO [dbo].[QR_CODE] ([qr_id], [tokenId], [url], [generated_at]) VALUES (N'QR_0061', N'NFT_00061', N'https://blocktrace.app/verify/NFT_00061', N'2026-03-25 01:05:00');
IF NOT EXISTS (SELECT 1 FROM [dbo].[QR_CODE] WHERE [qr_id] = N'QR_0062')
    INSERT INTO [dbo].[QR_CODE] ([qr_id], [tokenId], [url], [generated_at]) VALUES (N'QR_0062', N'NFT_00062', N'https://blocktrace.app/verify/NFT_00062', N'2026-03-17 04:05:00');
IF NOT EXISTS (SELECT 1 FROM [dbo].[QR_CODE] WHERE [qr_id] = N'QR_0063')
    INSERT INTO [dbo].[QR_CODE] ([qr_id], [tokenId], [url], [generated_at]) VALUES (N'QR_0063', N'NFT_00063', N'https://blocktrace.app/verify/NFT_00063', N'2026-03-29 14:05:00');
IF NOT EXISTS (SELECT 1 FROM [dbo].[QR_CODE] WHERE [qr_id] = N'QR_0064')
    INSERT INTO [dbo].[QR_CODE] ([qr_id], [tokenId], [url], [generated_at]) VALUES (N'QR_0064', N'NFT_00064', N'https://blocktrace.app/verify/NFT_00064', N'2026-03-21 09:05:00');
IF NOT EXISTS (SELECT 1 FROM [dbo].[QR_CODE] WHERE [qr_id] = N'QR_0065')
    INSERT INTO [dbo].[QR_CODE] ([qr_id], [tokenId], [url], [generated_at]) VALUES (N'QR_0065', N'NFT_00065', N'https://blocktrace.app/verify/NFT_00065', N'2026-04-03 18:05:00');
IF NOT EXISTS (SELECT 1 FROM [dbo].[QR_CODE] WHERE [qr_id] = N'QR_0066')
    INSERT INTO [dbo].[QR_CODE] ([qr_id], [tokenId], [url], [generated_at]) VALUES (N'QR_0066', N'NFT_00066', N'https://blocktrace.app/verify/NFT_00066', N'2026-03-28 00:05:00');
IF NOT EXISTS (SELECT 1 FROM [dbo].[QR_CODE] WHERE [qr_id] = N'QR_0067')
    INSERT INTO [dbo].[QR_CODE] ([qr_id], [tokenId], [url], [generated_at]) VALUES (N'QR_0067', N'NFT_00067', N'https://blocktrace.app/verify/NFT_00067', N'2026-03-19 11:05:00');
IF NOT EXISTS (SELECT 1 FROM [dbo].[QR_CODE] WHERE [qr_id] = N'QR_0068')
    INSERT INTO [dbo].[QR_CODE] ([qr_id], [tokenId], [url], [generated_at]) VALUES (N'QR_0068', N'NFT_00068', N'https://blocktrace.app/verify/NFT_00068', N'2026-03-27 04:05:00');
IF NOT EXISTS (SELECT 1 FROM [dbo].[QR_CODE] WHERE [qr_id] = N'QR_0069')
    INSERT INTO [dbo].[QR_CODE] ([qr_id], [tokenId], [url], [generated_at]) VALUES (N'QR_0069', N'NFT_00069', N'https://blocktrace.app/verify/NFT_00069', N'2026-03-29 08:05:00');
IF NOT EXISTS (SELECT 1 FROM [dbo].[QR_CODE] WHERE [qr_id] = N'QR_0070')
    INSERT INTO [dbo].[QR_CODE] ([qr_id], [tokenId], [url], [generated_at]) VALUES (N'QR_0070', N'NFT_00070', N'https://blocktrace.app/verify/NFT_00070', N'2026-03-18 07:05:00');
IF NOT EXISTS (SELECT 1 FROM [dbo].[QR_CODE] WHERE [qr_id] = N'QR_0071')
    INSERT INTO [dbo].[QR_CODE] ([qr_id], [tokenId], [url], [generated_at]) VALUES (N'QR_0071', N'NFT_00071', N'https://blocktrace.app/verify/NFT_00071', N'2026-03-21 21:05:00');
IF NOT EXISTS (SELECT 1 FROM [dbo].[QR_CODE] WHERE [qr_id] = N'QR_0072')
    INSERT INTO [dbo].[QR_CODE] ([qr_id], [tokenId], [url], [generated_at]) VALUES (N'QR_0072', N'NFT_00072', N'https://blocktrace.app/verify/NFT_00072', N'2026-03-18 08:05:00');
IF NOT EXISTS (SELECT 1 FROM [dbo].[QR_CODE] WHERE [qr_id] = N'QR_0073')
    INSERT INTO [dbo].[QR_CODE] ([qr_id], [tokenId], [url], [generated_at]) VALUES (N'QR_0073', N'NFT_00073', N'https://blocktrace.app/verify/NFT_00073', N'2026-03-19 02:05:00');
IF NOT EXISTS (SELECT 1 FROM [dbo].[QR_CODE] WHERE [qr_id] = N'QR_0074')
    INSERT INTO [dbo].[QR_CODE] ([qr_id], [tokenId], [url], [generated_at]) VALUES (N'QR_0074', N'NFT_00074', N'https://blocktrace.app/verify/NFT_00074', N'2026-03-31 08:05:00');
IF NOT EXISTS (SELECT 1 FROM [dbo].[QR_CODE] WHERE [qr_id] = N'QR_0075')
    INSERT INTO [dbo].[QR_CODE] ([qr_id], [tokenId], [url], [generated_at]) VALUES (N'QR_0075', N'NFT_00075', N'https://blocktrace.app/verify/NFT_00075', N'2026-03-23 10:05:00');
IF NOT EXISTS (SELECT 1 FROM [dbo].[QR_CODE] WHERE [qr_id] = N'QR_0076')
    INSERT INTO [dbo].[QR_CODE] ([qr_id], [tokenId], [url], [generated_at]) VALUES (N'QR_0076', N'NFT_00076', N'https://blocktrace.app/verify/NFT_00076', N'2026-03-31 18:05:00');
IF NOT EXISTS (SELECT 1 FROM [dbo].[QR_CODE] WHERE [qr_id] = N'QR_0077')
    INSERT INTO [dbo].[QR_CODE] ([qr_id], [tokenId], [url], [generated_at]) VALUES (N'QR_0077', N'NFT_00077', N'https://blocktrace.app/verify/NFT_00077', N'2026-03-18 15:05:00');
IF NOT EXISTS (SELECT 1 FROM [dbo].[QR_CODE] WHERE [qr_id] = N'QR_0078')
    INSERT INTO [dbo].[QR_CODE] ([qr_id], [tokenId], [url], [generated_at]) VALUES (N'QR_0078', N'NFT_00078', N'https://blocktrace.app/verify/NFT_00078', N'2026-04-02 04:05:00');
IF NOT EXISTS (SELECT 1 FROM [dbo].[QR_CODE] WHERE [qr_id] = N'QR_0079')
    INSERT INTO [dbo].[QR_CODE] ([qr_id], [tokenId], [url], [generated_at]) VALUES (N'QR_0079', N'NFT_00079', N'https://blocktrace.app/verify/NFT_00079', N'2026-03-18 08:05:00');
IF NOT EXISTS (SELECT 1 FROM [dbo].[QR_CODE] WHERE [qr_id] = N'QR_0080')
    INSERT INTO [dbo].[QR_CODE] ([qr_id], [tokenId], [url], [generated_at]) VALUES (N'QR_0080', N'NFT_00080', N'https://blocktrace.app/verify/NFT_00080', N'2026-03-28 00:05:00');
IF NOT EXISTS (SELECT 1 FROM [dbo].[QR_CODE] WHERE [qr_id] = N'QR_0081')
    INSERT INTO [dbo].[QR_CODE] ([qr_id], [tokenId], [url], [generated_at]) VALUES (N'QR_0081', N'NFT_00081', N'https://blocktrace.app/verify/NFT_00081', N'2026-03-29 03:05:00');
IF NOT EXISTS (SELECT 1 FROM [dbo].[QR_CODE] WHERE [qr_id] = N'QR_0082')
    INSERT INTO [dbo].[QR_CODE] ([qr_id], [tokenId], [url], [generated_at]) VALUES (N'QR_0082', N'NFT_00082', N'https://blocktrace.app/verify/NFT_00082', N'2026-03-18 08:05:00');
IF NOT EXISTS (SELECT 1 FROM [dbo].[QR_CODE] WHERE [qr_id] = N'QR_0083')
    INSERT INTO [dbo].[QR_CODE] ([qr_id], [tokenId], [url], [generated_at]) VALUES (N'QR_0083', N'NFT_00083', N'https://blocktrace.app/verify/NFT_00083', N'2026-03-21 22:05:00');
IF NOT EXISTS (SELECT 1 FROM [dbo].[QR_CODE] WHERE [qr_id] = N'QR_0084')
    INSERT INTO [dbo].[QR_CODE] ([qr_id], [tokenId], [url], [generated_at]) VALUES (N'QR_0084', N'NFT_00084', N'https://blocktrace.app/verify/NFT_00084', N'2026-04-04 09:05:00');
IF NOT EXISTS (SELECT 1 FROM [dbo].[QR_CODE] WHERE [qr_id] = N'QR_0085')
    INSERT INTO [dbo].[QR_CODE] ([qr_id], [tokenId], [url], [generated_at]) VALUES (N'QR_0085', N'NFT_00085', N'https://blocktrace.app/verify/NFT_00085', N'2026-03-26 00:05:00');
IF NOT EXISTS (SELECT 1 FROM [dbo].[QR_CODE] WHERE [qr_id] = N'QR_0086')
    INSERT INTO [dbo].[QR_CODE] ([qr_id], [tokenId], [url], [generated_at]) VALUES (N'QR_0086', N'NFT_00086', N'https://blocktrace.app/verify/NFT_00086', N'2026-03-25 02:05:00');
IF NOT EXISTS (SELECT 1 FROM [dbo].[QR_CODE] WHERE [qr_id] = N'QR_0087')
    INSERT INTO [dbo].[QR_CODE] ([qr_id], [tokenId], [url], [generated_at]) VALUES (N'QR_0087', N'NFT_00087', N'https://blocktrace.app/verify/NFT_00087', N'2026-03-28 22:05:00');
IF NOT EXISTS (SELECT 1 FROM [dbo].[QR_CODE] WHERE [qr_id] = N'QR_0088')
    INSERT INTO [dbo].[QR_CODE] ([qr_id], [tokenId], [url], [generated_at]) VALUES (N'QR_0088', N'NFT_00088', N'https://blocktrace.app/verify/NFT_00088', N'2026-03-27 16:05:00');
IF NOT EXISTS (SELECT 1 FROM [dbo].[QR_CODE] WHERE [qr_id] = N'QR_0089')
    INSERT INTO [dbo].[QR_CODE] ([qr_id], [tokenId], [url], [generated_at]) VALUES (N'QR_0089', N'NFT_00089', N'https://blocktrace.app/verify/NFT_00089', N'2026-03-31 19:05:00');
IF NOT EXISTS (SELECT 1 FROM [dbo].[QR_CODE] WHERE [qr_id] = N'QR_0090')
    INSERT INTO [dbo].[QR_CODE] ([qr_id], [tokenId], [url], [generated_at]) VALUES (N'QR_0090', N'NFT_00090', N'https://blocktrace.app/verify/NFT_00090', N'2026-03-23 21:05:00');
IF NOT EXISTS (SELECT 1 FROM [dbo].[QR_CODE] WHERE [qr_id] = N'QR_0091')
    INSERT INTO [dbo].[QR_CODE] ([qr_id], [tokenId], [url], [generated_at]) VALUES (N'QR_0091', N'NFT_00091', N'https://blocktrace.app/verify/NFT_00091', N'2026-03-31 15:05:00');
IF NOT EXISTS (SELECT 1 FROM [dbo].[QR_CODE] WHERE [qr_id] = N'QR_0092')
    INSERT INTO [dbo].[QR_CODE] ([qr_id], [tokenId], [url], [generated_at]) VALUES (N'QR_0092', N'NFT_00092', N'https://blocktrace.app/verify/NFT_00092', N'2026-03-30 11:05:00');
IF NOT EXISTS (SELECT 1 FROM [dbo].[QR_CODE] WHERE [qr_id] = N'QR_0093')
    INSERT INTO [dbo].[QR_CODE] ([qr_id], [tokenId], [url], [generated_at]) VALUES (N'QR_0093', N'NFT_00093', N'https://blocktrace.app/verify/NFT_00093', N'2026-03-20 17:05:00');
IF NOT EXISTS (SELECT 1 FROM [dbo].[QR_CODE] WHERE [qr_id] = N'QR_0094')
    INSERT INTO [dbo].[QR_CODE] ([qr_id], [tokenId], [url], [generated_at]) VALUES (N'QR_0094', N'NFT_00094', N'https://blocktrace.app/verify/NFT_00094', N'2026-03-19 21:05:00');
IF NOT EXISTS (SELECT 1 FROM [dbo].[QR_CODE] WHERE [qr_id] = N'QR_0095')
    INSERT INTO [dbo].[QR_CODE] ([qr_id], [tokenId], [url], [generated_at]) VALUES (N'QR_0095', N'NFT_00095', N'https://blocktrace.app/verify/NFT_00095', N'2026-04-03 21:05:00');
IF NOT EXISTS (SELECT 1 FROM [dbo].[QR_CODE] WHERE [qr_id] = N'QR_0096')
    INSERT INTO [dbo].[QR_CODE] ([qr_id], [tokenId], [url], [generated_at]) VALUES (N'QR_0096', N'NFT_00096', N'https://blocktrace.app/verify/NFT_00096', N'2026-03-20 14:05:00');
IF NOT EXISTS (SELECT 1 FROM [dbo].[QR_CODE] WHERE [qr_id] = N'QR_0097')
    INSERT INTO [dbo].[QR_CODE] ([qr_id], [tokenId], [url], [generated_at]) VALUES (N'QR_0097', N'NFT_00097', N'https://blocktrace.app/verify/NFT_00097', N'2026-03-25 01:05:00');
IF NOT EXISTS (SELECT 1 FROM [dbo].[QR_CODE] WHERE [qr_id] = N'QR_0098')
    INSERT INTO [dbo].[QR_CODE] ([qr_id], [tokenId], [url], [generated_at]) VALUES (N'QR_0098', N'NFT_00098', N'https://blocktrace.app/verify/NFT_00098', N'2026-04-03 22:05:00');
IF NOT EXISTS (SELECT 1 FROM [dbo].[QR_CODE] WHERE [qr_id] = N'QR_0099')
    INSERT INTO [dbo].[QR_CODE] ([qr_id], [tokenId], [url], [generated_at]) VALUES (N'QR_0099', N'NFT_00099', N'https://blocktrace.app/verify/NFT_00099', N'2026-04-02 06:05:00');
IF NOT EXISTS (SELECT 1 FROM [dbo].[QR_CODE] WHERE [qr_id] = N'QR_0100')
    INSERT INTO [dbo].[QR_CODE] ([qr_id], [tokenId], [url], [generated_at]) VALUES (N'QR_0100', N'NFT_00100', N'https://blocktrace.app/verify/NFT_00100', N'2026-04-01 19:05:00');

-- TRANSACTION
IF NOT EXISTS (SELECT 1 FROM [dbo].[TRANSACTION] WHERE [tx_id] = N'TX_0001')
    INSERT INTO [dbo].[TRANSACTION] ([tx_id], [tokenId], [carrier_id], [customer_id], [escrow_status], [escrow_amount], [payment_released_at], [payment_released_reason], [blockchain_tx_hash], [smart_contract_address], [created_at]) VALUES (N'TX_0001', N'NFT_00001', N'CARR_0002', N'CUST_0010', N'Released', 2001.75, N'2026-04-01 07:00:00', N'Successful Delivery and Verified', N'0x5b7666c6f5cfc0b3b455c58338d1357b7f0abe74961a45e12b5c62243139c484', N'0x71C7656EC7ab88b098defB751B7401B5f6d8976F', N'2026-03-27 07:00:00');
IF NOT EXISTS (SELECT 1 FROM [dbo].[TRANSACTION] WHERE [tx_id] = N'TX_0002')
    INSERT INTO [dbo].[TRANSACTION] ([tx_id], [tokenId], [carrier_id], [customer_id], [escrow_status], [escrow_amount], [payment_released_at], [payment_released_reason], [blockchain_tx_hash], [smart_contract_address], [created_at]) VALUES (N'TX_0002', N'NFT_00002', N'CARR_0001', N'CUST_0011', N'Pending', 4807.4, NULL, NULL, N'0x5cb35353f49e2a6ccd0f59ffd58451118128d97a31ad7ef25297cbfe6496052d', N'0x71C7656EC7ab88b098defB751B7401B5f6d8976F', N'2026-03-27 23:00:00');
IF NOT EXISTS (SELECT 1 FROM [dbo].[TRANSACTION] WHERE [tx_id] = N'TX_0003')
    INSERT INTO [dbo].[TRANSACTION] ([tx_id], [tokenId], [carrier_id], [customer_id], [escrow_status], [escrow_amount], [payment_released_at], [payment_released_reason], [blockchain_tx_hash], [smart_contract_address], [created_at]) VALUES (N'TX_0003', N'NFT_00003', N'CARR_0003', N'CUST_0018', N'Released', 2559.89, N'2026-03-28 01:00:00', N'Successful Delivery and Verified', N'0xac95ed2c3209dc8f5533464e352e7d67bb67636d12eb1c179b53fc54170c6d5f', N'0x71C7656EC7ab88b098defB751B7401B5f6d8976F', N'2026-03-23 01:00:00');
IF NOT EXISTS (SELECT 1 FROM [dbo].[TRANSACTION] WHERE [tx_id] = N'TX_0004')
    INSERT INTO [dbo].[TRANSACTION] ([tx_id], [tokenId], [carrier_id], [customer_id], [escrow_status], [escrow_amount], [payment_released_at], [payment_released_reason], [blockchain_tx_hash], [smart_contract_address], [created_at]) VALUES (N'TX_0004', N'NFT_00004', N'CARR_0004', N'CUST_0010', N'Released', 1532.11, N'2026-04-11 07:00:00', N'Successful Delivery and Verified', N'0xbace0fbe0d20827093b49d6282ca5ec0365d90007b268cb215361f76e7dc07e4', N'0x71C7656EC7ab88b098defB751B7401B5f6d8976F', N'2026-04-06 07:00:00');
IF NOT EXISTS (SELECT 1 FROM [dbo].[TRANSACTION] WHERE [tx_id] = N'TX_0005')
    INSERT INTO [dbo].[TRANSACTION] ([tx_id], [tokenId], [carrier_id], [customer_id], [escrow_status], [escrow_amount], [payment_released_at], [payment_released_reason], [blockchain_tx_hash], [smart_contract_address], [created_at]) VALUES (N'TX_0005', N'NFT_00005', N'CARR_0005', N'CUST_0012', N'Released', 4806.07, N'2026-04-04 18:00:00', N'Successful Delivery and Verified', N'0xa17d928c2abb4934b4b798f4e552bdbcacf0ad3607d3df6f747ba85f25dc71dc', N'0x71C7656EC7ab88b098defB751B7401B5f6d8976F', N'2026-03-30 18:00:00');
IF NOT EXISTS (SELECT 1 FROM [dbo].[TRANSACTION] WHERE [tx_id] = N'TX_0006')
    INSERT INTO [dbo].[TRANSACTION] ([tx_id], [tokenId], [carrier_id], [customer_id], [escrow_status], [escrow_amount], [payment_released_at], [payment_released_reason], [blockchain_tx_hash], [smart_contract_address], [created_at]) VALUES (N'TX_0006', N'NFT_00006', N'CARR_0003', N'CUST_0014', N'Locked', 3390.32, NULL, NULL, N'0xf237184d46f1d86ff3d30b592d8c53f8512a9dc2f9d4ff4efe72f0484e9f062d', N'0x71C7656EC7ab88b098defB751B7401B5f6d8976F', N'2026-03-23 09:00:00');
IF NOT EXISTS (SELECT 1 FROM [dbo].[TRANSACTION] WHERE [tx_id] = N'TX_0007')
    INSERT INTO [dbo].[TRANSACTION] ([tx_id], [tokenId], [carrier_id], [customer_id], [escrow_status], [escrow_amount], [payment_released_at], [payment_released_reason], [blockchain_tx_hash], [smart_contract_address], [created_at]) VALUES (N'TX_0007', N'NFT_00007', N'CARR_0002', N'CUST_0013', N'Released', 4038.41, N'2026-03-27 15:00:00', N'Successful Delivery and Verified', N'0xa63d1f4e1bf27ac0141a7a41b71fe54f6e179ebcc31f995dadf6ad4b4486df11', N'0x71C7656EC7ab88b098defB751B7401B5f6d8976F', N'2026-03-22 15:00:00');
IF NOT EXISTS (SELECT 1 FROM [dbo].[TRANSACTION] WHERE [tx_id] = N'TX_0008')
    INSERT INTO [dbo].[TRANSACTION] ([tx_id], [tokenId], [carrier_id], [customer_id], [escrow_status], [escrow_amount], [payment_released_at], [payment_released_reason], [blockchain_tx_hash], [smart_contract_address], [created_at]) VALUES (N'TX_0008', N'NFT_00008', N'CARR_0002', N'CUST_0019', N'Released', 2727.39, N'2026-04-09 12:00:00', N'Successful Delivery and Verified', N'0x9a1cb8d68e699cf91c5ae66b5cd98fdaca090f1ecbd4d5f3707f4c3c8565ddd5', N'0x71C7656EC7ab88b098defB751B7401B5f6d8976F', N'2026-04-04 12:00:00');
IF NOT EXISTS (SELECT 1 FROM [dbo].[TRANSACTION] WHERE [tx_id] = N'TX_0009')
    INSERT INTO [dbo].[TRANSACTION] ([tx_id], [tokenId], [carrier_id], [customer_id], [escrow_status], [escrow_amount], [payment_released_at], [payment_released_reason], [blockchain_tx_hash], [smart_contract_address], [created_at]) VALUES (N'TX_0009', N'NFT_00009', N'CARR_0002', N'CUST_0011', N'Released', 4229.07, N'2026-04-02 08:00:00', N'Successful Delivery and Verified', N'0x1ba57264b5cecf519eb8c86b319e64b86e1fde491f708a47df33a30309d6896d', N'0x71C7656EC7ab88b098defB751B7401B5f6d8976F', N'2026-03-28 08:00:00');
IF NOT EXISTS (SELECT 1 FROM [dbo].[TRANSACTION] WHERE [tx_id] = N'TX_0010')
    INSERT INTO [dbo].[TRANSACTION] ([tx_id], [tokenId], [carrier_id], [customer_id], [escrow_status], [escrow_amount], [payment_released_at], [payment_released_reason], [blockchain_tx_hash], [smart_contract_address], [created_at]) VALUES (N'TX_0010', N'NFT_00010', N'CARR_0005', N'CUST_0013', N'Released', 3860.57, N'2026-03-27 07:00:00', N'Successful Delivery and Verified', N'0xbfc45ee55f2df382fc875c9bba8f790976f28805d2a1b9fbb7bff378a59ef28a', N'0x71C7656EC7ab88b098defB751B7401B5f6d8976F', N'2026-03-22 07:00:00');
IF NOT EXISTS (SELECT 1 FROM [dbo].[TRANSACTION] WHERE [tx_id] = N'TX_0011')
    INSERT INTO [dbo].[TRANSACTION] ([tx_id], [tokenId], [carrier_id], [customer_id], [escrow_status], [escrow_amount], [payment_released_at], [payment_released_reason], [blockchain_tx_hash], [smart_contract_address], [created_at]) VALUES (N'TX_0011', N'NFT_00011', N'CARR_0001', N'CUST_0020', N'Released', 738.37, N'2026-03-29 06:00:00', N'Successful Delivery and Verified', N'0xc9c11623fcfd0eb516bac67d242641435a1714e08a10f054c9512a78f1a2527d', N'0x71C7656EC7ab88b098defB751B7401B5f6d8976F', N'2026-03-24 06:00:00');
IF NOT EXISTS (SELECT 1 FROM [dbo].[TRANSACTION] WHERE [tx_id] = N'TX_0012')
    INSERT INTO [dbo].[TRANSACTION] ([tx_id], [tokenId], [carrier_id], [customer_id], [escrow_status], [escrow_amount], [payment_released_at], [payment_released_reason], [blockchain_tx_hash], [smart_contract_address], [created_at]) VALUES (N'TX_0012', N'NFT_00012', N'CARR_0005', N'CUST_0005', N'Released', 4164.63, N'2026-03-27 20:00:00', N'Successful Delivery and Verified', N'0x79eec1ee1a92132957adcfa132f7c00f7dac9d1ae9b8ca42c4a66775767c4a0d', N'0x71C7656EC7ab88b098defB751B7401B5f6d8976F', N'2026-03-22 20:00:00');
IF NOT EXISTS (SELECT 1 FROM [dbo].[TRANSACTION] WHERE [tx_id] = N'TX_0013')
    INSERT INTO [dbo].[TRANSACTION] ([tx_id], [tokenId], [carrier_id], [customer_id], [escrow_status], [escrow_amount], [payment_released_at], [payment_released_reason], [blockchain_tx_hash], [smart_contract_address], [created_at]) VALUES (N'TX_0013', N'NFT_00013', N'CARR_0001', N'CUST_0010', N'Locked', 4514.42, NULL, NULL, N'0xb92500f658da68d8a037235b79906e14eae5263e62994eabe4fae60d6d3c40b0', N'0x71C7656EC7ab88b098defB751B7401B5f6d8976F', N'2026-03-31 11:00:00');
IF NOT EXISTS (SELECT 1 FROM [dbo].[TRANSACTION] WHERE [tx_id] = N'TX_0014')
    INSERT INTO [dbo].[TRANSACTION] ([tx_id], [tokenId], [carrier_id], [customer_id], [escrow_status], [escrow_amount], [payment_released_at], [payment_released_reason], [blockchain_tx_hash], [smart_contract_address], [created_at]) VALUES (N'TX_0014', N'NFT_00014', N'CARR_0002', N'CUST_0008', N'Released', 817.36, N'2026-04-02 23:00:00', N'Successful Delivery and Verified', N'0x12c182bfbb44d4c6e31d38071061b165b7ca8fcb002d427e06f83a5b07d94285', N'0x71C7656EC7ab88b098defB751B7401B5f6d8976F', N'2026-03-28 23:00:00');
IF NOT EXISTS (SELECT 1 FROM [dbo].[TRANSACTION] WHERE [tx_id] = N'TX_0015')
    INSERT INTO [dbo].[TRANSACTION] ([tx_id], [tokenId], [carrier_id], [customer_id], [escrow_status], [escrow_amount], [payment_released_at], [payment_released_reason], [blockchain_tx_hash], [smart_contract_address], [created_at]) VALUES (N'TX_0015', N'NFT_00015', N'CARR_0001', N'CUST_0014', N'Locked', 2831.21, NULL, NULL, N'0x0bb50ea00069dc080d796a6e374fa7e7e34bf642b6406edf2a36e77f75a283b9', N'0x71C7656EC7ab88b098defB751B7401B5f6d8976F', N'2026-03-27 17:00:00');
IF NOT EXISTS (SELECT 1 FROM [dbo].[TRANSACTION] WHERE [tx_id] = N'TX_0016')
    INSERT INTO [dbo].[TRANSACTION] ([tx_id], [tokenId], [carrier_id], [customer_id], [escrow_status], [escrow_amount], [payment_released_at], [payment_released_reason], [blockchain_tx_hash], [smart_contract_address], [created_at]) VALUES (N'TX_0016', N'NFT_00016', N'CARR_0005', N'CUST_0012', N'Refunded', 4551.59, NULL, NULL, N'0x8c6a321a4dc903826827b6a4b926c367d2e5e9beac10d0d5e323d5e9d7b418e2', N'0x71C7656EC7ab88b098defB751B7401B5f6d8976F', N'2026-03-23 14:00:00');
IF NOT EXISTS (SELECT 1 FROM [dbo].[TRANSACTION] WHERE [tx_id] = N'TX_0017')
    INSERT INTO [dbo].[TRANSACTION] ([tx_id], [tokenId], [carrier_id], [customer_id], [escrow_status], [escrow_amount], [payment_released_at], [payment_released_reason], [blockchain_tx_hash], [smart_contract_address], [created_at]) VALUES (N'TX_0017', N'NFT_00017', N'CARR_0005', N'CUST_0020', N'Released', 2343.56, N'2026-04-04 08:00:00', N'Successful Delivery and Verified', N'0x8ab4d31fe10e77c9f579707a551529ae1ef3a4cc5f799f548fe052ab4f54faa5', N'0x71C7656EC7ab88b098defB751B7401B5f6d8976F', N'2026-03-30 08:00:00');
IF NOT EXISTS (SELECT 1 FROM [dbo].[TRANSACTION] WHERE [tx_id] = N'TX_0018')
    INSERT INTO [dbo].[TRANSACTION] ([tx_id], [tokenId], [carrier_id], [customer_id], [escrow_status], [escrow_amount], [payment_released_at], [payment_released_reason], [blockchain_tx_hash], [smart_contract_address], [created_at]) VALUES (N'TX_0018', N'NFT_00018', N'CARR_0005', N'CUST_0001', N'Pending', 3805.89, NULL, NULL, N'0x06e60ab5cdc65fb874ee1a581cc1152ccd00cd92ad7dc11b3b11f0c3015873f9', N'0x71C7656EC7ab88b098defB751B7401B5f6d8976F', N'2026-03-26 09:00:00');
IF NOT EXISTS (SELECT 1 FROM [dbo].[TRANSACTION] WHERE [tx_id] = N'TX_0019')
    INSERT INTO [dbo].[TRANSACTION] ([tx_id], [tokenId], [carrier_id], [customer_id], [escrow_status], [escrow_amount], [payment_released_at], [payment_released_reason], [blockchain_tx_hash], [smart_contract_address], [created_at]) VALUES (N'TX_0019', N'NFT_00019', N'CARR_0003', N'CUST_0019', N'Locked', 4392.54, NULL, NULL, N'0x0202328fbb125f2a99846db8af4c115b9d1cb0b19e5aa14d7b77c5f390577edf', N'0x71C7656EC7ab88b098defB751B7401B5f6d8976F', N'2026-03-19 09:00:00');
IF NOT EXISTS (SELECT 1 FROM [dbo].[TRANSACTION] WHERE [tx_id] = N'TX_0020')
    INSERT INTO [dbo].[TRANSACTION] ([tx_id], [tokenId], [carrier_id], [customer_id], [escrow_status], [escrow_amount], [payment_released_at], [payment_released_reason], [blockchain_tx_hash], [smart_contract_address], [created_at]) VALUES (N'TX_0020', N'NFT_00020', N'CARR_0004', N'CUST_0015', N'Released', 1187.08, N'2026-04-11 20:00:00', N'Successful Delivery and Verified', N'0xb6fdc6d256de2f3074372dd43976d7a51fb928737fa54999855b297053fbeeae', N'0x71C7656EC7ab88b098defB751B7401B5f6d8976F', N'2026-04-06 20:00:00');
IF NOT EXISTS (SELECT 1 FROM [dbo].[TRANSACTION] WHERE [tx_id] = N'TX_0021')
    INSERT INTO [dbo].[TRANSACTION] ([tx_id], [tokenId], [carrier_id], [customer_id], [escrow_status], [escrow_amount], [payment_released_at], [payment_released_reason], [blockchain_tx_hash], [smart_contract_address], [created_at]) VALUES (N'TX_0021', N'NFT_00021', N'CARR_0003', N'CUST_0018', N'Released', 2033.41, N'2026-04-07 03:00:00', N'Successful Delivery and Verified', N'0xcbefc9eb9d39e5e62587efb163cb5c730598cf75e3c3e940e8836bd4340a65cf', N'0x71C7656EC7ab88b098defB751B7401B5f6d8976F', N'2026-04-02 03:00:00');
IF NOT EXISTS (SELECT 1 FROM [dbo].[TRANSACTION] WHERE [tx_id] = N'TX_0022')
    INSERT INTO [dbo].[TRANSACTION] ([tx_id], [tokenId], [carrier_id], [customer_id], [escrow_status], [escrow_amount], [payment_released_at], [payment_released_reason], [blockchain_tx_hash], [smart_contract_address], [created_at]) VALUES (N'TX_0022', N'NFT_00022', N'CARR_0004', N'CUST_0018', N'Released', 1206.4, N'2026-04-11 04:00:00', N'Successful Delivery and Verified', N'0x75e73949500572d606529ca5c08bb7e212b155151606cb8132cd30a0ab70cff2', N'0x71C7656EC7ab88b098defB751B7401B5f6d8976F', N'2026-04-06 04:00:00');
IF NOT EXISTS (SELECT 1 FROM [dbo].[TRANSACTION] WHERE [tx_id] = N'TX_0023')
    INSERT INTO [dbo].[TRANSACTION] ([tx_id], [tokenId], [carrier_id], [customer_id], [escrow_status], [escrow_amount], [payment_released_at], [payment_released_reason], [blockchain_tx_hash], [smart_contract_address], [created_at]) VALUES (N'TX_0023', N'NFT_00023', N'CARR_0004', N'CUST_0013', N'Released', 586.65, N'2026-03-25 21:00:00', N'Successful Delivery and Verified', N'0xc7ab809390b95e238eb4882395541409a8620cbd39bdaed50a9e4843257bb76c', N'0x71C7656EC7ab88b098defB751B7401B5f6d8976F', N'2026-03-20 21:00:00');
IF NOT EXISTS (SELECT 1 FROM [dbo].[TRANSACTION] WHERE [tx_id] = N'TX_0024')
    INSERT INTO [dbo].[TRANSACTION] ([tx_id], [tokenId], [carrier_id], [customer_id], [escrow_status], [escrow_amount], [payment_released_at], [payment_released_reason], [blockchain_tx_hash], [smart_contract_address], [created_at]) VALUES (N'TX_0024', N'NFT_00024', N'CARR_0004', N'CUST_0018', N'Refunded', 3185.33, NULL, NULL, N'0xcaf110000407bf15afb54a40127efe1afcee21b7eb4091b36606720eafebb34a', N'0x71C7656EC7ab88b098defB751B7401B5f6d8976F', N'2026-03-27 09:00:00');
IF NOT EXISTS (SELECT 1 FROM [dbo].[TRANSACTION] WHERE [tx_id] = N'TX_0025')
    INSERT INTO [dbo].[TRANSACTION] ([tx_id], [tokenId], [carrier_id], [customer_id], [escrow_status], [escrow_amount], [payment_released_at], [payment_released_reason], [blockchain_tx_hash], [smart_contract_address], [created_at]) VALUES (N'TX_0025', N'NFT_00025', N'CARR_0002', N'CUST_0008', N'Refunded', 3603.54, NULL, NULL, N'0xcf09d8bcbb415d85eb85a695fc2aea6f142ea78ae5ef25abd9fcd6def88948fb', N'0x71C7656EC7ab88b098defB751B7401B5f6d8976F', N'2026-03-17 03:00:00');
IF NOT EXISTS (SELECT 1 FROM [dbo].[TRANSACTION] WHERE [tx_id] = N'TX_0026')
    INSERT INTO [dbo].[TRANSACTION] ([tx_id], [tokenId], [carrier_id], [customer_id], [escrow_status], [escrow_amount], [payment_released_at], [payment_released_reason], [blockchain_tx_hash], [smart_contract_address], [created_at]) VALUES (N'TX_0026', N'NFT_00026', N'CARR_0003', N'CUST_0016', N'Released', 1026.15, N'2026-03-28 19:00:00', N'Successful Delivery and Verified', N'0xbc86a69bbf3a2bcbefc7eb4c43af3043da171fa095549ea9af7547ccc69efaf6', N'0x71C7656EC7ab88b098defB751B7401B5f6d8976F', N'2026-03-23 19:00:00');
IF NOT EXISTS (SELECT 1 FROM [dbo].[TRANSACTION] WHERE [tx_id] = N'TX_0027')
    INSERT INTO [dbo].[TRANSACTION] ([tx_id], [tokenId], [carrier_id], [customer_id], [escrow_status], [escrow_amount], [payment_released_at], [payment_released_reason], [blockchain_tx_hash], [smart_contract_address], [created_at]) VALUES (N'TX_0027', N'NFT_00027', N'CARR_0001', N'CUST_0016', N'Refunded', 1634.7, NULL, NULL, N'0x13da1659758b791a9a081249c8b41827d096af1736ba2643d97bcf122f907c6b', N'0x71C7656EC7ab88b098defB751B7401B5f6d8976F', N'2026-04-05 01:00:00');
IF NOT EXISTS (SELECT 1 FROM [dbo].[TRANSACTION] WHERE [tx_id] = N'TX_0028')
    INSERT INTO [dbo].[TRANSACTION] ([tx_id], [tokenId], [carrier_id], [customer_id], [escrow_status], [escrow_amount], [payment_released_at], [payment_released_reason], [blockchain_tx_hash], [smart_contract_address], [created_at]) VALUES (N'TX_0028', N'NFT_00028', N'CARR_0003', N'CUST_0018', N'Released', 978.48, N'2026-04-11 18:00:00', N'Successful Delivery and Verified', N'0x748614f56eee129a7f541c268322b00c1a90e2edc37716a8c228d18f93cd5340', N'0x71C7656EC7ab88b098defB751B7401B5f6d8976F', N'2026-04-06 18:00:00');
IF NOT EXISTS (SELECT 1 FROM [dbo].[TRANSACTION] WHERE [tx_id] = N'TX_0029')
    INSERT INTO [dbo].[TRANSACTION] ([tx_id], [tokenId], [carrier_id], [customer_id], [escrow_status], [escrow_amount], [payment_released_at], [payment_released_reason], [blockchain_tx_hash], [smart_contract_address], [created_at]) VALUES (N'TX_0029', N'NFT_00029', N'CARR_0003', N'CUST_0013', N'Released', 624.49, N'2026-04-01 20:00:00', N'Successful Delivery and Verified', N'0xae69db29ceac294c6011e2a567ce4854f86dbbe9a971758a444485ee954d8646', N'0x71C7656EC7ab88b098defB751B7401B5f6d8976F', N'2026-03-27 20:00:00');
IF NOT EXISTS (SELECT 1 FROM [dbo].[TRANSACTION] WHERE [tx_id] = N'TX_0030')
    INSERT INTO [dbo].[TRANSACTION] ([tx_id], [tokenId], [carrier_id], [customer_id], [escrow_status], [escrow_amount], [payment_released_at], [payment_released_reason], [blockchain_tx_hash], [smart_contract_address], [created_at]) VALUES (N'TX_0030', N'NFT_00030', N'CARR_0005', N'CUST_0005', N'Released', 4110.1, N'2026-04-01 00:00:00', N'Successful Delivery and Verified', N'0xb3ab83781b439a5ec56be754116861c47e8d864fa716521cf011821b60a01fb4', N'0x71C7656EC7ab88b098defB751B7401B5f6d8976F', N'2026-03-27 00:00:00');
IF NOT EXISTS (SELECT 1 FROM [dbo].[TRANSACTION] WHERE [tx_id] = N'TX_0031')
    INSERT INTO [dbo].[TRANSACTION] ([tx_id], [tokenId], [carrier_id], [customer_id], [escrow_status], [escrow_amount], [payment_released_at], [payment_released_reason], [blockchain_tx_hash], [smart_contract_address], [created_at]) VALUES (N'TX_0031', N'NFT_00031', N'CARR_0002', N'CUST_0020', N'Locked', 3216.48, NULL, NULL, N'0xce5309c2f680299fc13639ee40a6dd73d672edc0c3a6e50867321da26354be6e', N'0x71C7656EC7ab88b098defB751B7401B5f6d8976F', N'2026-03-27 13:00:00');
IF NOT EXISTS (SELECT 1 FROM [dbo].[TRANSACTION] WHERE [tx_id] = N'TX_0032')
    INSERT INTO [dbo].[TRANSACTION] ([tx_id], [tokenId], [carrier_id], [customer_id], [escrow_status], [escrow_amount], [payment_released_at], [payment_released_reason], [blockchain_tx_hash], [smart_contract_address], [created_at]) VALUES (N'TX_0032', N'NFT_00032', N'CARR_0005', N'CUST_0008', N'Refunded', 3404.65, NULL, NULL, N'0x1b0950676654e42398830603b298484226d2621d99cddb47620f91c4c8c85282', N'0x71C7656EC7ab88b098defB751B7401B5f6d8976F', N'2026-03-20 11:00:00');
IF NOT EXISTS (SELECT 1 FROM [dbo].[TRANSACTION] WHERE [tx_id] = N'TX_0033')
    INSERT INTO [dbo].[TRANSACTION] ([tx_id], [tokenId], [carrier_id], [customer_id], [escrow_status], [escrow_amount], [payment_released_at], [payment_released_reason], [blockchain_tx_hash], [smart_contract_address], [created_at]) VALUES (N'TX_0033', N'NFT_00033', N'CARR_0003', N'CUST_0006', N'Released', 3948.57, N'2026-03-25 19:00:00', N'Successful Delivery and Verified', N'0x80802022dd943213ac1607ca6868ff59bbc8687c395496655306a2dcba430377', N'0x71C7656EC7ab88b098defB751B7401B5f6d8976F', N'2026-03-20 19:00:00');
IF NOT EXISTS (SELECT 1 FROM [dbo].[TRANSACTION] WHERE [tx_id] = N'TX_0034')
    INSERT INTO [dbo].[TRANSACTION] ([tx_id], [tokenId], [carrier_id], [customer_id], [escrow_status], [escrow_amount], [payment_released_at], [payment_released_reason], [blockchain_tx_hash], [smart_contract_address], [created_at]) VALUES (N'TX_0034', N'NFT_00034', N'CARR_0004', N'CUST_0012', N'Released', 4470.73, N'2026-03-23 09:00:00', N'Successful Delivery and Verified', N'0x760fee4076a69587ed753e2f2b403806c79408177c0cb91fe6a7b42e16604f39', N'0x71C7656EC7ab88b098defB751B7401B5f6d8976F', N'2026-03-18 09:00:00');
IF NOT EXISTS (SELECT 1 FROM [dbo].[TRANSACTION] WHERE [tx_id] = N'TX_0035')
    INSERT INTO [dbo].[TRANSACTION] ([tx_id], [tokenId], [carrier_id], [customer_id], [escrow_status], [escrow_amount], [payment_released_at], [payment_released_reason], [blockchain_tx_hash], [smart_contract_address], [created_at]) VALUES (N'TX_0035', N'NFT_00035', N'CARR_0002', N'CUST_0014', N'Released', 2961.75, N'2026-04-07 05:00:00', N'Successful Delivery and Verified', N'0x4e01d4717fe717e9fdf48ed5a8ad9acc3d64f4ff09c4d8d3f72185b65127e15e', N'0x71C7656EC7ab88b098defB751B7401B5f6d8976F', N'2026-04-02 05:00:00');
IF NOT EXISTS (SELECT 1 FROM [dbo].[TRANSACTION] WHERE [tx_id] = N'TX_0036')
    INSERT INTO [dbo].[TRANSACTION] ([tx_id], [tokenId], [carrier_id], [customer_id], [escrow_status], [escrow_amount], [payment_released_at], [payment_released_reason], [blockchain_tx_hash], [smart_contract_address], [created_at]) VALUES (N'TX_0036', N'NFT_00036', N'CARR_0004', N'CUST_0005', N'Released', 2364.0, N'2026-03-31 05:00:00', N'Successful Delivery and Verified', N'0xf5547fe63633c599d11b26eecb20704daeba1241f100eced744d1927d2c87346', N'0x71C7656EC7ab88b098defB751B7401B5f6d8976F', N'2026-03-26 05:00:00');
IF NOT EXISTS (SELECT 1 FROM [dbo].[TRANSACTION] WHERE [tx_id] = N'TX_0037')
    INSERT INTO [dbo].[TRANSACTION] ([tx_id], [tokenId], [carrier_id], [customer_id], [escrow_status], [escrow_amount], [payment_released_at], [payment_released_reason], [blockchain_tx_hash], [smart_contract_address], [created_at]) VALUES (N'TX_0037', N'NFT_00037', N'CARR_0002', N'CUST_0016', N'Released', 4146.22, N'2026-04-05 08:00:00', N'Successful Delivery and Verified', N'0x584b6c3f453221911721cb9b61af89e3702310d427a6b525f65e9b0cf67f2e39', N'0x71C7656EC7ab88b098defB751B7401B5f6d8976F', N'2026-03-31 08:00:00');
IF NOT EXISTS (SELECT 1 FROM [dbo].[TRANSACTION] WHERE [tx_id] = N'TX_0038')
    INSERT INTO [dbo].[TRANSACTION] ([tx_id], [tokenId], [carrier_id], [customer_id], [escrow_status], [escrow_amount], [payment_released_at], [payment_released_reason], [blockchain_tx_hash], [smart_contract_address], [created_at]) VALUES (N'TX_0038', N'NFT_00038', N'CARR_0002', N'CUST_0006', N'Refunded', 2380.42, NULL, NULL, N'0xcabc507d835ab88ef996fc7b88c056ac7eee935974a03e4480f766fc4d868fca', N'0x71C7656EC7ab88b098defB751B7401B5f6d8976F', N'2026-03-23 11:00:00');
IF NOT EXISTS (SELECT 1 FROM [dbo].[TRANSACTION] WHERE [tx_id] = N'TX_0039')
    INSERT INTO [dbo].[TRANSACTION] ([tx_id], [tokenId], [carrier_id], [customer_id], [escrow_status], [escrow_amount], [payment_released_at], [payment_released_reason], [blockchain_tx_hash], [smart_contract_address], [created_at]) VALUES (N'TX_0039', N'NFT_00039', N'CARR_0005', N'CUST_0002', N'Released', 2734.86, N'2026-03-24 00:00:00', N'Successful Delivery and Verified', N'0x988cde6b2a065371eb24426b5c4fba121ef1cc42c58d8879c512c840ecc1122d', N'0x71C7656EC7ab88b098defB751B7401B5f6d8976F', N'2026-03-19 00:00:00');
IF NOT EXISTS (SELECT 1 FROM [dbo].[TRANSACTION] WHERE [tx_id] = N'TX_0040')
    INSERT INTO [dbo].[TRANSACTION] ([tx_id], [tokenId], [carrier_id], [customer_id], [escrow_status], [escrow_amount], [payment_released_at], [payment_released_reason], [blockchain_tx_hash], [smart_contract_address], [created_at]) VALUES (N'TX_0040', N'NFT_00040', N'CARR_0004', N'CUST_0012', N'Released', 634.05, N'2026-04-10 17:00:00', N'Successful Delivery and Verified', N'0xdc6cc62979bfbdec8755e0390a55b057218c9788c1cca38601fafbdf4dff57b6', N'0x71C7656EC7ab88b098defB751B7401B5f6d8976F', N'2026-04-05 17:00:00');
IF NOT EXISTS (SELECT 1 FROM [dbo].[TRANSACTION] WHERE [tx_id] = N'TX_0041')
    INSERT INTO [dbo].[TRANSACTION] ([tx_id], [tokenId], [carrier_id], [customer_id], [escrow_status], [escrow_amount], [payment_released_at], [payment_released_reason], [blockchain_tx_hash], [smart_contract_address], [created_at]) VALUES (N'TX_0041', N'NFT_00041', N'CARR_0003', N'CUST_0011', N'Pending', 1331.49, NULL, NULL, N'0x128911fc5199104cce1bed8ea16e4e15b21f0e0c612fe352eb1c7b2bda36ae9b', N'0x71C7656EC7ab88b098defB751B7401B5f6d8976F', N'2026-04-04 09:00:00');
IF NOT EXISTS (SELECT 1 FROM [dbo].[TRANSACTION] WHERE [tx_id] = N'TX_0042')
    INSERT INTO [dbo].[TRANSACTION] ([tx_id], [tokenId], [carrier_id], [customer_id], [escrow_status], [escrow_amount], [payment_released_at], [payment_released_reason], [blockchain_tx_hash], [smart_contract_address], [created_at]) VALUES (N'TX_0042', N'NFT_00042', N'CARR_0004', N'CUST_0018', N'Released', 1570.6, N'2026-03-31 10:00:00', N'Successful Delivery and Verified', N'0x696d42f6949eb49019bb9d9f3b33016f41031b6572a15f684ad263af3740070e', N'0x71C7656EC7ab88b098defB751B7401B5f6d8976F', N'2026-03-26 10:00:00');
IF NOT EXISTS (SELECT 1 FROM [dbo].[TRANSACTION] WHERE [tx_id] = N'TX_0043')
    INSERT INTO [dbo].[TRANSACTION] ([tx_id], [tokenId], [carrier_id], [customer_id], [escrow_status], [escrow_amount], [payment_released_at], [payment_released_reason], [blockchain_tx_hash], [smart_contract_address], [created_at]) VALUES (N'TX_0043', N'NFT_00043', N'CARR_0004', N'CUST_0017', N'Pending', 1800.83, NULL, NULL, N'0x6e2460c895a7b47623e0373f8e1b8b4acb09e34cca89c827820cc6572bb6b436', N'0x71C7656EC7ab88b098defB751B7401B5f6d8976F', N'2026-03-24 07:00:00');
IF NOT EXISTS (SELECT 1 FROM [dbo].[TRANSACTION] WHERE [tx_id] = N'TX_0044')
    INSERT INTO [dbo].[TRANSACTION] ([tx_id], [tokenId], [carrier_id], [customer_id], [escrow_status], [escrow_amount], [payment_released_at], [payment_released_reason], [blockchain_tx_hash], [smart_contract_address], [created_at]) VALUES (N'TX_0044', N'NFT_00044', N'CARR_0005', N'CUST_0019', N'Released', 3038.1, N'2026-04-04 14:00:00', N'Successful Delivery and Verified', N'0x1733057353f01926078b1f8b33500914973531cc8ac0b8ab0dd36519e46557b0', N'0x71C7656EC7ab88b098defB751B7401B5f6d8976F', N'2026-03-30 14:00:00');
IF NOT EXISTS (SELECT 1 FROM [dbo].[TRANSACTION] WHERE [tx_id] = N'TX_0045')
    INSERT INTO [dbo].[TRANSACTION] ([tx_id], [tokenId], [carrier_id], [customer_id], [escrow_status], [escrow_amount], [payment_released_at], [payment_released_reason], [blockchain_tx_hash], [smart_contract_address], [created_at]) VALUES (N'TX_0045', N'NFT_00045', N'CARR_0005', N'CUST_0001', N'Pending', 3502.84, NULL, NULL, N'0x3d302d340790bb5ccd6bd26202d612166b2bbe8e9f957d9a372d759ecd34c719', N'0x71C7656EC7ab88b098defB751B7401B5f6d8976F', N'2026-03-31 15:00:00');
IF NOT EXISTS (SELECT 1 FROM [dbo].[TRANSACTION] WHERE [tx_id] = N'TX_0046')
    INSERT INTO [dbo].[TRANSACTION] ([tx_id], [tokenId], [carrier_id], [customer_id], [escrow_status], [escrow_amount], [payment_released_at], [payment_released_reason], [blockchain_tx_hash], [smart_contract_address], [created_at]) VALUES (N'TX_0046', N'NFT_00046', N'CARR_0002', N'CUST_0002', N'Released', 1533.82, N'2026-04-02 11:00:00', N'Successful Delivery and Verified', N'0xbf17e9b28832e89e385845226d3c3a891b8b524d0cccbdb12ba1b7c7ea0af025', N'0x71C7656EC7ab88b098defB751B7401B5f6d8976F', N'2026-03-28 11:00:00');
IF NOT EXISTS (SELECT 1 FROM [dbo].[TRANSACTION] WHERE [tx_id] = N'TX_0047')
    INSERT INTO [dbo].[TRANSACTION] ([tx_id], [tokenId], [carrier_id], [customer_id], [escrow_status], [escrow_amount], [payment_released_at], [payment_released_reason], [blockchain_tx_hash], [smart_contract_address], [created_at]) VALUES (N'TX_0047', N'NFT_00047', N'CARR_0001', N'CUST_0017', N'Released', 3405.23, N'2026-04-08 13:00:00', N'Successful Delivery and Verified', N'0xc41d9977e12c8c578700ae6a1b42616c8f50429b807639975fccfd820ced48ee', N'0x71C7656EC7ab88b098defB751B7401B5f6d8976F', N'2026-04-03 13:00:00');
IF NOT EXISTS (SELECT 1 FROM [dbo].[TRANSACTION] WHERE [tx_id] = N'TX_0048')
    INSERT INTO [dbo].[TRANSACTION] ([tx_id], [tokenId], [carrier_id], [customer_id], [escrow_status], [escrow_amount], [payment_released_at], [payment_released_reason], [blockchain_tx_hash], [smart_contract_address], [created_at]) VALUES (N'TX_0048', N'NFT_00048', N'CARR_0003', N'CUST_0009', N'Released', 4829.68, N'2026-03-25 21:00:00', N'Successful Delivery and Verified', N'0xa87e33b3a63a26ab8aa440ec2bd61f4706fa2f54d2cb5823dba74cd8f8e0313b', N'0x71C7656EC7ab88b098defB751B7401B5f6d8976F', N'2026-03-20 21:00:00');
IF NOT EXISTS (SELECT 1 FROM [dbo].[TRANSACTION] WHERE [tx_id] = N'TX_0049')
    INSERT INTO [dbo].[TRANSACTION] ([tx_id], [tokenId], [carrier_id], [customer_id], [escrow_status], [escrow_amount], [payment_released_at], [payment_released_reason], [blockchain_tx_hash], [smart_contract_address], [created_at]) VALUES (N'TX_0049', N'NFT_00049', N'CARR_0003', N'CUST_0011', N'Released', 3764.73, N'2026-03-26 03:00:00', N'Successful Delivery and Verified', N'0x29ba54af433fd389e1bcc1b77e10f31a72af06011cc7ff1fdcb80e30c9568d80', N'0x71C7656EC7ab88b098defB751B7401B5f6d8976F', N'2026-03-21 03:00:00');
IF NOT EXISTS (SELECT 1 FROM [dbo].[TRANSACTION] WHERE [tx_id] = N'TX_0050')
    INSERT INTO [dbo].[TRANSACTION] ([tx_id], [tokenId], [carrier_id], [customer_id], [escrow_status], [escrow_amount], [payment_released_at], [payment_released_reason], [blockchain_tx_hash], [smart_contract_address], [created_at]) VALUES (N'TX_0050', N'NFT_00050', N'CARR_0003', N'CUST_0016', N'Released', 3365.75, N'2026-04-07 14:00:00', N'Successful Delivery and Verified', N'0x7bd9feeea695e19cda91438502f3d2392345140bb28f050c3e6fb81b6dffd0e5', N'0x71C7656EC7ab88b098defB751B7401B5f6d8976F', N'2026-04-02 14:00:00');
IF NOT EXISTS (SELECT 1 FROM [dbo].[TRANSACTION] WHERE [tx_id] = N'TX_0051')
    INSERT INTO [dbo].[TRANSACTION] ([tx_id], [tokenId], [carrier_id], [customer_id], [escrow_status], [escrow_amount], [payment_released_at], [payment_released_reason], [blockchain_tx_hash], [smart_contract_address], [created_at]) VALUES (N'TX_0051', N'NFT_00051', N'CARR_0005', N'CUST_0003', N'Released', 4181.78, N'2026-03-24 07:00:00', N'Successful Delivery and Verified', N'0xc6a1f3fc4506861a7ca2384b03e087347a8e2035b0a7b9059bc420ff92cb9ac9', N'0x71C7656EC7ab88b098defB751B7401B5f6d8976F', N'2026-03-19 07:00:00');
IF NOT EXISTS (SELECT 1 FROM [dbo].[TRANSACTION] WHERE [tx_id] = N'TX_0052')
    INSERT INTO [dbo].[TRANSACTION] ([tx_id], [tokenId], [carrier_id], [customer_id], [escrow_status], [escrow_amount], [payment_released_at], [payment_released_reason], [blockchain_tx_hash], [smart_contract_address], [created_at]) VALUES (N'TX_0052', N'NFT_00052', N'CARR_0003', N'CUST_0018', N'Released', 3387.87, N'2026-04-07 06:00:00', N'Successful Delivery and Verified', N'0xcbacd182c9a9294ce9cdfe1dc3cc69f09082a76ea238f395aeae8a80d4056afe', N'0x71C7656EC7ab88b098defB751B7401B5f6d8976F', N'2026-04-02 06:00:00');
IF NOT EXISTS (SELECT 1 FROM [dbo].[TRANSACTION] WHERE [tx_id] = N'TX_0053')
    INSERT INTO [dbo].[TRANSACTION] ([tx_id], [tokenId], [carrier_id], [customer_id], [escrow_status], [escrow_amount], [payment_released_at], [payment_released_reason], [blockchain_tx_hash], [smart_contract_address], [created_at]) VALUES (N'TX_0053', N'NFT_00053', N'CARR_0004', N'CUST_0011', N'Released', 634.73, N'2026-03-26 22:00:00', N'Successful Delivery and Verified', N'0xcc6c82a1895ae38c1decc55e1dc629cd4edd2c0a89e6f1f63139dd0f60a1a1b0', N'0x71C7656EC7ab88b098defB751B7401B5f6d8976F', N'2026-03-21 22:00:00');
IF NOT EXISTS (SELECT 1 FROM [dbo].[TRANSACTION] WHERE [tx_id] = N'TX_0054')
    INSERT INTO [dbo].[TRANSACTION] ([tx_id], [tokenId], [carrier_id], [customer_id], [escrow_status], [escrow_amount], [payment_released_at], [payment_released_reason], [blockchain_tx_hash], [smart_contract_address], [created_at]) VALUES (N'TX_0054', N'NFT_00054', N'CARR_0002', N'CUST_0017', N'Released', 1381.55, N'2026-03-26 13:00:00', N'Successful Delivery and Verified', N'0x9762b3407742b726da9581dbdeef9e1c0ea4f3712e5e3e67e73fea12636df578', N'0x71C7656EC7ab88b098defB751B7401B5f6d8976F', N'2026-03-21 13:00:00');
IF NOT EXISTS (SELECT 1 FROM [dbo].[TRANSACTION] WHERE [tx_id] = N'TX_0055')
    INSERT INTO [dbo].[TRANSACTION] ([tx_id], [tokenId], [carrier_id], [customer_id], [escrow_status], [escrow_amount], [payment_released_at], [payment_released_reason], [blockchain_tx_hash], [smart_contract_address], [created_at]) VALUES (N'TX_0055', N'NFT_00055', N'CARR_0004', N'CUST_0004', N'Refunded', 1356.74, NULL, NULL, N'0x7e849b290d40d6407ad68eeb78e1daee9d138f28b7b936dd8ed2a503cf0c9b6a', N'0x71C7656EC7ab88b098defB751B7401B5f6d8976F', N'2026-03-23 13:00:00');
IF NOT EXISTS (SELECT 1 FROM [dbo].[TRANSACTION] WHERE [tx_id] = N'TX_0056')
    INSERT INTO [dbo].[TRANSACTION] ([tx_id], [tokenId], [carrier_id], [customer_id], [escrow_status], [escrow_amount], [payment_released_at], [payment_released_reason], [blockchain_tx_hash], [smart_contract_address], [created_at]) VALUES (N'TX_0056', N'NFT_00056', N'CARR_0004', N'CUST_0016', N'Refunded', 3650.5, NULL, NULL, N'0x6f36c2c5081d2a52faa05fea621ae19567909c4694802e0509ba8f9b842e5b8a', N'0x71C7656EC7ab88b098defB751B7401B5f6d8976F', N'2026-03-27 16:00:00');
IF NOT EXISTS (SELECT 1 FROM [dbo].[TRANSACTION] WHERE [tx_id] = N'TX_0057')
    INSERT INTO [dbo].[TRANSACTION] ([tx_id], [tokenId], [carrier_id], [customer_id], [escrow_status], [escrow_amount], [payment_released_at], [payment_released_reason], [blockchain_tx_hash], [smart_contract_address], [created_at]) VALUES (N'TX_0057', N'NFT_00057', N'CARR_0003', N'CUST_0012', N'Released', 2533.39, N'2026-03-28 12:00:00', N'Successful Delivery and Verified', N'0x87ceb752e663ca094cf1af78629e8b2d597bc8a0aac5beadc6b570a2e2bd4287', N'0x71C7656EC7ab88b098defB751B7401B5f6d8976F', N'2026-03-23 12:00:00');
IF NOT EXISTS (SELECT 1 FROM [dbo].[TRANSACTION] WHERE [tx_id] = N'TX_0058')
    INSERT INTO [dbo].[TRANSACTION] ([tx_id], [tokenId], [carrier_id], [customer_id], [escrow_status], [escrow_amount], [payment_released_at], [payment_released_reason], [blockchain_tx_hash], [smart_contract_address], [created_at]) VALUES (N'TX_0058', N'NFT_00058', N'CARR_0002', N'CUST_0012', N'Released', 4219.11, N'2026-03-28 19:00:00', N'Successful Delivery and Verified', N'0x923fabdcd3f8e9164ae2cbe2f6f2f3b59a1df1b50a8ff8057ad33a1a89e17708', N'0x71C7656EC7ab88b098defB751B7401B5f6d8976F', N'2026-03-23 19:00:00');
IF NOT EXISTS (SELECT 1 FROM [dbo].[TRANSACTION] WHERE [tx_id] = N'TX_0059')
    INSERT INTO [dbo].[TRANSACTION] ([tx_id], [tokenId], [carrier_id], [customer_id], [escrow_status], [escrow_amount], [payment_released_at], [payment_released_reason], [blockchain_tx_hash], [smart_contract_address], [created_at]) VALUES (N'TX_0059', N'NFT_00059', N'CARR_0005', N'CUST_0008', N'Released', 1711.1, N'2026-04-07 08:00:00', N'Successful Delivery and Verified', N'0x0d3457551b5ed7d836d0f4dba1fc0579f1970b2742d8d5225cc605c8c7742755', N'0x71C7656EC7ab88b098defB751B7401B5f6d8976F', N'2026-04-02 08:00:00');
IF NOT EXISTS (SELECT 1 FROM [dbo].[TRANSACTION] WHERE [tx_id] = N'TX_0060')
    INSERT INTO [dbo].[TRANSACTION] ([tx_id], [tokenId], [carrier_id], [customer_id], [escrow_status], [escrow_amount], [payment_released_at], [payment_released_reason], [blockchain_tx_hash], [smart_contract_address], [created_at]) VALUES (N'TX_0060', N'NFT_00060', N'CARR_0003', N'CUST_0018', N'Released', 3344.78, N'2026-04-02 07:00:00', N'Successful Delivery and Verified', N'0xb65dcd484911bf0e0024a9e13adf1553578a6ba448969b2fbe6ecb46b2dfbe4f', N'0x71C7656EC7ab88b098defB751B7401B5f6d8976F', N'2026-03-28 07:00:00');
IF NOT EXISTS (SELECT 1 FROM [dbo].[TRANSACTION] WHERE [tx_id] = N'TX_0061')
    INSERT INTO [dbo].[TRANSACTION] ([tx_id], [tokenId], [carrier_id], [customer_id], [escrow_status], [escrow_amount], [payment_released_at], [payment_released_reason], [blockchain_tx_hash], [smart_contract_address], [created_at]) VALUES (N'TX_0061', N'NFT_00061', N'CARR_0002', N'CUST_0006', N'Pending', 3684.05, NULL, NULL, N'0xc12d29eaa90be8673858c6ba22574f84229021ddb6a310dbfa2737b3992d022f', N'0x71C7656EC7ab88b098defB751B7401B5f6d8976F', N'2026-03-27 01:00:00');
IF NOT EXISTS (SELECT 1 FROM [dbo].[TRANSACTION] WHERE [tx_id] = N'TX_0062')
    INSERT INTO [dbo].[TRANSACTION] ([tx_id], [tokenId], [carrier_id], [customer_id], [escrow_status], [escrow_amount], [payment_released_at], [payment_released_reason], [blockchain_tx_hash], [smart_contract_address], [created_at]) VALUES (N'TX_0062', N'NFT_00062', N'CARR_0002', N'CUST_0014', N'Refunded', 4467.01, NULL, NULL, N'0xfbca9a3832ab39e38467abe3c4f944cc9b27dd722103e78717e598e32cc1c6cd', N'0x71C7656EC7ab88b098defB751B7401B5f6d8976F', N'2026-03-19 04:00:00');
IF NOT EXISTS (SELECT 1 FROM [dbo].[TRANSACTION] WHERE [tx_id] = N'TX_0063')
    INSERT INTO [dbo].[TRANSACTION] ([tx_id], [tokenId], [carrier_id], [customer_id], [escrow_status], [escrow_amount], [payment_released_at], [payment_released_reason], [blockchain_tx_hash], [smart_contract_address], [created_at]) VALUES (N'TX_0063', N'NFT_00063', N'CARR_0002', N'CUST_0002', N'Released', 4475.17, N'2026-04-05 14:00:00', N'Successful Delivery and Verified', N'0x489fe88953bb582a60dcfc344eadd911d23bed029cb95047ab393067391f2022', N'0x71C7656EC7ab88b098defB751B7401B5f6d8976F', N'2026-03-31 14:00:00');
IF NOT EXISTS (SELECT 1 FROM [dbo].[TRANSACTION] WHERE [tx_id] = N'TX_0064')
    INSERT INTO [dbo].[TRANSACTION] ([tx_id], [tokenId], [carrier_id], [customer_id], [escrow_status], [escrow_amount], [payment_released_at], [payment_released_reason], [blockchain_tx_hash], [smart_contract_address], [created_at]) VALUES (N'TX_0064', N'NFT_00064', N'CARR_0001', N'CUST_0015', N'Locked', 2345.5, NULL, NULL, N'0xc21ca161e09025b873eb3436302aa482c210868ed952960d3df56ccb0eb95c9d', N'0x71C7656EC7ab88b098defB751B7401B5f6d8976F', N'2026-03-23 09:00:00');
IF NOT EXISTS (SELECT 1 FROM [dbo].[TRANSACTION] WHERE [tx_id] = N'TX_0065')
    INSERT INTO [dbo].[TRANSACTION] ([tx_id], [tokenId], [carrier_id], [customer_id], [escrow_status], [escrow_amount], [payment_released_at], [payment_released_reason], [blockchain_tx_hash], [smart_contract_address], [created_at]) VALUES (N'TX_0065', N'NFT_00065', N'CARR_0002', N'CUST_0015', N'Released', 1033.93, N'2026-04-10 18:00:00', N'Successful Delivery and Verified', N'0x465554e30fec0fe65237090bf6d0324ae54ddaa3b4319e67ea5e417af562371d', N'0x71C7656EC7ab88b098defB751B7401B5f6d8976F', N'2026-04-05 18:00:00');
IF NOT EXISTS (SELECT 1 FROM [dbo].[TRANSACTION] WHERE [tx_id] = N'TX_0066')
    INSERT INTO [dbo].[TRANSACTION] ([tx_id], [tokenId], [carrier_id], [customer_id], [escrow_status], [escrow_amount], [payment_released_at], [payment_released_reason], [blockchain_tx_hash], [smart_contract_address], [created_at]) VALUES (N'TX_0066', N'NFT_00066', N'CARR_0004', N'CUST_0001', N'Locked', 997.52, NULL, NULL, N'0x8cc800ec816c12888ca720bfb730737310d5844c2b0928856640103ad36de746', N'0x71C7656EC7ab88b098defB751B7401B5f6d8976F', N'2026-03-30 00:00:00');
IF NOT EXISTS (SELECT 1 FROM [dbo].[TRANSACTION] WHERE [tx_id] = N'TX_0067')
    INSERT INTO [dbo].[TRANSACTION] ([tx_id], [tokenId], [carrier_id], [customer_id], [escrow_status], [escrow_amount], [payment_released_at], [payment_released_reason], [blockchain_tx_hash], [smart_contract_address], [created_at]) VALUES (N'TX_0067', N'NFT_00067', N'CARR_0002', N'CUST_0003', N'Released', 2089.55, N'2026-03-26 11:00:00', N'Successful Delivery and Verified', N'0x132d00461fa011777e0b43c8d9bbb95ab524909a97ec873177169b1ef27f793d', N'0x71C7656EC7ab88b098defB751B7401B5f6d8976F', N'2026-03-21 11:00:00');
IF NOT EXISTS (SELECT 1 FROM [dbo].[TRANSACTION] WHERE [tx_id] = N'TX_0068')
    INSERT INTO [dbo].[TRANSACTION] ([tx_id], [tokenId], [carrier_id], [customer_id], [escrow_status], [escrow_amount], [payment_released_at], [payment_released_reason], [blockchain_tx_hash], [smart_contract_address], [created_at]) VALUES (N'TX_0068', N'NFT_00068', N'CARR_0004', N'CUST_0006', N'Released', 1449.21, N'2026-04-03 04:00:00', N'Successful Delivery and Verified', N'0xb894919c1d4edf2307ed16daaaa4de8f15b988f9ee170d894a0d1864821fe8b3', N'0x71C7656EC7ab88b098defB751B7401B5f6d8976F', N'2026-03-29 04:00:00');
IF NOT EXISTS (SELECT 1 FROM [dbo].[TRANSACTION] WHERE [tx_id] = N'TX_0069')
    INSERT INTO [dbo].[TRANSACTION] ([tx_id], [tokenId], [carrier_id], [customer_id], [escrow_status], [escrow_amount], [payment_released_at], [payment_released_reason], [blockchain_tx_hash], [smart_contract_address], [created_at]) VALUES (N'TX_0069', N'NFT_00069', N'CARR_0005', N'CUST_0012', N'Refunded', 2469.51, NULL, NULL, N'0x02c40771dd6191a12ea9c96e2b6fada005b4cc650ea24eb8561e9daa2aeeb496', N'0x71C7656EC7ab88b098defB751B7401B5f6d8976F', N'2026-03-31 08:00:00');
IF NOT EXISTS (SELECT 1 FROM [dbo].[TRANSACTION] WHERE [tx_id] = N'TX_0070')
    INSERT INTO [dbo].[TRANSACTION] ([tx_id], [tokenId], [carrier_id], [customer_id], [escrow_status], [escrow_amount], [payment_released_at], [payment_released_reason], [blockchain_tx_hash], [smart_contract_address], [created_at]) VALUES (N'TX_0070', N'NFT_00070', N'CARR_0003', N'CUST_0020', N'Locked', 2431.89, NULL, NULL, N'0x48272562e93a480ffc46b306f62f8910d11f1ef3afa2d36376023e586cbe5fc7', N'0x71C7656EC7ab88b098defB751B7401B5f6d8976F', N'2026-03-20 07:00:00');
IF NOT EXISTS (SELECT 1 FROM [dbo].[TRANSACTION] WHERE [tx_id] = N'TX_0071')
    INSERT INTO [dbo].[TRANSACTION] ([tx_id], [tokenId], [carrier_id], [customer_id], [escrow_status], [escrow_amount], [payment_released_at], [payment_released_reason], [blockchain_tx_hash], [smart_contract_address], [created_at]) VALUES (N'TX_0071', N'NFT_00071', N'CARR_0005', N'CUST_0004', N'Locked', 2430.13, NULL, NULL, N'0xadb4c6d7bee18b99808e06d2476d13526646a9eb9b8489bd59fc01292dcf3ee0', N'0x71C7656EC7ab88b098defB751B7401B5f6d8976F', N'2026-03-23 21:00:00');
IF NOT EXISTS (SELECT 1 FROM [dbo].[TRANSACTION] WHERE [tx_id] = N'TX_0072')
    INSERT INTO [dbo].[TRANSACTION] ([tx_id], [tokenId], [carrier_id], [customer_id], [escrow_status], [escrow_amount], [payment_released_at], [payment_released_reason], [blockchain_tx_hash], [smart_contract_address], [created_at]) VALUES (N'TX_0072', N'NFT_00072', N'CARR_0004', N'CUST_0003', N'Locked', 2401.17, NULL, NULL, N'0xb39c8663fa1959600a9c4f40efa4ed966562de5d77807fcf38963c4662ac541a', N'0x71C7656EC7ab88b098defB751B7401B5f6d8976F', N'2026-03-20 08:00:00');
IF NOT EXISTS (SELECT 1 FROM [dbo].[TRANSACTION] WHERE [tx_id] = N'TX_0073')
    INSERT INTO [dbo].[TRANSACTION] ([tx_id], [tokenId], [carrier_id], [customer_id], [escrow_status], [escrow_amount], [payment_released_at], [payment_released_reason], [blockchain_tx_hash], [smart_contract_address], [created_at]) VALUES (N'TX_0073', N'NFT_00073', N'CARR_0003', N'CUST_0008', N'Released', 4664.09, N'2026-03-26 02:00:00', N'Successful Delivery and Verified', N'0x0e6d122c7f7a4251014f1edd4caf0e819f778319e5eee42bcda621234be56bbd', N'0x71C7656EC7ab88b098defB751B7401B5f6d8976F', N'2026-03-21 02:00:00');
IF NOT EXISTS (SELECT 1 FROM [dbo].[TRANSACTION] WHERE [tx_id] = N'TX_0074')
    INSERT INTO [dbo].[TRANSACTION] ([tx_id], [tokenId], [carrier_id], [customer_id], [escrow_status], [escrow_amount], [payment_released_at], [payment_released_reason], [blockchain_tx_hash], [smart_contract_address], [created_at]) VALUES (N'TX_0074', N'NFT_00074', N'CARR_0004', N'CUST_0018', N'Released', 2076.59, N'2026-04-07 08:00:00', N'Successful Delivery and Verified', N'0xd2ff22ab354cf40f4a47bdd123ef48cb7fbf7e63aaa223d8ade508c1cfd4b36f', N'0x71C7656EC7ab88b098defB751B7401B5f6d8976F', N'2026-04-02 08:00:00');
IF NOT EXISTS (SELECT 1 FROM [dbo].[TRANSACTION] WHERE [tx_id] = N'TX_0075')
    INSERT INTO [dbo].[TRANSACTION] ([tx_id], [tokenId], [carrier_id], [customer_id], [escrow_status], [escrow_amount], [payment_released_at], [payment_released_reason], [blockchain_tx_hash], [smart_contract_address], [created_at]) VALUES (N'TX_0075', N'NFT_00075', N'CARR_0003', N'CUST_0018', N'Refunded', 2763.69, NULL, NULL, N'0x293de0ddcb8b674ed524ef46d385193b80acca39278adbc96982eb0f59274726', N'0x71C7656EC7ab88b098defB751B7401B5f6d8976F', N'2026-03-25 10:00:00');
IF NOT EXISTS (SELECT 1 FROM [dbo].[TRANSACTION] WHERE [tx_id] = N'TX_0076')
    INSERT INTO [dbo].[TRANSACTION] ([tx_id], [tokenId], [carrier_id], [customer_id], [escrow_status], [escrow_amount], [payment_released_at], [payment_released_reason], [blockchain_tx_hash], [smart_contract_address], [created_at]) VALUES (N'TX_0076', N'NFT_00076', N'CARR_0001', N'CUST_0020', N'Pending', 2932.01, NULL, NULL, N'0xfb22383783c21a80e2e32deb83201220187600d9deab18d3610be453f9cc4cc8', N'0x71C7656EC7ab88b098defB751B7401B5f6d8976F', N'2026-04-02 18:00:00');
IF NOT EXISTS (SELECT 1 FROM [dbo].[TRANSACTION] WHERE [tx_id] = N'TX_0077')
    INSERT INTO [dbo].[TRANSACTION] ([tx_id], [tokenId], [carrier_id], [customer_id], [escrow_status], [escrow_amount], [payment_released_at], [payment_released_reason], [blockchain_tx_hash], [smart_contract_address], [created_at]) VALUES (N'TX_0077', N'NFT_00077', N'CARR_0003', N'CUST_0010', N'Locked', 2339.01, NULL, NULL, N'0xf5a10bf7ce0d45b6d5e06e641e65dbbeff0756de49095836386b96670368e97f', N'0x71C7656EC7ab88b098defB751B7401B5f6d8976F', N'2026-03-20 15:00:00');
IF NOT EXISTS (SELECT 1 FROM [dbo].[TRANSACTION] WHERE [tx_id] = N'TX_0078')
    INSERT INTO [dbo].[TRANSACTION] ([tx_id], [tokenId], [carrier_id], [customer_id], [escrow_status], [escrow_amount], [payment_released_at], [payment_released_reason], [blockchain_tx_hash], [smart_contract_address], [created_at]) VALUES (N'TX_0078', N'NFT_00078', N'CARR_0004', N'CUST_0020', N'Released', 826.92, N'2026-04-09 04:00:00', N'Successful Delivery and Verified', N'0x0c65d9e092f2ec5da9d20f80fe521755f77ba249c1ad8499f622f597cee4b42d', N'0x71C7656EC7ab88b098defB751B7401B5f6d8976F', N'2026-04-04 04:00:00');
IF NOT EXISTS (SELECT 1 FROM [dbo].[TRANSACTION] WHERE [tx_id] = N'TX_0079')
    INSERT INTO [dbo].[TRANSACTION] ([tx_id], [tokenId], [carrier_id], [customer_id], [escrow_status], [escrow_amount], [payment_released_at], [payment_released_reason], [blockchain_tx_hash], [smart_contract_address], [created_at]) VALUES (N'TX_0079', N'NFT_00079', N'CARR_0003', N'CUST_0012', N'Released', 2687.48, N'2026-03-25 08:00:00', N'Successful Delivery and Verified', N'0xd5c2d2d5db0b16ee6f732d72285bc018fd2bb3266eec57058bf19f9de1d121eb', N'0x71C7656EC7ab88b098defB751B7401B5f6d8976F', N'2026-03-20 08:00:00');
IF NOT EXISTS (SELECT 1 FROM [dbo].[TRANSACTION] WHERE [tx_id] = N'TX_0080')
    INSERT INTO [dbo].[TRANSACTION] ([tx_id], [tokenId], [carrier_id], [customer_id], [escrow_status], [escrow_amount], [payment_released_at], [payment_released_reason], [blockchain_tx_hash], [smart_contract_address], [created_at]) VALUES (N'TX_0080', N'NFT_00080', N'CARR_0004', N'CUST_0002', N'Locked', 4193.67, NULL, NULL, N'0x207c9a07edae94bb3ac8683d59471d19bef3483cc052ca6a1e3ec54cd5e60df6', N'0x71C7656EC7ab88b098defB751B7401B5f6d8976F', N'2026-03-30 00:00:00');
IF NOT EXISTS (SELECT 1 FROM [dbo].[TRANSACTION] WHERE [tx_id] = N'TX_0081')
    INSERT INTO [dbo].[TRANSACTION] ([tx_id], [tokenId], [carrier_id], [customer_id], [escrow_status], [escrow_amount], [payment_released_at], [payment_released_reason], [blockchain_tx_hash], [smart_contract_address], [created_at]) VALUES (N'TX_0081', N'NFT_00081', N'CARR_0004', N'CUST_0007', N'Released', 3147.29, N'2026-04-05 03:00:00', N'Successful Delivery and Verified', N'0x3b448342c6fef4e850deb6751f29b00ee50a40f13ff7869a2cb76a2a69e5e4fa', N'0x71C7656EC7ab88b098defB751B7401B5f6d8976F', N'2026-03-31 03:00:00');
IF NOT EXISTS (SELECT 1 FROM [dbo].[TRANSACTION] WHERE [tx_id] = N'TX_0082')
    INSERT INTO [dbo].[TRANSACTION] ([tx_id], [tokenId], [carrier_id], [customer_id], [escrow_status], [escrow_amount], [payment_released_at], [payment_released_reason], [blockchain_tx_hash], [smart_contract_address], [created_at]) VALUES (N'TX_0082', N'NFT_00082', N'CARR_0001', N'CUST_0005', N'Refunded', 1320.08, NULL, NULL, N'0xece5f0dcb055dee5ca97e570d1732905baaead0f4a34b3e1420309f414913ae9', N'0x71C7656EC7ab88b098defB751B7401B5f6d8976F', N'2026-03-20 08:00:00');
IF NOT EXISTS (SELECT 1 FROM [dbo].[TRANSACTION] WHERE [tx_id] = N'TX_0083')
    INSERT INTO [dbo].[TRANSACTION] ([tx_id], [tokenId], [carrier_id], [customer_id], [escrow_status], [escrow_amount], [payment_released_at], [payment_released_reason], [blockchain_tx_hash], [smart_contract_address], [created_at]) VALUES (N'TX_0083', N'NFT_00083', N'CARR_0005', N'CUST_0012', N'Locked', 2057.49, NULL, NULL, N'0xcea506067f009fe81674cef8b2e33d4bfd067cd502507f5264749aa9c33510c9', N'0x71C7656EC7ab88b098defB751B7401B5f6d8976F', N'2026-03-23 22:00:00');
IF NOT EXISTS (SELECT 1 FROM [dbo].[TRANSACTION] WHERE [tx_id] = N'TX_0084')
    INSERT INTO [dbo].[TRANSACTION] ([tx_id], [tokenId], [carrier_id], [customer_id], [escrow_status], [escrow_amount], [payment_released_at], [payment_released_reason], [blockchain_tx_hash], [smart_contract_address], [created_at]) VALUES (N'TX_0084', N'NFT_00084', N'CARR_0004', N'CUST_0002', N'Released', 2102.76, N'2026-04-11 09:00:00', N'Successful Delivery and Verified', N'0x0c8e832e1632e4afe7cf8f7dd199620f3aece2581770907152b826f1cb25ec8e', N'0x71C7656EC7ab88b098defB751B7401B5f6d8976F', N'2026-04-06 09:00:00');
IF NOT EXISTS (SELECT 1 FROM [dbo].[TRANSACTION] WHERE [tx_id] = N'TX_0085')
    INSERT INTO [dbo].[TRANSACTION] ([tx_id], [tokenId], [carrier_id], [customer_id], [escrow_status], [escrow_amount], [payment_released_at], [payment_released_reason], [blockchain_tx_hash], [smart_contract_address], [created_at]) VALUES (N'TX_0085', N'NFT_00085', N'CARR_0003', N'CUST_0019', N'Released', 925.09, N'2026-04-02 00:00:00', N'Successful Delivery and Verified', N'0x116858be97f2b68bcce7cbd1f92e7285edaf2b702342ef2f014fabedb1ff9bba', N'0x71C7656EC7ab88b098defB751B7401B5f6d8976F', N'2026-03-28 00:00:00');
IF NOT EXISTS (SELECT 1 FROM [dbo].[TRANSACTION] WHERE [tx_id] = N'TX_0086')
    INSERT INTO [dbo].[TRANSACTION] ([tx_id], [tokenId], [carrier_id], [customer_id], [escrow_status], [escrow_amount], [payment_released_at], [payment_released_reason], [blockchain_tx_hash], [smart_contract_address], [created_at]) VALUES (N'TX_0086', N'NFT_00086', N'CARR_0001', N'CUST_0005', N'Released', 662.52, N'2026-04-01 02:00:00', N'Successful Delivery and Verified', N'0x30eb32b7d2e3b0c215043ad5c3d75e18210296eab769d2b81c4dbd1629c31785', N'0x71C7656EC7ab88b098defB751B7401B5f6d8976F', N'2026-03-27 02:00:00');
IF NOT EXISTS (SELECT 1 FROM [dbo].[TRANSACTION] WHERE [tx_id] = N'TX_0087')
    INSERT INTO [dbo].[TRANSACTION] ([tx_id], [tokenId], [carrier_id], [customer_id], [escrow_status], [escrow_amount], [payment_released_at], [payment_released_reason], [blockchain_tx_hash], [smart_contract_address], [created_at]) VALUES (N'TX_0087', N'NFT_00087', N'CARR_0003', N'CUST_0014', N'Released', 4286.46, N'2026-04-04 22:00:00', N'Successful Delivery and Verified', N'0xe7ce6be186544c4a76fa93360a67222e142362d5ab42adaf87ff9be234d19a43', N'0x71C7656EC7ab88b098defB751B7401B5f6d8976F', N'2026-03-30 22:00:00');
IF NOT EXISTS (SELECT 1 FROM [dbo].[TRANSACTION] WHERE [tx_id] = N'TX_0088')
    INSERT INTO [dbo].[TRANSACTION] ([tx_id], [tokenId], [carrier_id], [customer_id], [escrow_status], [escrow_amount], [payment_released_at], [payment_released_reason], [blockchain_tx_hash], [smart_contract_address], [created_at]) VALUES (N'TX_0088', N'NFT_00088', N'CARR_0002', N'CUST_0005', N'Released', 3740.74, N'2026-04-03 16:00:00', N'Successful Delivery and Verified', N'0xf47fea533ff0b1b5a70f4dc6ba7c6bbfbfe53f69f46bc6c6e2240b05d9f8d262', N'0x71C7656EC7ab88b098defB751B7401B5f6d8976F', N'2026-03-29 16:00:00');
IF NOT EXISTS (SELECT 1 FROM [dbo].[TRANSACTION] WHERE [tx_id] = N'TX_0089')
    INSERT INTO [dbo].[TRANSACTION] ([tx_id], [tokenId], [carrier_id], [customer_id], [escrow_status], [escrow_amount], [payment_released_at], [payment_released_reason], [blockchain_tx_hash], [smart_contract_address], [created_at]) VALUES (N'TX_0089', N'NFT_00089', N'CARR_0003', N'CUST_0019', N'Released', 2215.79, N'2026-04-07 19:00:00', N'Successful Delivery and Verified', N'0x471e0d43c9121d0a483c261ce3c76a71ee0ab7852e1b7e853dab2e874ae713fd', N'0x71C7656EC7ab88b098defB751B7401B5f6d8976F', N'2026-04-02 19:00:00');
IF NOT EXISTS (SELECT 1 FROM [dbo].[TRANSACTION] WHERE [tx_id] = N'TX_0090')
    INSERT INTO [dbo].[TRANSACTION] ([tx_id], [tokenId], [carrier_id], [customer_id], [escrow_status], [escrow_amount], [payment_released_at], [payment_released_reason], [blockchain_tx_hash], [smart_contract_address], [created_at]) VALUES (N'TX_0090', N'NFT_00090', N'CARR_0001', N'CUST_0017', N'Refunded', 2349.15, NULL, NULL, N'0x5b2e726a63040dea52780e58f0e7ab127d36939cc36cb720165b86e0a9a73259', N'0x71C7656EC7ab88b098defB751B7401B5f6d8976F', N'2026-03-25 21:00:00');
IF NOT EXISTS (SELECT 1 FROM [dbo].[TRANSACTION] WHERE [tx_id] = N'TX_0091')
    INSERT INTO [dbo].[TRANSACTION] ([tx_id], [tokenId], [carrier_id], [customer_id], [escrow_status], [escrow_amount], [payment_released_at], [payment_released_reason], [blockchain_tx_hash], [smart_contract_address], [created_at]) VALUES (N'TX_0091', N'NFT_00091', N'CARR_0002', N'CUST_0008', N'Released', 1167.61, N'2026-04-07 15:00:00', N'Successful Delivery and Verified', N'0x2bd39e924dbdc35261506e87867fccd300165dd8e88fbf7caec8463742ffff22', N'0x71C7656EC7ab88b098defB751B7401B5f6d8976F', N'2026-04-02 15:00:00');
IF NOT EXISTS (SELECT 1 FROM [dbo].[TRANSACTION] WHERE [tx_id] = N'TX_0092')
    INSERT INTO [dbo].[TRANSACTION] ([tx_id], [tokenId], [carrier_id], [customer_id], [escrow_status], [escrow_amount], [payment_released_at], [payment_released_reason], [blockchain_tx_hash], [smart_contract_address], [created_at]) VALUES (N'TX_0092', N'NFT_00092', N'CARR_0001', N'CUST_0004', N'Released', 3894.72, N'2026-04-06 11:00:00', N'Successful Delivery and Verified', N'0x4f5fd9baad2f66d9f3ae3ec7c1a84a71375dfca50a3660ca3d751bc059cea56b', N'0x71C7656EC7ab88b098defB751B7401B5f6d8976F', N'2026-04-01 11:00:00');
IF NOT EXISTS (SELECT 1 FROM [dbo].[TRANSACTION] WHERE [tx_id] = N'TX_0093')
    INSERT INTO [dbo].[TRANSACTION] ([tx_id], [tokenId], [carrier_id], [customer_id], [escrow_status], [escrow_amount], [payment_released_at], [payment_released_reason], [blockchain_tx_hash], [smart_contract_address], [created_at]) VALUES (N'TX_0093', N'NFT_00093', N'CARR_0005', N'CUST_0011', N'Pending', 1984.77, NULL, NULL, N'0x49a96f977c0cc02fa1d72a2133be97970f716e3cf276c75989a63a3a9eb39a64', N'0x71C7656EC7ab88b098defB751B7401B5f6d8976F', N'2026-03-22 17:00:00');
IF NOT EXISTS (SELECT 1 FROM [dbo].[TRANSACTION] WHERE [tx_id] = N'TX_0094')
    INSERT INTO [dbo].[TRANSACTION] ([tx_id], [tokenId], [carrier_id], [customer_id], [escrow_status], [escrow_amount], [payment_released_at], [payment_released_reason], [blockchain_tx_hash], [smart_contract_address], [created_at]) VALUES (N'TX_0094', N'NFT_00094', N'CARR_0005', N'CUST_0019', N'Pending', 3366.2, NULL, NULL, N'0x21011dc76f97e7b06864a6699ee1d65b0d065b70bf99f71aa2b33b9b2522634f', N'0x71C7656EC7ab88b098defB751B7401B5f6d8976F', N'2026-03-21 21:00:00');
IF NOT EXISTS (SELECT 1 FROM [dbo].[TRANSACTION] WHERE [tx_id] = N'TX_0095')
    INSERT INTO [dbo].[TRANSACTION] ([tx_id], [tokenId], [carrier_id], [customer_id], [escrow_status], [escrow_amount], [payment_released_at], [payment_released_reason], [blockchain_tx_hash], [smart_contract_address], [created_at]) VALUES (N'TX_0095', N'NFT_00095', N'CARR_0005', N'CUST_0010', N'Released', 4622.74, N'2026-04-10 21:00:00', N'Successful Delivery and Verified', N'0x98956e66454eeb441e96e9c3bd473ee48aa8205697efa8c8d4310e92b1705e83', N'0x71C7656EC7ab88b098defB751B7401B5f6d8976F', N'2026-04-05 21:00:00');
IF NOT EXISTS (SELECT 1 FROM [dbo].[TRANSACTION] WHERE [tx_id] = N'TX_0096')
    INSERT INTO [dbo].[TRANSACTION] ([tx_id], [tokenId], [carrier_id], [customer_id], [escrow_status], [escrow_amount], [payment_released_at], [payment_released_reason], [blockchain_tx_hash], [smart_contract_address], [created_at]) VALUES (N'TX_0096', N'NFT_00096', N'CARR_0004', N'CUST_0012', N'Released', 2015.05, N'2026-03-27 14:00:00', N'Successful Delivery and Verified', N'0xc2c0049d61b300ed1c3d565b655a70ff1931b83b631e803e36eb03444314ab6b', N'0x71C7656EC7ab88b098defB751B7401B5f6d8976F', N'2026-03-22 14:00:00');
IF NOT EXISTS (SELECT 1 FROM [dbo].[TRANSACTION] WHERE [tx_id] = N'TX_0097')
    INSERT INTO [dbo].[TRANSACTION] ([tx_id], [tokenId], [carrier_id], [customer_id], [escrow_status], [escrow_amount], [payment_released_at], [payment_released_reason], [blockchain_tx_hash], [smart_contract_address], [created_at]) VALUES (N'TX_0097', N'NFT_00097', N'CARR_0004', N'CUST_0018', N'Released', 4240.38, N'2026-04-01 01:00:00', N'Successful Delivery and Verified', N'0x0cfabe94cf2c1a7e14f4d03cdf2d9462cbcc32f93226f3e33471ba67e0d279c5', N'0x71C7656EC7ab88b098defB751B7401B5f6d8976F', N'2026-03-27 01:00:00');
IF NOT EXISTS (SELECT 1 FROM [dbo].[TRANSACTION] WHERE [tx_id] = N'TX_0098')
    INSERT INTO [dbo].[TRANSACTION] ([tx_id], [tokenId], [carrier_id], [customer_id], [escrow_status], [escrow_amount], [payment_released_at], [payment_released_reason], [blockchain_tx_hash], [smart_contract_address], [created_at]) VALUES (N'TX_0098', N'NFT_00098', N'CARR_0001', N'CUST_0006', N'Released', 1750.97, N'2026-04-10 22:00:00', N'Successful Delivery and Verified', N'0x50f239cd204ec087fccce0722c4e0dbe4e7c1eab541c9de0588e2aa5d129c9b6', N'0x71C7656EC7ab88b098defB751B7401B5f6d8976F', N'2026-04-05 22:00:00');
IF NOT EXISTS (SELECT 1 FROM [dbo].[TRANSACTION] WHERE [tx_id] = N'TX_0099')
    INSERT INTO [dbo].[TRANSACTION] ([tx_id], [tokenId], [carrier_id], [customer_id], [escrow_status], [escrow_amount], [payment_released_at], [payment_released_reason], [blockchain_tx_hash], [smart_contract_address], [created_at]) VALUES (N'TX_0099', N'NFT_00099', N'CARR_0003', N'CUST_0009', N'Released', 4616.86, N'2026-04-09 06:00:00', N'Successful Delivery and Verified', N'0xb23339fc11f17835b6e9aee70d40a321f9b25ec722764372542665c9ad33bbd3', N'0x71C7656EC7ab88b098defB751B7401B5f6d8976F', N'2026-04-04 06:00:00');
IF NOT EXISTS (SELECT 1 FROM [dbo].[TRANSACTION] WHERE [tx_id] = N'TX_0100')
    INSERT INTO [dbo].[TRANSACTION] ([tx_id], [tokenId], [carrier_id], [customer_id], [escrow_status], [escrow_amount], [payment_released_at], [payment_released_reason], [blockchain_tx_hash], [smart_contract_address], [created_at]) VALUES (N'TX_0100', N'NFT_00100', N'CARR_0003', N'CUST_0015', N'Locked', 4447.44, NULL, NULL, N'0xd4d79e07c05aca1c5c74b26a2eb647752e901682905b2915de6095a933aca294', N'0x71C7656EC7ab88b098defB751B7401B5f6d8976F', N'2026-04-03 19:00:00');

-- BILLING_DETAIL
IF NOT EXISTS (SELECT 1 FROM [dbo].[BILLING_DETAIL] WHERE [billing_id] = N'BILL_0001')
    INSERT INTO [dbo].[BILLING_DETAIL] ([billing_id], [tx_id], [flat_fee], [logistics_fee], [tax_amount], [total_amount], [invoice_url], [refund_amount], [refund_reason], [billing_status]) VALUES (N'BILL_0001', N'TX_0001', 10, 164.59, 7.7, 182.29, N'https://storage.blocktrace.app/invoices/INV-1.pdf', 0.0, NULL, N'Paid');
IF NOT EXISTS (SELECT 1 FROM [dbo].[BILLING_DETAIL] WHERE [billing_id] = N'BILL_0002')
    INSERT INTO [dbo].[BILLING_DETAIL] ([billing_id], [tx_id], [flat_fee], [logistics_fee], [tax_amount], [total_amount], [invoice_url], [refund_amount], [refund_reason], [billing_status]) VALUES (N'BILL_0002', N'TX_0002', 10, 61.4, 14.95, 86.35000000000001, N'https://storage.blocktrace.app/invoices/INV-2.pdf', 0.0, NULL, N'Paid');
IF NOT EXISTS (SELECT 1 FROM [dbo].[BILLING_DETAIL] WHERE [billing_id] = N'BILL_0003')
    INSERT INTO [dbo].[BILLING_DETAIL] ([billing_id], [tx_id], [flat_fee], [logistics_fee], [tax_amount], [total_amount], [invoice_url], [refund_amount], [refund_reason], [billing_status]) VALUES (N'BILL_0003', N'TX_0003', 10, 54.06, 15.03, 79.09, N'https://storage.blocktrace.app/invoices/INV-3.pdf', 0.0, NULL, N'Paid');
IF NOT EXISTS (SELECT 1 FROM [dbo].[BILLING_DETAIL] WHERE [billing_id] = N'BILL_0004')
    INSERT INTO [dbo].[BILLING_DETAIL] ([billing_id], [tx_id], [flat_fee], [logistics_fee], [tax_amount], [total_amount], [invoice_url], [refund_amount], [refund_reason], [billing_status]) VALUES (N'BILL_0004', N'TX_0004', 10, 79.18, 15.86, 105.04, N'https://storage.blocktrace.app/invoices/INV-4.pdf', 0.0, NULL, N'Paid');
IF NOT EXISTS (SELECT 1 FROM [dbo].[BILLING_DETAIL] WHERE [billing_id] = N'BILL_0005')
    INSERT INTO [dbo].[BILLING_DETAIL] ([billing_id], [tx_id], [flat_fee], [logistics_fee], [tax_amount], [total_amount], [invoice_url], [refund_amount], [refund_reason], [billing_status]) VALUES (N'BILL_0005', N'TX_0005', 10, 130.75, 17.77, 158.52, N'https://storage.blocktrace.app/invoices/INV-5.pdf', 0.0, NULL, N'Paid');
IF NOT EXISTS (SELECT 1 FROM [dbo].[BILLING_DETAIL] WHERE [billing_id] = N'BILL_0006')
    INSERT INTO [dbo].[BILLING_DETAIL] ([billing_id], [tx_id], [flat_fee], [logistics_fee], [tax_amount], [total_amount], [invoice_url], [refund_amount], [refund_reason], [billing_status]) VALUES (N'BILL_0006', N'TX_0006', 10, 136.08, 17.78, 163.86, N'https://storage.blocktrace.app/invoices/INV-6.pdf', 0.0, NULL, N'Paid');
IF NOT EXISTS (SELECT 1 FROM [dbo].[BILLING_DETAIL] WHERE [billing_id] = N'BILL_0007')
    INSERT INTO [dbo].[BILLING_DETAIL] ([billing_id], [tx_id], [flat_fee], [logistics_fee], [tax_amount], [total_amount], [invoice_url], [refund_amount], [refund_reason], [billing_status]) VALUES (N'BILL_0007', N'TX_0007', 10, 178.33, 5.96, 194.29, N'https://storage.blocktrace.app/invoices/INV-7.pdf', 0.0, NULL, N'Paid');
IF NOT EXISTS (SELECT 1 FROM [dbo].[BILLING_DETAIL] WHERE [billing_id] = N'BILL_0008')
    INSERT INTO [dbo].[BILLING_DETAIL] ([billing_id], [tx_id], [flat_fee], [logistics_fee], [tax_amount], [total_amount], [invoice_url], [refund_amount], [refund_reason], [billing_status]) VALUES (N'BILL_0008', N'TX_0008', 10, 76.52, 7.28, 93.8, N'https://storage.blocktrace.app/invoices/INV-8.pdf', 75.04, N'Delivery issue / Product damage', N'Refunded');
IF NOT EXISTS (SELECT 1 FROM [dbo].[BILLING_DETAIL] WHERE [billing_id] = N'BILL_0009')
    INSERT INTO [dbo].[BILLING_DETAIL] ([billing_id], [tx_id], [flat_fee], [logistics_fee], [tax_amount], [total_amount], [invoice_url], [refund_amount], [refund_reason], [billing_status]) VALUES (N'BILL_0009', N'TX_0009', 10, 75.93, 6.14, 92.07000000000001, N'https://storage.blocktrace.app/invoices/INV-9.pdf', 0.0, NULL, N'Paid');
IF NOT EXISTS (SELECT 1 FROM [dbo].[BILLING_DETAIL] WHERE [billing_id] = N'BILL_0010')
    INSERT INTO [dbo].[BILLING_DETAIL] ([billing_id], [tx_id], [flat_fee], [logistics_fee], [tax_amount], [total_amount], [invoice_url], [refund_amount], [refund_reason], [billing_status]) VALUES (N'BILL_0010', N'TX_0010', 10, 126.7, 18.68, 155.38, N'https://storage.blocktrace.app/invoices/INV-10.pdf', 0.0, NULL, N'Paid');
IF NOT EXISTS (SELECT 1 FROM [dbo].[BILLING_DETAIL] WHERE [billing_id] = N'BILL_0011')
    INSERT INTO [dbo].[BILLING_DETAIL] ([billing_id], [tx_id], [flat_fee], [logistics_fee], [tax_amount], [total_amount], [invoice_url], [refund_amount], [refund_reason], [billing_status]) VALUES (N'BILL_0011', N'TX_0011', 10, 105.87, 7.3, 123.17, N'https://storage.blocktrace.app/invoices/INV-11.pdf', 0.0, NULL, N'Paid');
IF NOT EXISTS (SELECT 1 FROM [dbo].[BILLING_DETAIL] WHERE [billing_id] = N'BILL_0012')
    INSERT INTO [dbo].[BILLING_DETAIL] ([billing_id], [tx_id], [flat_fee], [logistics_fee], [tax_amount], [total_amount], [invoice_url], [refund_amount], [refund_reason], [billing_status]) VALUES (N'BILL_0012', N'TX_0012', 10, 112.57, 12.49, 135.06, N'https://storage.blocktrace.app/invoices/INV-12.pdf', 0.0, NULL, N'Paid');
IF NOT EXISTS (SELECT 1 FROM [dbo].[BILLING_DETAIL] WHERE [billing_id] = N'BILL_0013')
    INSERT INTO [dbo].[BILLING_DETAIL] ([billing_id], [tx_id], [flat_fee], [logistics_fee], [tax_amount], [total_amount], [invoice_url], [refund_amount], [refund_reason], [billing_status]) VALUES (N'BILL_0013', N'TX_0013', 10, 184.04, 6.56, 200.6, N'https://storage.blocktrace.app/invoices/INV-13.pdf', 0.0, NULL, N'Paid');
IF NOT EXISTS (SELECT 1 FROM [dbo].[BILLING_DETAIL] WHERE [billing_id] = N'BILL_0014')
    INSERT INTO [dbo].[BILLING_DETAIL] ([billing_id], [tx_id], [flat_fee], [logistics_fee], [tax_amount], [total_amount], [invoice_url], [refund_amount], [refund_reason], [billing_status]) VALUES (N'BILL_0014', N'TX_0014', 10, 129.63, 8.93, 148.56, N'https://storage.blocktrace.app/invoices/INV-14.pdf', 0.0, NULL, N'Paid');
IF NOT EXISTS (SELECT 1 FROM [dbo].[BILLING_DETAIL] WHERE [billing_id] = N'BILL_0015')
    INSERT INTO [dbo].[BILLING_DETAIL] ([billing_id], [tx_id], [flat_fee], [logistics_fee], [tax_amount], [total_amount], [invoice_url], [refund_amount], [refund_reason], [billing_status]) VALUES (N'BILL_0015', N'TX_0015', 10, 108.42, 19.83, 138.25, N'https://storage.blocktrace.app/invoices/INV-15.pdf', 0.0, NULL, N'Paid');
IF NOT EXISTS (SELECT 1 FROM [dbo].[BILLING_DETAIL] WHERE [billing_id] = N'BILL_0016')
    INSERT INTO [dbo].[BILLING_DETAIL] ([billing_id], [tx_id], [flat_fee], [logistics_fee], [tax_amount], [total_amount], [invoice_url], [refund_amount], [refund_reason], [billing_status]) VALUES (N'BILL_0016', N'TX_0016', 10, 175.58, 15.11, 200.69, N'https://storage.blocktrace.app/invoices/INV-16.pdf', 0.0, NULL, N'Paid');
IF NOT EXISTS (SELECT 1 FROM [dbo].[BILLING_DETAIL] WHERE [billing_id] = N'BILL_0017')
    INSERT INTO [dbo].[BILLING_DETAIL] ([billing_id], [tx_id], [flat_fee], [logistics_fee], [tax_amount], [total_amount], [invoice_url], [refund_amount], [refund_reason], [billing_status]) VALUES (N'BILL_0017', N'TX_0017', 10, 108.24, 13.55, 131.79, N'https://storage.blocktrace.app/invoices/INV-17.pdf', 0.0, NULL, N'Paid');
IF NOT EXISTS (SELECT 1 FROM [dbo].[BILLING_DETAIL] WHERE [billing_id] = N'BILL_0018')
    INSERT INTO [dbo].[BILLING_DETAIL] ([billing_id], [tx_id], [flat_fee], [logistics_fee], [tax_amount], [total_amount], [invoice_url], [refund_amount], [refund_reason], [billing_status]) VALUES (N'BILL_0018', N'TX_0018', 10, 189.87, 11.63, 211.5, N'https://storage.blocktrace.app/invoices/INV-18.pdf', 0.0, NULL, N'Paid');
IF NOT EXISTS (SELECT 1 FROM [dbo].[BILLING_DETAIL] WHERE [billing_id] = N'BILL_0019')
    INSERT INTO [dbo].[BILLING_DETAIL] ([billing_id], [tx_id], [flat_fee], [logistics_fee], [tax_amount], [total_amount], [invoice_url], [refund_amount], [refund_reason], [billing_status]) VALUES (N'BILL_0019', N'TX_0019', 10, 86.68, 9.71, 106.39, N'https://storage.blocktrace.app/invoices/INV-19.pdf', 0.0, NULL, N'Paid');
IF NOT EXISTS (SELECT 1 FROM [dbo].[BILLING_DETAIL] WHERE [billing_id] = N'BILL_0020')
    INSERT INTO [dbo].[BILLING_DETAIL] ([billing_id], [tx_id], [flat_fee], [logistics_fee], [tax_amount], [total_amount], [invoice_url], [refund_amount], [refund_reason], [billing_status]) VALUES (N'BILL_0020', N'TX_0020', 10, 160.51, 10.82, 181.33, N'https://storage.blocktrace.app/invoices/INV-20.pdf', 0.0, NULL, N'Paid');
IF NOT EXISTS (SELECT 1 FROM [dbo].[BILLING_DETAIL] WHERE [billing_id] = N'BILL_0021')
    INSERT INTO [dbo].[BILLING_DETAIL] ([billing_id], [tx_id], [flat_fee], [logistics_fee], [tax_amount], [total_amount], [invoice_url], [refund_amount], [refund_reason], [billing_status]) VALUES (N'BILL_0021', N'TX_0021', 10, 191.86, 10.99, 212.85, N'https://storage.blocktrace.app/invoices/INV-21.pdf', 0.0, NULL, N'Paid');
IF NOT EXISTS (SELECT 1 FROM [dbo].[BILLING_DETAIL] WHERE [billing_id] = N'BILL_0022')
    INSERT INTO [dbo].[BILLING_DETAIL] ([billing_id], [tx_id], [flat_fee], [logistics_fee], [tax_amount], [total_amount], [invoice_url], [refund_amount], [refund_reason], [billing_status]) VALUES (N'BILL_0022', N'TX_0022', 10, 161.8, 13.94, 185.74, N'https://storage.blocktrace.app/invoices/INV-22.pdf', 0.0, NULL, N'Paid');
IF NOT EXISTS (SELECT 1 FROM [dbo].[BILLING_DETAIL] WHERE [billing_id] = N'BILL_0023')
    INSERT INTO [dbo].[BILLING_DETAIL] ([billing_id], [tx_id], [flat_fee], [logistics_fee], [tax_amount], [total_amount], [invoice_url], [refund_amount], [refund_reason], [billing_status]) VALUES (N'BILL_0023', N'TX_0023', 10, 82.66, 14.88, 107.54, N'https://storage.blocktrace.app/invoices/INV-23.pdf', 0.0, NULL, N'Paid');
IF NOT EXISTS (SELECT 1 FROM [dbo].[BILLING_DETAIL] WHERE [billing_id] = N'BILL_0024')
    INSERT INTO [dbo].[BILLING_DETAIL] ([billing_id], [tx_id], [flat_fee], [logistics_fee], [tax_amount], [total_amount], [invoice_url], [refund_amount], [refund_reason], [billing_status]) VALUES (N'BILL_0024', N'TX_0024', 10, 71.14, 18.95, 100.09, N'https://storage.blocktrace.app/invoices/INV-24.pdf', 0.0, NULL, N'Unpaid');
IF NOT EXISTS (SELECT 1 FROM [dbo].[BILLING_DETAIL] WHERE [billing_id] = N'BILL_0025')
    INSERT INTO [dbo].[BILLING_DETAIL] ([billing_id], [tx_id], [flat_fee], [logistics_fee], [tax_amount], [total_amount], [invoice_url], [refund_amount], [refund_reason], [billing_status]) VALUES (N'BILL_0025', N'TX_0025', 10, 76.86, 7.9, 94.76, N'https://storage.blocktrace.app/invoices/INV-25.pdf', 0.0, NULL, N'Paid');
IF NOT EXISTS (SELECT 1 FROM [dbo].[BILLING_DETAIL] WHERE [billing_id] = N'BILL_0026')
    INSERT INTO [dbo].[BILLING_DETAIL] ([billing_id], [tx_id], [flat_fee], [logistics_fee], [tax_amount], [total_amount], [invoice_url], [refund_amount], [refund_reason], [billing_status]) VALUES (N'BILL_0026', N'TX_0026', 10, 153.53, 5.68, 169.21, N'https://storage.blocktrace.app/invoices/INV-26.pdf', 0.0, NULL, N'Paid');
IF NOT EXISTS (SELECT 1 FROM [dbo].[BILLING_DETAIL] WHERE [billing_id] = N'BILL_0027')
    INSERT INTO [dbo].[BILLING_DETAIL] ([billing_id], [tx_id], [flat_fee], [logistics_fee], [tax_amount], [total_amount], [invoice_url], [refund_amount], [refund_reason], [billing_status]) VALUES (N'BILL_0027', N'TX_0027', 10, 87.94, 8.25, 106.19, N'https://storage.blocktrace.app/invoices/INV-27.pdf', 84.952, N'Delivery issue / Product damage', N'Refunded');
IF NOT EXISTS (SELECT 1 FROM [dbo].[BILLING_DETAIL] WHERE [billing_id] = N'BILL_0028')
    INSERT INTO [dbo].[BILLING_DETAIL] ([billing_id], [tx_id], [flat_fee], [logistics_fee], [tax_amount], [total_amount], [invoice_url], [refund_amount], [refund_reason], [billing_status]) VALUES (N'BILL_0028', N'TX_0028', 10, 92.21, 12.28, 114.49, N'https://storage.blocktrace.app/invoices/INV-28.pdf', 0.0, NULL, N'Paid');
IF NOT EXISTS (SELECT 1 FROM [dbo].[BILLING_DETAIL] WHERE [billing_id] = N'BILL_0029')
    INSERT INTO [dbo].[BILLING_DETAIL] ([billing_id], [tx_id], [flat_fee], [logistics_fee], [tax_amount], [total_amount], [invoice_url], [refund_amount], [refund_reason], [billing_status]) VALUES (N'BILL_0029', N'TX_0029', 10, 182.0, 16.59, 208.59, N'https://storage.blocktrace.app/invoices/INV-29.pdf', 0.0, NULL, N'Paid');
IF NOT EXISTS (SELECT 1 FROM [dbo].[BILLING_DETAIL] WHERE [billing_id] = N'BILL_0030')
    INSERT INTO [dbo].[BILLING_DETAIL] ([billing_id], [tx_id], [flat_fee], [logistics_fee], [tax_amount], [total_amount], [invoice_url], [refund_amount], [refund_reason], [billing_status]) VALUES (N'BILL_0030', N'TX_0030', 10, 66.79, 12.07, 88.86000000000001, N'https://storage.blocktrace.app/invoices/INV-30.pdf', 0.0, NULL, N'Paid');
IF NOT EXISTS (SELECT 1 FROM [dbo].[BILLING_DETAIL] WHERE [billing_id] = N'BILL_0031')
    INSERT INTO [dbo].[BILLING_DETAIL] ([billing_id], [tx_id], [flat_fee], [logistics_fee], [tax_amount], [total_amount], [invoice_url], [refund_amount], [refund_reason], [billing_status]) VALUES (N'BILL_0031', N'TX_0031', 10, 73.01, 16.41, 99.42, N'https://storage.blocktrace.app/invoices/INV-31.pdf', 0.0, NULL, N'Paid');
IF NOT EXISTS (SELECT 1 FROM [dbo].[BILLING_DETAIL] WHERE [billing_id] = N'BILL_0032')
    INSERT INTO [dbo].[BILLING_DETAIL] ([billing_id], [tx_id], [flat_fee], [logistics_fee], [tax_amount], [total_amount], [invoice_url], [refund_amount], [refund_reason], [billing_status]) VALUES (N'BILL_0032', N'TX_0032', 10, 139.11, 14.19, 163.3, N'https://storage.blocktrace.app/invoices/INV-32.pdf', 0.0, NULL, N'Paid');
IF NOT EXISTS (SELECT 1 FROM [dbo].[BILLING_DETAIL] WHERE [billing_id] = N'BILL_0033')
    INSERT INTO [dbo].[BILLING_DETAIL] ([billing_id], [tx_id], [flat_fee], [logistics_fee], [tax_amount], [total_amount], [invoice_url], [refund_amount], [refund_reason], [billing_status]) VALUES (N'BILL_0033', N'TX_0033', 10, 129.03, 14.78, 153.81, N'https://storage.blocktrace.app/invoices/INV-33.pdf', 0.0, NULL, N'Paid');
IF NOT EXISTS (SELECT 1 FROM [dbo].[BILLING_DETAIL] WHERE [billing_id] = N'BILL_0034')
    INSERT INTO [dbo].[BILLING_DETAIL] ([billing_id], [tx_id], [flat_fee], [logistics_fee], [tax_amount], [total_amount], [invoice_url], [refund_amount], [refund_reason], [billing_status]) VALUES (N'BILL_0034', N'TX_0034', 10, 79.87, 16.03, 105.9, N'https://storage.blocktrace.app/invoices/INV-34.pdf', 0.0, NULL, N'Paid');
IF NOT EXISTS (SELECT 1 FROM [dbo].[BILLING_DETAIL] WHERE [billing_id] = N'BILL_0035')
    INSERT INTO [dbo].[BILLING_DETAIL] ([billing_id], [tx_id], [flat_fee], [logistics_fee], [tax_amount], [total_amount], [invoice_url], [refund_amount], [refund_reason], [billing_status]) VALUES (N'BILL_0035', N'TX_0035', 10, 82.9, 11.48, 104.38, N'https://storage.blocktrace.app/invoices/INV-35.pdf', 0.0, NULL, N'Paid');
IF NOT EXISTS (SELECT 1 FROM [dbo].[BILLING_DETAIL] WHERE [billing_id] = N'BILL_0036')
    INSERT INTO [dbo].[BILLING_DETAIL] ([billing_id], [tx_id], [flat_fee], [logistics_fee], [tax_amount], [total_amount], [invoice_url], [refund_amount], [refund_reason], [billing_status]) VALUES (N'BILL_0036', N'TX_0036', 10, 160.63, 16.18, 186.81, N'https://storage.blocktrace.app/invoices/INV-36.pdf', 0.0, NULL, N'Paid');
IF NOT EXISTS (SELECT 1 FROM [dbo].[BILLING_DETAIL] WHERE [billing_id] = N'BILL_0037')
    INSERT INTO [dbo].[BILLING_DETAIL] ([billing_id], [tx_id], [flat_fee], [logistics_fee], [tax_amount], [total_amount], [invoice_url], [refund_amount], [refund_reason], [billing_status]) VALUES (N'BILL_0037', N'TX_0037', 10, 59.36, 10.22, 79.58, N'https://storage.blocktrace.app/invoices/INV-37.pdf', 0.0, NULL, N'Paid');
IF NOT EXISTS (SELECT 1 FROM [dbo].[BILLING_DETAIL] WHERE [billing_id] = N'BILL_0038')
    INSERT INTO [dbo].[BILLING_DETAIL] ([billing_id], [tx_id], [flat_fee], [logistics_fee], [tax_amount], [total_amount], [invoice_url], [refund_amount], [refund_reason], [billing_status]) VALUES (N'BILL_0038', N'TX_0038', 10, 74.19, 10.05, 94.24, N'https://storage.blocktrace.app/invoices/INV-38.pdf', 0.0, NULL, N'Paid');
IF NOT EXISTS (SELECT 1 FROM [dbo].[BILLING_DETAIL] WHERE [billing_id] = N'BILL_0039')
    INSERT INTO [dbo].[BILLING_DETAIL] ([billing_id], [tx_id], [flat_fee], [logistics_fee], [tax_amount], [total_amount], [invoice_url], [refund_amount], [refund_reason], [billing_status]) VALUES (N'BILL_0039', N'TX_0039', 10, 78.28, 6.45, 94.73, N'https://storage.blocktrace.app/invoices/INV-39.pdf', 0.0, NULL, N'Paid');
IF NOT EXISTS (SELECT 1 FROM [dbo].[BILLING_DETAIL] WHERE [billing_id] = N'BILL_0040')
    INSERT INTO [dbo].[BILLING_DETAIL] ([billing_id], [tx_id], [flat_fee], [logistics_fee], [tax_amount], [total_amount], [invoice_url], [refund_amount], [refund_reason], [billing_status]) VALUES (N'BILL_0040', N'TX_0040', 10, 56.96, 17.14, 84.10000000000001, N'https://storage.blocktrace.app/invoices/INV-40.pdf', 0.0, NULL, N'Paid');
IF NOT EXISTS (SELECT 1 FROM [dbo].[BILLING_DETAIL] WHERE [billing_id] = N'BILL_0041')
    INSERT INTO [dbo].[BILLING_DETAIL] ([billing_id], [tx_id], [flat_fee], [logistics_fee], [tax_amount], [total_amount], [invoice_url], [refund_amount], [refund_reason], [billing_status]) VALUES (N'BILL_0041', N'TX_0041', 10, 182.94, 18.49, 211.43, N'https://storage.blocktrace.app/invoices/INV-41.pdf', 0.0, NULL, N'Paid');
IF NOT EXISTS (SELECT 1 FROM [dbo].[BILLING_DETAIL] WHERE [billing_id] = N'BILL_0042')
    INSERT INTO [dbo].[BILLING_DETAIL] ([billing_id], [tx_id], [flat_fee], [logistics_fee], [tax_amount], [total_amount], [invoice_url], [refund_amount], [refund_reason], [billing_status]) VALUES (N'BILL_0042', N'TX_0042', 10, 50.29, 10.33, 70.62, N'https://storage.blocktrace.app/invoices/INV-42.pdf', 0.0, NULL, N'Paid');
IF NOT EXISTS (SELECT 1 FROM [dbo].[BILLING_DETAIL] WHERE [billing_id] = N'BILL_0043')
    INSERT INTO [dbo].[BILLING_DETAIL] ([billing_id], [tx_id], [flat_fee], [logistics_fee], [tax_amount], [total_amount], [invoice_url], [refund_amount], [refund_reason], [billing_status]) VALUES (N'BILL_0043', N'TX_0043', 10, 188.74, 17.64, 216.38, N'https://storage.blocktrace.app/invoices/INV-43.pdf', 0.0, NULL, N'Paid');
IF NOT EXISTS (SELECT 1 FROM [dbo].[BILLING_DETAIL] WHERE [billing_id] = N'BILL_0044')
    INSERT INTO [dbo].[BILLING_DETAIL] ([billing_id], [tx_id], [flat_fee], [logistics_fee], [tax_amount], [total_amount], [invoice_url], [refund_amount], [refund_reason], [billing_status]) VALUES (N'BILL_0044', N'TX_0044', 10, 149.0, 13.47, 172.47, N'https://storage.blocktrace.app/invoices/INV-44.pdf', 0.0, NULL, N'Paid');
IF NOT EXISTS (SELECT 1 FROM [dbo].[BILLING_DETAIL] WHERE [billing_id] = N'BILL_0045')
    INSERT INTO [dbo].[BILLING_DETAIL] ([billing_id], [tx_id], [flat_fee], [logistics_fee], [tax_amount], [total_amount], [invoice_url], [refund_amount], [refund_reason], [billing_status]) VALUES (N'BILL_0045', N'TX_0045', 10, 58.95, 10.97, 79.92, N'https://storage.blocktrace.app/invoices/INV-45.pdf', 0.0, NULL, N'Paid');
IF NOT EXISTS (SELECT 1 FROM [dbo].[BILLING_DETAIL] WHERE [billing_id] = N'BILL_0046')
    INSERT INTO [dbo].[BILLING_DETAIL] ([billing_id], [tx_id], [flat_fee], [logistics_fee], [tax_amount], [total_amount], [invoice_url], [refund_amount], [refund_reason], [billing_status]) VALUES (N'BILL_0046', N'TX_0046', 10, 74.6, 11.86, 96.46, N'https://storage.blocktrace.app/invoices/INV-46.pdf', 0.0, NULL, N'Paid');
IF NOT EXISTS (SELECT 1 FROM [dbo].[BILLING_DETAIL] WHERE [billing_id] = N'BILL_0047')
    INSERT INTO [dbo].[BILLING_DETAIL] ([billing_id], [tx_id], [flat_fee], [logistics_fee], [tax_amount], [total_amount], [invoice_url], [refund_amount], [refund_reason], [billing_status]) VALUES (N'BILL_0047', N'TX_0047', 10, 86.61, 8.41, 105.02, N'https://storage.blocktrace.app/invoices/INV-47.pdf', 0.0, NULL, N'Unpaid');
IF NOT EXISTS (SELECT 1 FROM [dbo].[BILLING_DETAIL] WHERE [billing_id] = N'BILL_0048')
    INSERT INTO [dbo].[BILLING_DETAIL] ([billing_id], [tx_id], [flat_fee], [logistics_fee], [tax_amount], [total_amount], [invoice_url], [refund_amount], [refund_reason], [billing_status]) VALUES (N'BILL_0048', N'TX_0048', 10, 198.94, 8.1, 217.04, N'https://storage.blocktrace.app/invoices/INV-48.pdf', 0.0, NULL, N'Unpaid');
IF NOT EXISTS (SELECT 1 FROM [dbo].[BILLING_DETAIL] WHERE [billing_id] = N'BILL_0049')
    INSERT INTO [dbo].[BILLING_DETAIL] ([billing_id], [tx_id], [flat_fee], [logistics_fee], [tax_amount], [total_amount], [invoice_url], [refund_amount], [refund_reason], [billing_status]) VALUES (N'BILL_0049', N'TX_0049', 10, 141.41, 10.78, 162.19, N'https://storage.blocktrace.app/invoices/INV-49.pdf', 0.0, NULL, N'Paid');
IF NOT EXISTS (SELECT 1 FROM [dbo].[BILLING_DETAIL] WHERE [billing_id] = N'BILL_0050')
    INSERT INTO [dbo].[BILLING_DETAIL] ([billing_id], [tx_id], [flat_fee], [logistics_fee], [tax_amount], [total_amount], [invoice_url], [refund_amount], [refund_reason], [billing_status]) VALUES (N'BILL_0050', N'TX_0050', 10, 193.96, 8.22, 212.18, N'https://storage.blocktrace.app/invoices/INV-50.pdf', 0.0, NULL, N'Paid');
IF NOT EXISTS (SELECT 1 FROM [dbo].[BILLING_DETAIL] WHERE [billing_id] = N'BILL_0051')
    INSERT INTO [dbo].[BILLING_DETAIL] ([billing_id], [tx_id], [flat_fee], [logistics_fee], [tax_amount], [total_amount], [invoice_url], [refund_amount], [refund_reason], [billing_status]) VALUES (N'BILL_0051', N'TX_0051', 10, 185.02, 6.25, 201.27, N'https://storage.blocktrace.app/invoices/INV-51.pdf', 0.0, NULL, N'Paid');
IF NOT EXISTS (SELECT 1 FROM [dbo].[BILLING_DETAIL] WHERE [billing_id] = N'BILL_0052')
    INSERT INTO [dbo].[BILLING_DETAIL] ([billing_id], [tx_id], [flat_fee], [logistics_fee], [tax_amount], [total_amount], [invoice_url], [refund_amount], [refund_reason], [billing_status]) VALUES (N'BILL_0052', N'TX_0052', 10, 67.11, 14.47, 91.58, N'https://storage.blocktrace.app/invoices/INV-52.pdf', 0.0, NULL, N'Paid');
IF NOT EXISTS (SELECT 1 FROM [dbo].[BILLING_DETAIL] WHERE [billing_id] = N'BILL_0053')
    INSERT INTO [dbo].[BILLING_DETAIL] ([billing_id], [tx_id], [flat_fee], [logistics_fee], [tax_amount], [total_amount], [invoice_url], [refund_amount], [refund_reason], [billing_status]) VALUES (N'BILL_0053', N'TX_0053', 10, 171.7, 17.41, 199.11, N'https://storage.blocktrace.app/invoices/INV-53.pdf', 0.0, NULL, N'Paid');
IF NOT EXISTS (SELECT 1 FROM [dbo].[BILLING_DETAIL] WHERE [billing_id] = N'BILL_0054')
    INSERT INTO [dbo].[BILLING_DETAIL] ([billing_id], [tx_id], [flat_fee], [logistics_fee], [tax_amount], [total_amount], [invoice_url], [refund_amount], [refund_reason], [billing_status]) VALUES (N'BILL_0054', N'TX_0054', 10, 109.65, 6.57, 126.22, N'https://storage.blocktrace.app/invoices/INV-54.pdf', 0.0, NULL, N'Paid');
IF NOT EXISTS (SELECT 1 FROM [dbo].[BILLING_DETAIL] WHERE [billing_id] = N'BILL_0055')
    INSERT INTO [dbo].[BILLING_DETAIL] ([billing_id], [tx_id], [flat_fee], [logistics_fee], [tax_amount], [total_amount], [invoice_url], [refund_amount], [refund_reason], [billing_status]) VALUES (N'BILL_0055', N'TX_0055', 10, 95.71, 16.65, 122.36, N'https://storage.blocktrace.app/invoices/INV-55.pdf', 0.0, NULL, N'Paid');
IF NOT EXISTS (SELECT 1 FROM [dbo].[BILLING_DETAIL] WHERE [billing_id] = N'BILL_0056')
    INSERT INTO [dbo].[BILLING_DETAIL] ([billing_id], [tx_id], [flat_fee], [logistics_fee], [tax_amount], [total_amount], [invoice_url], [refund_amount], [refund_reason], [billing_status]) VALUES (N'BILL_0056', N'TX_0056', 10, 61.16, 7.33, 78.49, N'https://storage.blocktrace.app/invoices/INV-56.pdf', 0.0, NULL, N'Paid');
IF NOT EXISTS (SELECT 1 FROM [dbo].[BILLING_DETAIL] WHERE [billing_id] = N'BILL_0057')
    INSERT INTO [dbo].[BILLING_DETAIL] ([billing_id], [tx_id], [flat_fee], [logistics_fee], [tax_amount], [total_amount], [invoice_url], [refund_amount], [refund_reason], [billing_status]) VALUES (N'BILL_0057', N'TX_0057', 10, 73.53, 18.5, 102.03, N'https://storage.blocktrace.app/invoices/INV-57.pdf', 0.0, NULL, N'Paid');
IF NOT EXISTS (SELECT 1 FROM [dbo].[BILLING_DETAIL] WHERE [billing_id] = N'BILL_0058')
    INSERT INTO [dbo].[BILLING_DETAIL] ([billing_id], [tx_id], [flat_fee], [logistics_fee], [tax_amount], [total_amount], [invoice_url], [refund_amount], [refund_reason], [billing_status]) VALUES (N'BILL_0058', N'TX_0058', 10, 72.85, 15.1, 97.94999999999999, N'https://storage.blocktrace.app/invoices/INV-58.pdf', 0.0, NULL, N'Unpaid');
IF NOT EXISTS (SELECT 1 FROM [dbo].[BILLING_DETAIL] WHERE [billing_id] = N'BILL_0059')
    INSERT INTO [dbo].[BILLING_DETAIL] ([billing_id], [tx_id], [flat_fee], [logistics_fee], [tax_amount], [total_amount], [invoice_url], [refund_amount], [refund_reason], [billing_status]) VALUES (N'BILL_0059', N'TX_0059', 10, 159.66, 8.36, 178.02, N'https://storage.blocktrace.app/invoices/INV-59.pdf', 0.0, NULL, N'Unpaid');
IF NOT EXISTS (SELECT 1 FROM [dbo].[BILLING_DETAIL] WHERE [billing_id] = N'BILL_0060')
    INSERT INTO [dbo].[BILLING_DETAIL] ([billing_id], [tx_id], [flat_fee], [logistics_fee], [tax_amount], [total_amount], [invoice_url], [refund_amount], [refund_reason], [billing_status]) VALUES (N'BILL_0060', N'TX_0060', 10, 119.16, 14.0, 143.16, N'https://storage.blocktrace.app/invoices/INV-60.pdf', 0.0, NULL, N'Unpaid');
IF NOT EXISTS (SELECT 1 FROM [dbo].[BILLING_DETAIL] WHERE [billing_id] = N'BILL_0061')
    INSERT INTO [dbo].[BILLING_DETAIL] ([billing_id], [tx_id], [flat_fee], [logistics_fee], [tax_amount], [total_amount], [invoice_url], [refund_amount], [refund_reason], [billing_status]) VALUES (N'BILL_0061', N'TX_0061', 10, 129.25, 9.88, 149.13, N'https://storage.blocktrace.app/invoices/INV-61.pdf', 119.304, N'Delivery issue / Product damage', N'Refunded');
IF NOT EXISTS (SELECT 1 FROM [dbo].[BILLING_DETAIL] WHERE [billing_id] = N'BILL_0062')
    INSERT INTO [dbo].[BILLING_DETAIL] ([billing_id], [tx_id], [flat_fee], [logistics_fee], [tax_amount], [total_amount], [invoice_url], [refund_amount], [refund_reason], [billing_status]) VALUES (N'BILL_0062', N'TX_0062', 10, 160.44, 15.5, 185.94, N'https://storage.blocktrace.app/invoices/INV-62.pdf', 0.0, NULL, N'Paid');
IF NOT EXISTS (SELECT 1 FROM [dbo].[BILLING_DETAIL] WHERE [billing_id] = N'BILL_0063')
    INSERT INTO [dbo].[BILLING_DETAIL] ([billing_id], [tx_id], [flat_fee], [logistics_fee], [tax_amount], [total_amount], [invoice_url], [refund_amount], [refund_reason], [billing_status]) VALUES (N'BILL_0063', N'TX_0063', 10, 184.35, 12.4, 206.75, N'https://storage.blocktrace.app/invoices/INV-63.pdf', 0.0, NULL, N'Paid');
IF NOT EXISTS (SELECT 1 FROM [dbo].[BILLING_DETAIL] WHERE [billing_id] = N'BILL_0064')
    INSERT INTO [dbo].[BILLING_DETAIL] ([billing_id], [tx_id], [flat_fee], [logistics_fee], [tax_amount], [total_amount], [invoice_url], [refund_amount], [refund_reason], [billing_status]) VALUES (N'BILL_0064', N'TX_0064', 10, 56.52, 16.33, 82.85000000000001, N'https://storage.blocktrace.app/invoices/INV-64.pdf', 0.0, NULL, N'Paid');
IF NOT EXISTS (SELECT 1 FROM [dbo].[BILLING_DETAIL] WHERE [billing_id] = N'BILL_0065')
    INSERT INTO [dbo].[BILLING_DETAIL] ([billing_id], [tx_id], [flat_fee], [logistics_fee], [tax_amount], [total_amount], [invoice_url], [refund_amount], [refund_reason], [billing_status]) VALUES (N'BILL_0065', N'TX_0065', 10, 173.83, 7.51, 191.34, N'https://storage.blocktrace.app/invoices/INV-65.pdf', 0.0, NULL, N'Paid');
IF NOT EXISTS (SELECT 1 FROM [dbo].[BILLING_DETAIL] WHERE [billing_id] = N'BILL_0066')
    INSERT INTO [dbo].[BILLING_DETAIL] ([billing_id], [tx_id], [flat_fee], [logistics_fee], [tax_amount], [total_amount], [invoice_url], [refund_amount], [refund_reason], [billing_status]) VALUES (N'BILL_0066', N'TX_0066', 10, 190.15, 12.84, 212.99, N'https://storage.blocktrace.app/invoices/INV-66.pdf', 0.0, NULL, N'Unpaid');
IF NOT EXISTS (SELECT 1 FROM [dbo].[BILLING_DETAIL] WHERE [billing_id] = N'BILL_0067')
    INSERT INTO [dbo].[BILLING_DETAIL] ([billing_id], [tx_id], [flat_fee], [logistics_fee], [tax_amount], [total_amount], [invoice_url], [refund_amount], [refund_reason], [billing_status]) VALUES (N'BILL_0067', N'TX_0067', 10, 171.98, 8.71, 190.69, N'https://storage.blocktrace.app/invoices/INV-67.pdf', 0.0, NULL, N'Paid');
IF NOT EXISTS (SELECT 1 FROM [dbo].[BILLING_DETAIL] WHERE [billing_id] = N'BILL_0068')
    INSERT INTO [dbo].[BILLING_DETAIL] ([billing_id], [tx_id], [flat_fee], [logistics_fee], [tax_amount], [total_amount], [invoice_url], [refund_amount], [refund_reason], [billing_status]) VALUES (N'BILL_0068', N'TX_0068', 10, 69.12, 14.1, 93.22, N'https://storage.blocktrace.app/invoices/INV-68.pdf', 74.57600000000001, N'Delivery issue / Product damage', N'Refunded');
IF NOT EXISTS (SELECT 1 FROM [dbo].[BILLING_DETAIL] WHERE [billing_id] = N'BILL_0069')
    INSERT INTO [dbo].[BILLING_DETAIL] ([billing_id], [tx_id], [flat_fee], [logistics_fee], [tax_amount], [total_amount], [invoice_url], [refund_amount], [refund_reason], [billing_status]) VALUES (N'BILL_0069', N'TX_0069', 10, 67.52, 18.77, 96.28999999999999, N'https://storage.blocktrace.app/invoices/INV-69.pdf', 0.0, NULL, N'Paid');
IF NOT EXISTS (SELECT 1 FROM [dbo].[BILLING_DETAIL] WHERE [billing_id] = N'BILL_0070')
    INSERT INTO [dbo].[BILLING_DETAIL] ([billing_id], [tx_id], [flat_fee], [logistics_fee], [tax_amount], [total_amount], [invoice_url], [refund_amount], [refund_reason], [billing_status]) VALUES (N'BILL_0070', N'TX_0070', 10, 102.85, 13.9, 126.75, N'https://storage.blocktrace.app/invoices/INV-70.pdf', 0.0, NULL, N'Paid');
IF NOT EXISTS (SELECT 1 FROM [dbo].[BILLING_DETAIL] WHERE [billing_id] = N'BILL_0071')
    INSERT INTO [dbo].[BILLING_DETAIL] ([billing_id], [tx_id], [flat_fee], [logistics_fee], [tax_amount], [total_amount], [invoice_url], [refund_amount], [refund_reason], [billing_status]) VALUES (N'BILL_0071', N'TX_0071', 10, 129.99, 8.7, 148.69, N'https://storage.blocktrace.app/invoices/INV-71.pdf', 0.0, NULL, N'Paid');
IF NOT EXISTS (SELECT 1 FROM [dbo].[BILLING_DETAIL] WHERE [billing_id] = N'BILL_0072')
    INSERT INTO [dbo].[BILLING_DETAIL] ([billing_id], [tx_id], [flat_fee], [logistics_fee], [tax_amount], [total_amount], [invoice_url], [refund_amount], [refund_reason], [billing_status]) VALUES (N'BILL_0072', N'TX_0072', 10, 102.49, 12.46, 124.95, N'https://storage.blocktrace.app/invoices/INV-72.pdf', 0.0, NULL, N'Paid');
IF NOT EXISTS (SELECT 1 FROM [dbo].[BILLING_DETAIL] WHERE [billing_id] = N'BILL_0073')
    INSERT INTO [dbo].[BILLING_DETAIL] ([billing_id], [tx_id], [flat_fee], [logistics_fee], [tax_amount], [total_amount], [invoice_url], [refund_amount], [refund_reason], [billing_status]) VALUES (N'BILL_0073', N'TX_0073', 10, 52.5, 15.74, 78.24, N'https://storage.blocktrace.app/invoices/INV-73.pdf', 0.0, NULL, N'Paid');
IF NOT EXISTS (SELECT 1 FROM [dbo].[BILLING_DETAIL] WHERE [billing_id] = N'BILL_0074')
    INSERT INTO [dbo].[BILLING_DETAIL] ([billing_id], [tx_id], [flat_fee], [logistics_fee], [tax_amount], [total_amount], [invoice_url], [refund_amount], [refund_reason], [billing_status]) VALUES (N'BILL_0074', N'TX_0074', 10, 155.22, 10.65, 175.87, N'https://storage.blocktrace.app/invoices/INV-74.pdf', 0.0, NULL, N'Paid');
IF NOT EXISTS (SELECT 1 FROM [dbo].[BILLING_DETAIL] WHERE [billing_id] = N'BILL_0075')
    INSERT INTO [dbo].[BILLING_DETAIL] ([billing_id], [tx_id], [flat_fee], [logistics_fee], [tax_amount], [total_amount], [invoice_url], [refund_amount], [refund_reason], [billing_status]) VALUES (N'BILL_0075', N'TX_0075', 10, 173.3, 13.01, 196.31, N'https://storage.blocktrace.app/invoices/INV-75.pdf', 0.0, NULL, N'Paid');
IF NOT EXISTS (SELECT 1 FROM [dbo].[BILLING_DETAIL] WHERE [billing_id] = N'BILL_0076')
    INSERT INTO [dbo].[BILLING_DETAIL] ([billing_id], [tx_id], [flat_fee], [logistics_fee], [tax_amount], [total_amount], [invoice_url], [refund_amount], [refund_reason], [billing_status]) VALUES (N'BILL_0076', N'TX_0076', 10, 141.75, 10.31, 162.06, N'https://storage.blocktrace.app/invoices/INV-76.pdf', 0.0, NULL, N'Unpaid');
IF NOT EXISTS (SELECT 1 FROM [dbo].[BILLING_DETAIL] WHERE [billing_id] = N'BILL_0077')
    INSERT INTO [dbo].[BILLING_DETAIL] ([billing_id], [tx_id], [flat_fee], [logistics_fee], [tax_amount], [total_amount], [invoice_url], [refund_amount], [refund_reason], [billing_status]) VALUES (N'BILL_0077', N'TX_0077', 10, 70.75, 11.72, 92.47, N'https://storage.blocktrace.app/invoices/INV-77.pdf', 0.0, NULL, N'Paid');
IF NOT EXISTS (SELECT 1 FROM [dbo].[BILLING_DETAIL] WHERE [billing_id] = N'BILL_0078')
    INSERT INTO [dbo].[BILLING_DETAIL] ([billing_id], [tx_id], [flat_fee], [logistics_fee], [tax_amount], [total_amount], [invoice_url], [refund_amount], [refund_reason], [billing_status]) VALUES (N'BILL_0078', N'TX_0078', 10, 126.08, 13.48, 149.56, N'https://storage.blocktrace.app/invoices/INV-78.pdf', 119.648, N'Delivery issue / Product damage', N'Refunded');
IF NOT EXISTS (SELECT 1 FROM [dbo].[BILLING_DETAIL] WHERE [billing_id] = N'BILL_0079')
    INSERT INTO [dbo].[BILLING_DETAIL] ([billing_id], [tx_id], [flat_fee], [logistics_fee], [tax_amount], [total_amount], [invoice_url], [refund_amount], [refund_reason], [billing_status]) VALUES (N'BILL_0079', N'TX_0079', 10, 101.51, 8.35, 119.86, N'https://storage.blocktrace.app/invoices/INV-79.pdf', 0.0, NULL, N'Paid');
IF NOT EXISTS (SELECT 1 FROM [dbo].[BILLING_DETAIL] WHERE [billing_id] = N'BILL_0080')
    INSERT INTO [dbo].[BILLING_DETAIL] ([billing_id], [tx_id], [flat_fee], [logistics_fee], [tax_amount], [total_amount], [invoice_url], [refund_amount], [refund_reason], [billing_status]) VALUES (N'BILL_0080', N'TX_0080', 10, 115.27, 14.55, 139.82, N'https://storage.blocktrace.app/invoices/INV-80.pdf', 0.0, NULL, N'Paid');
IF NOT EXISTS (SELECT 1 FROM [dbo].[BILLING_DETAIL] WHERE [billing_id] = N'BILL_0081')
    INSERT INTO [dbo].[BILLING_DETAIL] ([billing_id], [tx_id], [flat_fee], [logistics_fee], [tax_amount], [total_amount], [invoice_url], [refund_amount], [refund_reason], [billing_status]) VALUES (N'BILL_0081', N'TX_0081', 10, 160.73, 18.3, 189.03, N'https://storage.blocktrace.app/invoices/INV-81.pdf', 0.0, NULL, N'Paid');
IF NOT EXISTS (SELECT 1 FROM [dbo].[BILLING_DETAIL] WHERE [billing_id] = N'BILL_0082')
    INSERT INTO [dbo].[BILLING_DETAIL] ([billing_id], [tx_id], [flat_fee], [logistics_fee], [tax_amount], [total_amount], [invoice_url], [refund_amount], [refund_reason], [billing_status]) VALUES (N'BILL_0082', N'TX_0082', 10, 141.17, 11.68, 162.85, N'https://storage.blocktrace.app/invoices/INV-82.pdf', 0.0, NULL, N'Paid');
IF NOT EXISTS (SELECT 1 FROM [dbo].[BILLING_DETAIL] WHERE [billing_id] = N'BILL_0083')
    INSERT INTO [dbo].[BILLING_DETAIL] ([billing_id], [tx_id], [flat_fee], [logistics_fee], [tax_amount], [total_amount], [invoice_url], [refund_amount], [refund_reason], [billing_status]) VALUES (N'BILL_0083', N'TX_0083', 10, 71.41, 14.26, 95.67, N'https://storage.blocktrace.app/invoices/INV-83.pdf', 0.0, NULL, N'Paid');
IF NOT EXISTS (SELECT 1 FROM [dbo].[BILLING_DETAIL] WHERE [billing_id] = N'BILL_0084')
    INSERT INTO [dbo].[BILLING_DETAIL] ([billing_id], [tx_id], [flat_fee], [logistics_fee], [tax_amount], [total_amount], [invoice_url], [refund_amount], [refund_reason], [billing_status]) VALUES (N'BILL_0084', N'TX_0084', 10, 198.27, 9.57, 217.84, N'https://storage.blocktrace.app/invoices/INV-84.pdf', 0.0, NULL, N'Paid');
IF NOT EXISTS (SELECT 1 FROM [dbo].[BILLING_DETAIL] WHERE [billing_id] = N'BILL_0085')
    INSERT INTO [dbo].[BILLING_DETAIL] ([billing_id], [tx_id], [flat_fee], [logistics_fee], [tax_amount], [total_amount], [invoice_url], [refund_amount], [refund_reason], [billing_status]) VALUES (N'BILL_0085', N'TX_0085', 10, 136.11, 10.95, 157.06, N'https://storage.blocktrace.app/invoices/INV-85.pdf', 0.0, NULL, N'Paid');
IF NOT EXISTS (SELECT 1 FROM [dbo].[BILLING_DETAIL] WHERE [billing_id] = N'BILL_0086')
    INSERT INTO [dbo].[BILLING_DETAIL] ([billing_id], [tx_id], [flat_fee], [logistics_fee], [tax_amount], [total_amount], [invoice_url], [refund_amount], [refund_reason], [billing_status]) VALUES (N'BILL_0086', N'TX_0086', 10, 50.58, 16.73, 77.31, N'https://storage.blocktrace.app/invoices/INV-86.pdf', 0.0, NULL, N'Paid');
IF NOT EXISTS (SELECT 1 FROM [dbo].[BILLING_DETAIL] WHERE [billing_id] = N'BILL_0087')
    INSERT INTO [dbo].[BILLING_DETAIL] ([billing_id], [tx_id], [flat_fee], [logistics_fee], [tax_amount], [total_amount], [invoice_url], [refund_amount], [refund_reason], [billing_status]) VALUES (N'BILL_0087', N'TX_0087', 10, 152.9, 12.47, 175.37, N'https://storage.blocktrace.app/invoices/INV-87.pdf', 0.0, NULL, N'Paid');
IF NOT EXISTS (SELECT 1 FROM [dbo].[BILLING_DETAIL] WHERE [billing_id] = N'BILL_0088')
    INSERT INTO [dbo].[BILLING_DETAIL] ([billing_id], [tx_id], [flat_fee], [logistics_fee], [tax_amount], [total_amount], [invoice_url], [refund_amount], [refund_reason], [billing_status]) VALUES (N'BILL_0088', N'TX_0088', 10, 152.84, 17.76, 180.6, N'https://storage.blocktrace.app/invoices/INV-88.pdf', 0.0, NULL, N'Paid');
IF NOT EXISTS (SELECT 1 FROM [dbo].[BILLING_DETAIL] WHERE [billing_id] = N'BILL_0089')
    INSERT INTO [dbo].[BILLING_DETAIL] ([billing_id], [tx_id], [flat_fee], [logistics_fee], [tax_amount], [total_amount], [invoice_url], [refund_amount], [refund_reason], [billing_status]) VALUES (N'BILL_0089', N'TX_0089', 10, 91.37, 19.3, 120.67, N'https://storage.blocktrace.app/invoices/INV-89.pdf', 0.0, NULL, N'Paid');
IF NOT EXISTS (SELECT 1 FROM [dbo].[BILLING_DETAIL] WHERE [billing_id] = N'BILL_0090')
    INSERT INTO [dbo].[BILLING_DETAIL] ([billing_id], [tx_id], [flat_fee], [logistics_fee], [tax_amount], [total_amount], [invoice_url], [refund_amount], [refund_reason], [billing_status]) VALUES (N'BILL_0090', N'TX_0090', 10, 141.24, 12.56, 163.8, N'https://storage.blocktrace.app/invoices/INV-90.pdf', 0.0, NULL, N'Paid');
IF NOT EXISTS (SELECT 1 FROM [dbo].[BILLING_DETAIL] WHERE [billing_id] = N'BILL_0091')
    INSERT INTO [dbo].[BILLING_DETAIL] ([billing_id], [tx_id], [flat_fee], [logistics_fee], [tax_amount], [total_amount], [invoice_url], [refund_amount], [refund_reason], [billing_status]) VALUES (N'BILL_0091', N'TX_0091', 10, 111.64, 8.64, 130.28, N'https://storage.blocktrace.app/invoices/INV-91.pdf', 0.0, NULL, N'Unpaid');
IF NOT EXISTS (SELECT 1 FROM [dbo].[BILLING_DETAIL] WHERE [billing_id] = N'BILL_0092')
    INSERT INTO [dbo].[BILLING_DETAIL] ([billing_id], [tx_id], [flat_fee], [logistics_fee], [tax_amount], [total_amount], [invoice_url], [refund_amount], [refund_reason], [billing_status]) VALUES (N'BILL_0092', N'TX_0092', 10, 127.85, 14.45, 152.3, N'https://storage.blocktrace.app/invoices/INV-92.pdf', 0.0, NULL, N'Paid');
IF NOT EXISTS (SELECT 1 FROM [dbo].[BILLING_DETAIL] WHERE [billing_id] = N'BILL_0093')
    INSERT INTO [dbo].[BILLING_DETAIL] ([billing_id], [tx_id], [flat_fee], [logistics_fee], [tax_amount], [total_amount], [invoice_url], [refund_amount], [refund_reason], [billing_status]) VALUES (N'BILL_0093', N'TX_0093', 10, 159.96, 13.05, 183.01, N'https://storage.blocktrace.app/invoices/INV-93.pdf', 0.0, NULL, N'Paid');
IF NOT EXISTS (SELECT 1 FROM [dbo].[BILLING_DETAIL] WHERE [billing_id] = N'BILL_0094')
    INSERT INTO [dbo].[BILLING_DETAIL] ([billing_id], [tx_id], [flat_fee], [logistics_fee], [tax_amount], [total_amount], [invoice_url], [refund_amount], [refund_reason], [billing_status]) VALUES (N'BILL_0094', N'TX_0094', 10, 199.59, 9.39, 218.98, N'https://storage.blocktrace.app/invoices/INV-94.pdf', 0.0, NULL, N'Paid');
IF NOT EXISTS (SELECT 1 FROM [dbo].[BILLING_DETAIL] WHERE [billing_id] = N'BILL_0095')
    INSERT INTO [dbo].[BILLING_DETAIL] ([billing_id], [tx_id], [flat_fee], [logistics_fee], [tax_amount], [total_amount], [invoice_url], [refund_amount], [refund_reason], [billing_status]) VALUES (N'BILL_0095', N'TX_0095', 10, 54.19, 9.35, 73.53999999999999, N'https://storage.blocktrace.app/invoices/INV-95.pdf', 0.0, NULL, N'Paid');
IF NOT EXISTS (SELECT 1 FROM [dbo].[BILLING_DETAIL] WHERE [billing_id] = N'BILL_0096')
    INSERT INTO [dbo].[BILLING_DETAIL] ([billing_id], [tx_id], [flat_fee], [logistics_fee], [tax_amount], [total_amount], [invoice_url], [refund_amount], [refund_reason], [billing_status]) VALUES (N'BILL_0096', N'TX_0096', 10, 140.74, 14.94, 165.68, N'https://storage.blocktrace.app/invoices/INV-96.pdf', 0.0, NULL, N'Paid');
IF NOT EXISTS (SELECT 1 FROM [dbo].[BILLING_DETAIL] WHERE [billing_id] = N'BILL_0097')
    INSERT INTO [dbo].[BILLING_DETAIL] ([billing_id], [tx_id], [flat_fee], [logistics_fee], [tax_amount], [total_amount], [invoice_url], [refund_amount], [refund_reason], [billing_status]) VALUES (N'BILL_0097', N'TX_0097', 10, 109.17, 5.15, 124.32, N'https://storage.blocktrace.app/invoices/INV-97.pdf', 99.45600000000002, N'Delivery issue / Product damage', N'Refunded');
IF NOT EXISTS (SELECT 1 FROM [dbo].[BILLING_DETAIL] WHERE [billing_id] = N'BILL_0098')
    INSERT INTO [dbo].[BILLING_DETAIL] ([billing_id], [tx_id], [flat_fee], [logistics_fee], [tax_amount], [total_amount], [invoice_url], [refund_amount], [refund_reason], [billing_status]) VALUES (N'BILL_0098', N'TX_0098', 10, 67.74, 18.31, 96.05, N'https://storage.blocktrace.app/invoices/INV-98.pdf', 0.0, NULL, N'Paid');
IF NOT EXISTS (SELECT 1 FROM [dbo].[BILLING_DETAIL] WHERE [billing_id] = N'BILL_0099')
    INSERT INTO [dbo].[BILLING_DETAIL] ([billing_id], [tx_id], [flat_fee], [logistics_fee], [tax_amount], [total_amount], [invoice_url], [refund_amount], [refund_reason], [billing_status]) VALUES (N'BILL_0099', N'TX_0099', 10, 109.77, 19.42, 139.19, N'https://storage.blocktrace.app/invoices/INV-99.pdf', 0.0, NULL, N'Paid');
IF NOT EXISTS (SELECT 1 FROM [dbo].[BILLING_DETAIL] WHERE [billing_id] = N'BILL_0100')
    INSERT INTO [dbo].[BILLING_DETAIL] ([billing_id], [tx_id], [flat_fee], [logistics_fee], [tax_amount], [total_amount], [invoice_url], [refund_amount], [refund_reason], [billing_status]) VALUES (N'BILL_0100', N'TX_0100', 10, 110.03, 13.29, 133.32, N'https://storage.blocktrace.app/invoices/INV-100.pdf', 106.656, N'Delivery issue / Product damage', N'Refunded');

-- SHIPMENT_LOG
IF NOT EXISTS (SELECT 1 FROM [dbo].[SHIPMENT_LOG] WHERE [log_id] = N'LOG_0001')
    INSERT INTO [dbo].[SHIPMENT_LOG] ([log_id], [tx_id], [tokenId], [temperature_logs], [humidity_logs], [gps_trucking], [door_open_close], [logistics_documents], [logged_at]) VALUES (N'LOG_0001', N'TX_0001', N'NFT_00001', N'2.1C, 5.3C', N'95%, 85%', N'10.762622, 106.660172 -> 21.028511, 105.804817', N'Closed, Closed', N'QmyyqRNxTFerpEVBMs6HPg38WEVTrYRmN1vJXNF4hQ37zT', N'2026-03-27 19:00:00');
IF NOT EXISTS (SELECT 1 FROM [dbo].[SHIPMENT_LOG] WHERE [log_id] = N'LOG_0002')
    INSERT INTO [dbo].[SHIPMENT_LOG] ([log_id], [tx_id], [tokenId], [temperature_logs], [humidity_logs], [gps_trucking], [door_open_close], [logistics_documents], [logged_at]) VALUES (N'LOG_0002', N'TX_0002', N'NFT_00002', N'3.6C, 7.0C', N'82%, 91%', N'10.762622, 106.660172 -> 21.028511, 105.804817', N'Closed, Closed', N'QmxdCYpvQGyx3fY8y19RRwW6dgTXabovaa3VGkvrdh1BWm', N'2026-03-28 11:00:00');
IF NOT EXISTS (SELECT 1 FROM [dbo].[SHIPMENT_LOG] WHERE [log_id] = N'LOG_0003')
    INSERT INTO [dbo].[SHIPMENT_LOG] ([log_id], [tx_id], [tokenId], [temperature_logs], [humidity_logs], [gps_trucking], [door_open_close], [logistics_documents], [logged_at]) VALUES (N'LOG_0003', N'TX_0003', N'NFT_00003', N'4.2C, 2.6C', N'85%, 95%', N'10.762622, 106.660172 -> 21.028511, 105.804817', N'Closed, Closed', N'QmHcTGKx7iqmYt8VTt2yoxznkqpmm3JDWX4VYSkxDEQmTq', N'2026-03-23 13:00:00');
IF NOT EXISTS (SELECT 1 FROM [dbo].[SHIPMENT_LOG] WHERE [log_id] = N'LOG_0004')
    INSERT INTO [dbo].[SHIPMENT_LOG] ([log_id], [tx_id], [tokenId], [temperature_logs], [humidity_logs], [gps_trucking], [door_open_close], [logistics_documents], [logged_at]) VALUES (N'LOG_0004', N'TX_0004', N'NFT_00004', N'3.3C, 5.3C', N'95%, 86%', N'10.762622, 106.660172 -> 21.028511, 105.804817', N'Closed, Closed', N'Qm6icd7xCpsyB88GA3GfAstcjMT1k44hgqGZANnqe4Uc6d', N'2026-04-06 19:00:00');
IF NOT EXISTS (SELECT 1 FROM [dbo].[SHIPMENT_LOG] WHERE [log_id] = N'LOG_0005')
    INSERT INTO [dbo].[SHIPMENT_LOG] ([log_id], [tx_id], [tokenId], [temperature_logs], [humidity_logs], [gps_trucking], [door_open_close], [logistics_documents], [logged_at]) VALUES (N'LOG_0005', N'TX_0005', N'NFT_00005', N'5.2C, 5.3C', N'80%, 89%', N'10.762622, 106.660172 -> 21.028511, 105.804817', N'Closed, Closed', N'Qm9kYUbjUkzsaCB5VJ9HGteDR7q3CPSgDU9QhAw93bnEtR', N'2026-03-31 06:00:00');
IF NOT EXISTS (SELECT 1 FROM [dbo].[SHIPMENT_LOG] WHERE [log_id] = N'LOG_0006')
    INSERT INTO [dbo].[SHIPMENT_LOG] ([log_id], [tx_id], [tokenId], [temperature_logs], [humidity_logs], [gps_trucking], [door_open_close], [logistics_documents], [logged_at]) VALUES (N'LOG_0006', N'TX_0006', N'NFT_00006', N'7.2C, 6.8C', N'93%, 85%', N'10.762622, 106.660172 -> 21.028511, 105.804817', N'Closed, Closed', N'Qm8aCxa1Tc26FLoy2Tc6k3TA7YP3WteVB2pKvmknz7AoxU', N'2026-03-23 21:00:00');
IF NOT EXISTS (SELECT 1 FROM [dbo].[SHIPMENT_LOG] WHERE [log_id] = N'LOG_0007')
    INSERT INTO [dbo].[SHIPMENT_LOG] ([log_id], [tx_id], [tokenId], [temperature_logs], [humidity_logs], [gps_trucking], [door_open_close], [logistics_documents], [logged_at]) VALUES (N'LOG_0007', N'TX_0007', N'NFT_00007', N'4.0C, 3.8C', N'90%, 82%', N'10.762622, 106.660172 -> 21.028511, 105.804817', N'Closed, Closed', N'Qm1FF4ypmJnuB9e1LDbk9jwjaJpoUBcDBeM6vU5Upi2y8w', N'2026-03-23 03:00:00');
IF NOT EXISTS (SELECT 1 FROM [dbo].[SHIPMENT_LOG] WHERE [log_id] = N'LOG_0008')
    INSERT INTO [dbo].[SHIPMENT_LOG] ([log_id], [tx_id], [tokenId], [temperature_logs], [humidity_logs], [gps_trucking], [door_open_close], [logistics_documents], [logged_at]) VALUES (N'LOG_0008', N'TX_0008', N'NFT_00008', N'6.9C, 5.3C', N'90%, 85%', N'10.762622, 106.660172 -> 21.028511, 105.804817', N'Closed, Closed', N'QmpMY737a7xYv6oYQkHcYQURsyg8TzuWGT2kSfyy72Hr8S', N'2026-04-05 00:00:00');
IF NOT EXISTS (SELECT 1 FROM [dbo].[SHIPMENT_LOG] WHERE [log_id] = N'LOG_0009')
    INSERT INTO [dbo].[SHIPMENT_LOG] ([log_id], [tx_id], [tokenId], [temperature_logs], [humidity_logs], [gps_trucking], [door_open_close], [logistics_documents], [logged_at]) VALUES (N'LOG_0009', N'TX_0009', N'NFT_00009', N'5.7C, 6.4C', N'83%, 94%', N'10.762622, 106.660172 -> 21.028511, 105.804817', N'Closed, Closed', N'Qm3QjmwmwCcj8CKEYWGw3ADxQGBi14AkVw91u1DD42XFHi', N'2026-03-28 20:00:00');
IF NOT EXISTS (SELECT 1 FROM [dbo].[SHIPMENT_LOG] WHERE [log_id] = N'LOG_0010')
    INSERT INTO [dbo].[SHIPMENT_LOG] ([log_id], [tx_id], [tokenId], [temperature_logs], [humidity_logs], [gps_trucking], [door_open_close], [logistics_documents], [logged_at]) VALUES (N'LOG_0010', N'TX_0010', N'NFT_00010', N'3.6C, 7.1C', N'89%, 93%', N'10.762622, 106.660172 -> 21.028511, 105.804817', N'Closed, Closed', N'QmQE71Wanz87o2xrPkdp9VwkaXmjjcPYjJzxwsYUFF3vpy', N'2026-03-22 19:00:00');
IF NOT EXISTS (SELECT 1 FROM [dbo].[SHIPMENT_LOG] WHERE [log_id] = N'LOG_0011')
    INSERT INTO [dbo].[SHIPMENT_LOG] ([log_id], [tx_id], [tokenId], [temperature_logs], [humidity_logs], [gps_trucking], [door_open_close], [logistics_documents], [logged_at]) VALUES (N'LOG_0011', N'TX_0011', N'NFT_00011', N'8.0C, 5.3C', N'90%, 86%', N'10.762622, 106.660172 -> 21.028511, 105.804817', N'Closed, Closed', N'QmWgF76qx56tKfZNGWmxJyBGr1NKEQ2KwcFahsS9449tio', N'2026-03-24 18:00:00');
IF NOT EXISTS (SELECT 1 FROM [dbo].[SHIPMENT_LOG] WHERE [log_id] = N'LOG_0012')
    INSERT INTO [dbo].[SHIPMENT_LOG] ([log_id], [tx_id], [tokenId], [temperature_logs], [humidity_logs], [gps_trucking], [door_open_close], [logistics_documents], [logged_at]) VALUES (N'LOG_0012', N'TX_0012', N'NFT_00012', N'4.5C, 7.2C', N'90%, 87%', N'10.762622, 106.660172 -> 21.028511, 105.804817', N'Closed, Closed', N'QmhY6WveWbmy9t9XW5GK8EudCKxDz2JA6mxYLYgwdnyM2f', N'2026-03-23 08:00:00');
IF NOT EXISTS (SELECT 1 FROM [dbo].[SHIPMENT_LOG] WHERE [log_id] = N'LOG_0013')
    INSERT INTO [dbo].[SHIPMENT_LOG] ([log_id], [tx_id], [tokenId], [temperature_logs], [humidity_logs], [gps_trucking], [door_open_close], [logistics_documents], [logged_at]) VALUES (N'LOG_0013', N'TX_0013', N'NFT_00013', N'2.1C, 7.6C', N'95%, 81%', N'10.762622, 106.660172 -> 21.028511, 105.804817', N'Closed, Closed', N'Qmt72TB4R25ZXT2ikBz8jvRM8eGXNVRkEptukKjyJB9Szr', N'2026-03-31 23:00:00');
IF NOT EXISTS (SELECT 1 FROM [dbo].[SHIPMENT_LOG] WHERE [log_id] = N'LOG_0014')
    INSERT INTO [dbo].[SHIPMENT_LOG] ([log_id], [tx_id], [tokenId], [temperature_logs], [humidity_logs], [gps_trucking], [door_open_close], [logistics_documents], [logged_at]) VALUES (N'LOG_0014', N'TX_0014', N'NFT_00014', N'4.7C, 4.2C', N'83%, 83%', N'10.762622, 106.660172 -> 21.028511, 105.804817', N'Closed, Closed', N'QmJp2dL1VkdCjV9EZRVQAwkk8TxPzWrhPMhQ98zxdSzrSr', N'2026-03-29 11:00:00');
IF NOT EXISTS (SELECT 1 FROM [dbo].[SHIPMENT_LOG] WHERE [log_id] = N'LOG_0015')
    INSERT INTO [dbo].[SHIPMENT_LOG] ([log_id], [tx_id], [tokenId], [temperature_logs], [humidity_logs], [gps_trucking], [door_open_close], [logistics_documents], [logged_at]) VALUES (N'LOG_0015', N'TX_0015', N'NFT_00015', N'2.1C, 2.0C', N'91%, 93%', N'10.762622, 106.660172 -> 21.028511, 105.804817', N'Closed, Closed', N'QmGdUqfaeM3y7WWVJ9EspJJRjN976nSFjMMaAyfHHpm6iV', N'2026-03-28 05:00:00');
IF NOT EXISTS (SELECT 1 FROM [dbo].[SHIPMENT_LOG] WHERE [log_id] = N'LOG_0016')
    INSERT INTO [dbo].[SHIPMENT_LOG] ([log_id], [tx_id], [tokenId], [temperature_logs], [humidity_logs], [gps_trucking], [door_open_close], [logistics_documents], [logged_at]) VALUES (N'LOG_0016', N'TX_0016', N'NFT_00016', N'2.3C, 4.1C', N'95%, 86%', N'10.762622, 106.660172 -> 21.028511, 105.804817', N'Closed, Closed', N'QmCYXT1fEEgnWsoiXHoYzQs2rpzBAsKfHoBs7QKkX1wV6j', N'2026-03-24 02:00:00');
IF NOT EXISTS (SELECT 1 FROM [dbo].[SHIPMENT_LOG] WHERE [log_id] = N'LOG_0017')
    INSERT INTO [dbo].[SHIPMENT_LOG] ([log_id], [tx_id], [tokenId], [temperature_logs], [humidity_logs], [gps_trucking], [door_open_close], [logistics_documents], [logged_at]) VALUES (N'LOG_0017', N'TX_0017', N'NFT_00017', N'4.3C, 6.1C', N'89%, 88%', N'10.762622, 106.660172 -> 21.028511, 105.804817', N'Closed, Closed', N'QmsPzC4h7Sqdu36HwDvU77hkbUeRn7dPvmwgck3W6erdpL', N'2026-03-30 20:00:00');
IF NOT EXISTS (SELECT 1 FROM [dbo].[SHIPMENT_LOG] WHERE [log_id] = N'LOG_0018')
    INSERT INTO [dbo].[SHIPMENT_LOG] ([log_id], [tx_id], [tokenId], [temperature_logs], [humidity_logs], [gps_trucking], [door_open_close], [logistics_documents], [logged_at]) VALUES (N'LOG_0018', N'TX_0018', N'NFT_00018', N'2.6C, 7.3C', N'92%, 95%', N'10.762622, 106.660172 -> 21.028511, 105.804817', N'Closed, Closed', N'QmN17CSDXh2vZgqX18UmiUw72h7cy9tgsbzFV7CLESRsu1', N'2026-03-26 21:00:00');
IF NOT EXISTS (SELECT 1 FROM [dbo].[SHIPMENT_LOG] WHERE [log_id] = N'LOG_0019')
    INSERT INTO [dbo].[SHIPMENT_LOG] ([log_id], [tx_id], [tokenId], [temperature_logs], [humidity_logs], [gps_trucking], [door_open_close], [logistics_documents], [logged_at]) VALUES (N'LOG_0019', N'TX_0019', N'NFT_00019', N'6.7C, 4.1C', N'82%, 95%', N'10.762622, 106.660172 -> 21.028511, 105.804817', N'Closed, Closed', N'QmoYgiNMsW1efJo8sxApP3zbmYrGf2ogMShFrvNks9Kjqt', N'2026-03-19 21:00:00');
IF NOT EXISTS (SELECT 1 FROM [dbo].[SHIPMENT_LOG] WHERE [log_id] = N'LOG_0020')
    INSERT INTO [dbo].[SHIPMENT_LOG] ([log_id], [tx_id], [tokenId], [temperature_logs], [humidity_logs], [gps_trucking], [door_open_close], [logistics_documents], [logged_at]) VALUES (N'LOG_0020', N'TX_0020', N'NFT_00020', N'3.2C, 7.5C', N'94%, 92%', N'10.762622, 106.660172 -> 21.028511, 105.804817', N'Closed, Closed', N'QmpP1vDNyxemtArhhcsaHrWD1ujbopKE9N5UNoYPHiFfws', N'2026-04-07 08:00:00');
IF NOT EXISTS (SELECT 1 FROM [dbo].[SHIPMENT_LOG] WHERE [log_id] = N'LOG_0021')
    INSERT INTO [dbo].[SHIPMENT_LOG] ([log_id], [tx_id], [tokenId], [temperature_logs], [humidity_logs], [gps_trucking], [door_open_close], [logistics_documents], [logged_at]) VALUES (N'LOG_0021', N'TX_0021', N'NFT_00021', N'7.7C, 4.3C', N'85%, 92%', N'10.762622, 106.660172 -> 21.028511, 105.804817', N'Closed, Closed', N'QmEY6KptHVGzVpaRxKFLkv7Y5TVo8bmV6N9rempTEP9nSj', N'2026-04-02 15:00:00');
IF NOT EXISTS (SELECT 1 FROM [dbo].[SHIPMENT_LOG] WHERE [log_id] = N'LOG_0022')
    INSERT INTO [dbo].[SHIPMENT_LOG] ([log_id], [tx_id], [tokenId], [temperature_logs], [humidity_logs], [gps_trucking], [door_open_close], [logistics_documents], [logged_at]) VALUES (N'LOG_0022', N'TX_0022', N'NFT_00022', N'2.6C, 3.6C', N'82%, 89%', N'10.762622, 106.660172 -> 21.028511, 105.804817', N'Closed, Closed', N'QmzmRT9MS2CpTMokUzkUiDVJE1BSpqWKTB3ZLmPXytBWJ3', N'2026-04-06 16:00:00');
IF NOT EXISTS (SELECT 1 FROM [dbo].[SHIPMENT_LOG] WHERE [log_id] = N'LOG_0023')
    INSERT INTO [dbo].[SHIPMENT_LOG] ([log_id], [tx_id], [tokenId], [temperature_logs], [humidity_logs], [gps_trucking], [door_open_close], [logistics_documents], [logged_at]) VALUES (N'LOG_0023', N'TX_0023', N'NFT_00023', N'5.4C, 7.0C', N'87%, 86%', N'10.762622, 106.660172 -> 21.028511, 105.804817', N'Closed, Closed', N'QmRF1eNCU4qCLjyQR9cDXiqcQf2GvXPgBhnnGM2XqmUakx', N'2026-03-21 09:00:00');
IF NOT EXISTS (SELECT 1 FROM [dbo].[SHIPMENT_LOG] WHERE [log_id] = N'LOG_0024')
    INSERT INTO [dbo].[SHIPMENT_LOG] ([log_id], [tx_id], [tokenId], [temperature_logs], [humidity_logs], [gps_trucking], [door_open_close], [logistics_documents], [logged_at]) VALUES (N'LOG_0024', N'TX_0024', N'NFT_00024', N'7.9C, 6.0C', N'92%, 84%', N'10.762622, 106.660172 -> 21.028511, 105.804817', N'Closed, Closed', N'QmKrRF1CfKTjWtVLFS5h2qX9BDQqTC4Bw96mqqeVcy7AnA', N'2026-03-27 21:00:00');
IF NOT EXISTS (SELECT 1 FROM [dbo].[SHIPMENT_LOG] WHERE [log_id] = N'LOG_0025')
    INSERT INTO [dbo].[SHIPMENT_LOG] ([log_id], [tx_id], [tokenId], [temperature_logs], [humidity_logs], [gps_trucking], [door_open_close], [logistics_documents], [logged_at]) VALUES (N'LOG_0025', N'TX_0025', N'NFT_00025', N'7.4C, 3.8C', N'88%, 92%', N'10.762622, 106.660172 -> 21.028511, 105.804817', N'Closed, Closed', N'QmtNHqQZ2B7RaDrB2BQxZY6yGgGq4YsTtmvo5vSntgwHCB', N'2026-03-17 15:00:00');
IF NOT EXISTS (SELECT 1 FROM [dbo].[SHIPMENT_LOG] WHERE [log_id] = N'LOG_0026')
    INSERT INTO [dbo].[SHIPMENT_LOG] ([log_id], [tx_id], [tokenId], [temperature_logs], [humidity_logs], [gps_trucking], [door_open_close], [logistics_documents], [logged_at]) VALUES (N'LOG_0026', N'TX_0026', N'NFT_00026', N'4.7C, 2.3C', N'93%, 88%', N'10.762622, 106.660172 -> 21.028511, 105.804817', N'Closed, Closed', N'QmqBvND7oAHSyv1DZkkK4tcczKhDc8hzVY6t7PM3yZR8RR', N'2026-03-24 07:00:00');
IF NOT EXISTS (SELECT 1 FROM [dbo].[SHIPMENT_LOG] WHERE [log_id] = N'LOG_0027')
    INSERT INTO [dbo].[SHIPMENT_LOG] ([log_id], [tx_id], [tokenId], [temperature_logs], [humidity_logs], [gps_trucking], [door_open_close], [logistics_documents], [logged_at]) VALUES (N'LOG_0027', N'TX_0027', N'NFT_00027', N'6.6C, 7.5C', N'90%, 81%', N'10.762622, 106.660172 -> 21.028511, 105.804817', N'Closed, Closed', N'QmPLAsZJybGkb2iWYJ1kzkr231i6xqbAmunwtE2Ga3EuMC', N'2026-04-05 13:00:00');
IF NOT EXISTS (SELECT 1 FROM [dbo].[SHIPMENT_LOG] WHERE [log_id] = N'LOG_0028')
    INSERT INTO [dbo].[SHIPMENT_LOG] ([log_id], [tx_id], [tokenId], [temperature_logs], [humidity_logs], [gps_trucking], [door_open_close], [logistics_documents], [logged_at]) VALUES (N'LOG_0028', N'TX_0028', N'NFT_00028', N'7.5C, 5.9C', N'80%, 81%', N'10.762622, 106.660172 -> 21.028511, 105.804817', N'Closed, Closed', N'QmC1AM3ouoLy7tELLiuEQWZZhDCmCArPAR1YMkYe8qnk6t', N'2026-04-07 06:00:00');
IF NOT EXISTS (SELECT 1 FROM [dbo].[SHIPMENT_LOG] WHERE [log_id] = N'LOG_0029')
    INSERT INTO [dbo].[SHIPMENT_LOG] ([log_id], [tx_id], [tokenId], [temperature_logs], [humidity_logs], [gps_trucking], [door_open_close], [logistics_documents], [logged_at]) VALUES (N'LOG_0029', N'TX_0029', N'NFT_00029', N'5.2C, 3.0C', N'83%, 81%', N'10.762622, 106.660172 -> 21.028511, 105.804817', N'Closed, Closed', N'Qm4nkPuccx7FVCUJNAuPbseZuLz68P5EUEQwrGKfWvF6uh', N'2026-03-28 08:00:00');
IF NOT EXISTS (SELECT 1 FROM [dbo].[SHIPMENT_LOG] WHERE [log_id] = N'LOG_0030')
    INSERT INTO [dbo].[SHIPMENT_LOG] ([log_id], [tx_id], [tokenId], [temperature_logs], [humidity_logs], [gps_trucking], [door_open_close], [logistics_documents], [logged_at]) VALUES (N'LOG_0030', N'TX_0030', N'NFT_00030', N'7.3C, 6.8C', N'90%, 95%', N'10.762622, 106.660172 -> 21.028511, 105.804817', N'Closed, Closed', N'QmtRTm2aAkXGsGCh4hrMKGi9a7EqXSvT9UyNjr96YiFoKw', N'2026-03-27 12:00:00');
IF NOT EXISTS (SELECT 1 FROM [dbo].[SHIPMENT_LOG] WHERE [log_id] = N'LOG_0031')
    INSERT INTO [dbo].[SHIPMENT_LOG] ([log_id], [tx_id], [tokenId], [temperature_logs], [humidity_logs], [gps_trucking], [door_open_close], [logistics_documents], [logged_at]) VALUES (N'LOG_0031', N'TX_0031', N'NFT_00031', N'2.2C, 5.8C', N'87%, 80%', N'10.762622, 106.660172 -> 21.028511, 105.804817', N'Closed, Closed', N'QmnbjyJYVSdqCDEAbZMMc4LifxGtLWnjXqYyKSo8n2WQ8a', N'2026-03-28 01:00:00');
IF NOT EXISTS (SELECT 1 FROM [dbo].[SHIPMENT_LOG] WHERE [log_id] = N'LOG_0032')
    INSERT INTO [dbo].[SHIPMENT_LOG] ([log_id], [tx_id], [tokenId], [temperature_logs], [humidity_logs], [gps_trucking], [door_open_close], [logistics_documents], [logged_at]) VALUES (N'LOG_0032', N'TX_0032', N'NFT_00032', N'3.2C, 4.2C', N'87%, 90%', N'10.762622, 106.660172 -> 21.028511, 105.804817', N'Closed, Closed', N'QmAJDnsj5aAABMkXMowQkzSZBmte6wnFGHabncePqS8QGq', N'2026-03-20 23:00:00');
IF NOT EXISTS (SELECT 1 FROM [dbo].[SHIPMENT_LOG] WHERE [log_id] = N'LOG_0033')
    INSERT INTO [dbo].[SHIPMENT_LOG] ([log_id], [tx_id], [tokenId], [temperature_logs], [humidity_logs], [gps_trucking], [door_open_close], [logistics_documents], [logged_at]) VALUES (N'LOG_0033', N'TX_0033', N'NFT_00033', N'6.1C, 2.3C', N'85%, 83%', N'10.762622, 106.660172 -> 21.028511, 105.804817', N'Closed, Closed', N'QmLqxMC4qe2E5j5DNCc8JT6bP13xw9V3QQvkq4ysPDXw1a', N'2026-03-21 07:00:00');
IF NOT EXISTS (SELECT 1 FROM [dbo].[SHIPMENT_LOG] WHERE [log_id] = N'LOG_0034')
    INSERT INTO [dbo].[SHIPMENT_LOG] ([log_id], [tx_id], [tokenId], [temperature_logs], [humidity_logs], [gps_trucking], [door_open_close], [logistics_documents], [logged_at]) VALUES (N'LOG_0034', N'TX_0034', N'NFT_00034', N'3.6C, 3.8C', N'82%, 93%', N'10.762622, 106.660172 -> 21.028511, 105.804817', N'Closed, Closed', N'QmEBG6pfrgCsCQ1wcH6S8C6MuHvCBUtXURv2rDFHd3HR5L', N'2026-03-18 21:00:00');
IF NOT EXISTS (SELECT 1 FROM [dbo].[SHIPMENT_LOG] WHERE [log_id] = N'LOG_0035')
    INSERT INTO [dbo].[SHIPMENT_LOG] ([log_id], [tx_id], [tokenId], [temperature_logs], [humidity_logs], [gps_trucking], [door_open_close], [logistics_documents], [logged_at]) VALUES (N'LOG_0035', N'TX_0035', N'NFT_00035', N'7.7C, 3.5C', N'89%, 89%', N'10.762622, 106.660172 -> 21.028511, 105.804817', N'Closed, Closed', N'QmLWSzqVcBJBtHDJm5VDMnoWPFazAsmNEq8Z3gBWjGey1L', N'2026-04-02 17:00:00');
IF NOT EXISTS (SELECT 1 FROM [dbo].[SHIPMENT_LOG] WHERE [log_id] = N'LOG_0036')
    INSERT INTO [dbo].[SHIPMENT_LOG] ([log_id], [tx_id], [tokenId], [temperature_logs], [humidity_logs], [gps_trucking], [door_open_close], [logistics_documents], [logged_at]) VALUES (N'LOG_0036', N'TX_0036', N'NFT_00036', N'5.6C, 7.6C', N'85%, 89%', N'10.762622, 106.660172 -> 21.028511, 105.804817', N'Closed, Closed', N'QmWLtUwBPHKb1oaDXGRJrdjJTxXGTPNYTersFRUgPEZox4', N'2026-03-26 17:00:00');
IF NOT EXISTS (SELECT 1 FROM [dbo].[SHIPMENT_LOG] WHERE [log_id] = N'LOG_0037')
    INSERT INTO [dbo].[SHIPMENT_LOG] ([log_id], [tx_id], [tokenId], [temperature_logs], [humidity_logs], [gps_trucking], [door_open_close], [logistics_documents], [logged_at]) VALUES (N'LOG_0037', N'TX_0037', N'NFT_00037', N'4.4C, 3.6C', N'92%, 88%', N'10.762622, 106.660172 -> 21.028511, 105.804817', N'Closed, Closed', N'Qmft6NXc24TvAq1WLheqPHEQt2uEFGRWDPef2Qht7wBBQr', N'2026-03-31 20:00:00');
IF NOT EXISTS (SELECT 1 FROM [dbo].[SHIPMENT_LOG] WHERE [log_id] = N'LOG_0038')
    INSERT INTO [dbo].[SHIPMENT_LOG] ([log_id], [tx_id], [tokenId], [temperature_logs], [humidity_logs], [gps_trucking], [door_open_close], [logistics_documents], [logged_at]) VALUES (N'LOG_0038', N'TX_0038', N'NFT_00038', N'4.1C, 4.5C', N'89%, 94%', N'10.762622, 106.660172 -> 21.028511, 105.804817', N'Closed, Closed', N'QmuencmTeRDmgo3UCRJphhsWUQkKzK2fJ9qh4eZmmYQi2P', N'2026-03-23 23:00:00');
IF NOT EXISTS (SELECT 1 FROM [dbo].[SHIPMENT_LOG] WHERE [log_id] = N'LOG_0039')
    INSERT INTO [dbo].[SHIPMENT_LOG] ([log_id], [tx_id], [tokenId], [temperature_logs], [humidity_logs], [gps_trucking], [door_open_close], [logistics_documents], [logged_at]) VALUES (N'LOG_0039', N'TX_0039', N'NFT_00039', N'7.4C, 4.4C', N'91%, 94%', N'10.762622, 106.660172 -> 21.028511, 105.804817', N'Closed, Closed', N'QmB45maxt1CoamWcgZYA79hymmE6jvXpJGQH2ibgfy6mxJ', N'2026-03-19 12:00:00');
IF NOT EXISTS (SELECT 1 FROM [dbo].[SHIPMENT_LOG] WHERE [log_id] = N'LOG_0040')
    INSERT INTO [dbo].[SHIPMENT_LOG] ([log_id], [tx_id], [tokenId], [temperature_logs], [humidity_logs], [gps_trucking], [door_open_close], [logistics_documents], [logged_at]) VALUES (N'LOG_0040', N'TX_0040', N'NFT_00040', N'7.5C, 3.0C', N'85%, 91%', N'10.762622, 106.660172 -> 21.028511, 105.804817', N'Closed, Closed', N'Qmzb2HmcR2PBcpS1FcAzEukHnphnhp5j7Ur1dxGD7tXsmv', N'2026-04-06 05:00:00');
IF NOT EXISTS (SELECT 1 FROM [dbo].[SHIPMENT_LOG] WHERE [log_id] = N'LOG_0041')
    INSERT INTO [dbo].[SHIPMENT_LOG] ([log_id], [tx_id], [tokenId], [temperature_logs], [humidity_logs], [gps_trucking], [door_open_close], [logistics_documents], [logged_at]) VALUES (N'LOG_0041', N'TX_0041', N'NFT_00041', N'7.6C, 4.3C', N'95%, 90%', N'10.762622, 106.660172 -> 21.028511, 105.804817', N'Closed, Closed', N'Qm6eFmvfue61wm74bAd3tCWYXux4A9AwYemqqKwf29WaLZ', N'2026-04-04 21:00:00');
IF NOT EXISTS (SELECT 1 FROM [dbo].[SHIPMENT_LOG] WHERE [log_id] = N'LOG_0042')
    INSERT INTO [dbo].[SHIPMENT_LOG] ([log_id], [tx_id], [tokenId], [temperature_logs], [humidity_logs], [gps_trucking], [door_open_close], [logistics_documents], [logged_at]) VALUES (N'LOG_0042', N'TX_0042', N'NFT_00042', N'6.7C, 2.8C', N'91%, 84%', N'10.762622, 106.660172 -> 21.028511, 105.804817', N'Closed, Closed', N'QmeUG5YRb7btrAUP1281dTdozRgtHDoPeeLXpV1BjJffJf', N'2026-03-26 22:00:00');
IF NOT EXISTS (SELECT 1 FROM [dbo].[SHIPMENT_LOG] WHERE [log_id] = N'LOG_0043')
    INSERT INTO [dbo].[SHIPMENT_LOG] ([log_id], [tx_id], [tokenId], [temperature_logs], [humidity_logs], [gps_trucking], [door_open_close], [logistics_documents], [logged_at]) VALUES (N'LOG_0043', N'TX_0043', N'NFT_00043', N'3.9C, 4.1C', N'83%, 81%', N'10.762622, 106.660172 -> 21.028511, 105.804817', N'Closed, Closed', N'QmNQ26vxTFBuaQphFNm1vJN8mh3MhRW5XSNwgyspGsW9Mi', N'2026-03-24 19:00:00');
IF NOT EXISTS (SELECT 1 FROM [dbo].[SHIPMENT_LOG] WHERE [log_id] = N'LOG_0044')
    INSERT INTO [dbo].[SHIPMENT_LOG] ([log_id], [tx_id], [tokenId], [temperature_logs], [humidity_logs], [gps_trucking], [door_open_close], [logistics_documents], [logged_at]) VALUES (N'LOG_0044', N'TX_0044', N'NFT_00044', N'5.6C, 7.2C', N'85%, 84%', N'10.762622, 106.660172 -> 21.028511, 105.804817', N'Closed, Closed', N'QmTVXHiQzxE3QTmyQa8aZVutu83FcPAQc1R5TwaBtNzuwf', N'2026-03-31 02:00:00');
IF NOT EXISTS (SELECT 1 FROM [dbo].[SHIPMENT_LOG] WHERE [log_id] = N'LOG_0045')
    INSERT INTO [dbo].[SHIPMENT_LOG] ([log_id], [tx_id], [tokenId], [temperature_logs], [humidity_logs], [gps_trucking], [door_open_close], [logistics_documents], [logged_at]) VALUES (N'LOG_0045', N'TX_0045', N'NFT_00045', N'2.8C, 7.6C', N'82%, 94%', N'10.762622, 106.660172 -> 21.028511, 105.804817', N'Closed, Closed', N'Qm9vbxYDkjsQWiTBvSJFX3wotp6CXBm5zQ2uH3yhv9ck4n', N'2026-04-01 03:00:00');
IF NOT EXISTS (SELECT 1 FROM [dbo].[SHIPMENT_LOG] WHERE [log_id] = N'LOG_0046')
    INSERT INTO [dbo].[SHIPMENT_LOG] ([log_id], [tx_id], [tokenId], [temperature_logs], [humidity_logs], [gps_trucking], [door_open_close], [logistics_documents], [logged_at]) VALUES (N'LOG_0046', N'TX_0046', N'NFT_00046', N'6.6C, 3.1C', N'94%, 82%', N'10.762622, 106.660172 -> 21.028511, 105.804817', N'Closed, Closed', N'QmjfrsjZD7CpV9dY8bYeqPAnw8uLye4BLEaVRcodGuQvZy', N'2026-03-28 23:00:00');
IF NOT EXISTS (SELECT 1 FROM [dbo].[SHIPMENT_LOG] WHERE [log_id] = N'LOG_0047')
    INSERT INTO [dbo].[SHIPMENT_LOG] ([log_id], [tx_id], [tokenId], [temperature_logs], [humidity_logs], [gps_trucking], [door_open_close], [logistics_documents], [logged_at]) VALUES (N'LOG_0047', N'TX_0047', N'NFT_00047', N'7.1C, 2.7C', N'84%, 89%', N'10.762622, 106.660172 -> 21.028511, 105.804817', N'Closed, Closed', N'Qmnvy2zNXt5fFwTQ6Xay9mvemr1FwV7AE5CfKQ1VVe5zME', N'2026-04-04 01:00:00');
IF NOT EXISTS (SELECT 1 FROM [dbo].[SHIPMENT_LOG] WHERE [log_id] = N'LOG_0048')
    INSERT INTO [dbo].[SHIPMENT_LOG] ([log_id], [tx_id], [tokenId], [temperature_logs], [humidity_logs], [gps_trucking], [door_open_close], [logistics_documents], [logged_at]) VALUES (N'LOG_0048', N'TX_0048', N'NFT_00048', N'2.0C, 3.4C', N'86%, 94%', N'10.762622, 106.660172 -> 21.028511, 105.804817', N'Closed, Closed', N'Qm5afy9Ldqb5CVD3JBJzGTY1GSSxR8EzvthUKncndygry6', N'2026-03-21 09:00:00');
IF NOT EXISTS (SELECT 1 FROM [dbo].[SHIPMENT_LOG] WHERE [log_id] = N'LOG_0049')
    INSERT INTO [dbo].[SHIPMENT_LOG] ([log_id], [tx_id], [tokenId], [temperature_logs], [humidity_logs], [gps_trucking], [door_open_close], [logistics_documents], [logged_at]) VALUES (N'LOG_0049', N'TX_0049', N'NFT_00049', N'7.6C, 5.9C', N'82%, 94%', N'10.762622, 106.660172 -> 21.028511, 105.804817', N'Closed, Closed', N'QmhxAYMGPy3pZM1MkjoKqGicfFfv3VU31Fq1Kt7H2mcnYB', N'2026-03-21 15:00:00');
IF NOT EXISTS (SELECT 1 FROM [dbo].[SHIPMENT_LOG] WHERE [log_id] = N'LOG_0050')
    INSERT INTO [dbo].[SHIPMENT_LOG] ([log_id], [tx_id], [tokenId], [temperature_logs], [humidity_logs], [gps_trucking], [door_open_close], [logistics_documents], [logged_at]) VALUES (N'LOG_0050', N'TX_0050', N'NFT_00050', N'3.8C, 6.8C', N'80%, 90%', N'10.762622, 106.660172 -> 21.028511, 105.804817', N'Closed, Closed', N'Qmo2DPmmj3WvYQxdh2SY9KcLyPhiCCEi84CzJrWW4mS3ic', N'2026-04-03 02:00:00');
IF NOT EXISTS (SELECT 1 FROM [dbo].[SHIPMENT_LOG] WHERE [log_id] = N'LOG_0051')
    INSERT INTO [dbo].[SHIPMENT_LOG] ([log_id], [tx_id], [tokenId], [temperature_logs], [humidity_logs], [gps_trucking], [door_open_close], [logistics_documents], [logged_at]) VALUES (N'LOG_0051', N'TX_0051', N'NFT_00051', N'3.6C, 3.8C', N'89%, 88%', N'10.762622, 106.660172 -> 21.028511, 105.804817', N'Closed, Closed', N'QmVyb3g7h6qpdys5Cr9P6LGL3AQB7bQJTgz9KbU1UGiJjx', N'2026-03-19 19:00:00');
IF NOT EXISTS (SELECT 1 FROM [dbo].[SHIPMENT_LOG] WHERE [log_id] = N'LOG_0052')
    INSERT INTO [dbo].[SHIPMENT_LOG] ([log_id], [tx_id], [tokenId], [temperature_logs], [humidity_logs], [gps_trucking], [door_open_close], [logistics_documents], [logged_at]) VALUES (N'LOG_0052', N'TX_0052', N'NFT_00052', N'7.4C, 3.8C', N'90%, 83%', N'10.762622, 106.660172 -> 21.028511, 105.804817', N'Closed, Closed', N'Qm4Xtmvt5kHkpajaRnoz8QFhavNy8PjJ8VZTDPQLpP3PS1', N'2026-04-02 18:00:00');
IF NOT EXISTS (SELECT 1 FROM [dbo].[SHIPMENT_LOG] WHERE [log_id] = N'LOG_0053')
    INSERT INTO [dbo].[SHIPMENT_LOG] ([log_id], [tx_id], [tokenId], [temperature_logs], [humidity_logs], [gps_trucking], [door_open_close], [logistics_documents], [logged_at]) VALUES (N'LOG_0053', N'TX_0053', N'NFT_00053', N'3.7C, 6.7C', N'88%, 86%', N'10.762622, 106.660172 -> 21.028511, 105.804817', N'Closed, Closed', N'Qm3jt6dG1Y7rbbz4je98cLgmTNUbE7eBP3iR8yMpVJKpyb', N'2026-03-22 10:00:00');
IF NOT EXISTS (SELECT 1 FROM [dbo].[SHIPMENT_LOG] WHERE [log_id] = N'LOG_0054')
    INSERT INTO [dbo].[SHIPMENT_LOG] ([log_id], [tx_id], [tokenId], [temperature_logs], [humidity_logs], [gps_trucking], [door_open_close], [logistics_documents], [logged_at]) VALUES (N'LOG_0054', N'TX_0054', N'NFT_00054', N'4.2C, 3.3C', N'93%, 95%', N'10.762622, 106.660172 -> 21.028511, 105.804817', N'Closed, Closed', N'Qm8KkxHHLW81ZibMMDtrmQQsbg9VVKQ1yQpqJRSJs9Rv1C', N'2026-03-22 01:00:00');
IF NOT EXISTS (SELECT 1 FROM [dbo].[SHIPMENT_LOG] WHERE [log_id] = N'LOG_0055')
    INSERT INTO [dbo].[SHIPMENT_LOG] ([log_id], [tx_id], [tokenId], [temperature_logs], [humidity_logs], [gps_trucking], [door_open_close], [logistics_documents], [logged_at]) VALUES (N'LOG_0055', N'TX_0055', N'NFT_00055', N'4.6C, 3.0C', N'85%, 92%', N'10.762622, 106.660172 -> 21.028511, 105.804817', N'Closed, Closed', N'Qmo4W2NC1Sgd6V6RMS48F5FKSGiyjN6phzU4i8w5eXaQxw', N'2026-03-24 01:00:00');
IF NOT EXISTS (SELECT 1 FROM [dbo].[SHIPMENT_LOG] WHERE [log_id] = N'LOG_0056')
    INSERT INTO [dbo].[SHIPMENT_LOG] ([log_id], [tx_id], [tokenId], [temperature_logs], [humidity_logs], [gps_trucking], [door_open_close], [logistics_documents], [logged_at]) VALUES (N'LOG_0056', N'TX_0056', N'NFT_00056', N'7.1C, 6.9C', N'83%, 82%', N'10.762622, 106.660172 -> 21.028511, 105.804817', N'Closed, Closed', N'QmrQDLtZCKcGfTY1g3BFkUUjYF1eZAcSFBphcUn8ZrH3sv', N'2026-03-28 04:00:00');
IF NOT EXISTS (SELECT 1 FROM [dbo].[SHIPMENT_LOG] WHERE [log_id] = N'LOG_0057')
    INSERT INTO [dbo].[SHIPMENT_LOG] ([log_id], [tx_id], [tokenId], [temperature_logs], [humidity_logs], [gps_trucking], [door_open_close], [logistics_documents], [logged_at]) VALUES (N'LOG_0057', N'TX_0057', N'NFT_00057', N'5.2C, 3.9C', N'85%, 86%', N'10.762622, 106.660172 -> 21.028511, 105.804817', N'Closed, Closed', N'QmKmpwtTcbBAUEwAise3EBaFz4cEoWJDJfcXt1gLK5qh8P', N'2026-03-24 00:00:00');
IF NOT EXISTS (SELECT 1 FROM [dbo].[SHIPMENT_LOG] WHERE [log_id] = N'LOG_0058')
    INSERT INTO [dbo].[SHIPMENT_LOG] ([log_id], [tx_id], [tokenId], [temperature_logs], [humidity_logs], [gps_trucking], [door_open_close], [logistics_documents], [logged_at]) VALUES (N'LOG_0058', N'TX_0058', N'NFT_00058', N'4.9C, 2.5C', N'80%, 86%', N'10.762622, 106.660172 -> 21.028511, 105.804817', N'Closed, Closed', N'QmvSShdCx81qnzD9mSdnuVUDwRjh2Qvj2o1Z4N3cAWJd5p', N'2026-03-24 07:00:00');
IF NOT EXISTS (SELECT 1 FROM [dbo].[SHIPMENT_LOG] WHERE [log_id] = N'LOG_0059')
    INSERT INTO [dbo].[SHIPMENT_LOG] ([log_id], [tx_id], [tokenId], [temperature_logs], [humidity_logs], [gps_trucking], [door_open_close], [logistics_documents], [logged_at]) VALUES (N'LOG_0059', N'TX_0059', N'NFT_00059', N'2.8C, 4.0C', N'90%, 93%', N'10.762622, 106.660172 -> 21.028511, 105.804817', N'Closed, Closed', N'QmenJ4uGgsUkWRRNvqRAqFQofMroQxGQ5aGbeDXDbmgkqi', N'2026-04-02 20:00:00');
IF NOT EXISTS (SELECT 1 FROM [dbo].[SHIPMENT_LOG] WHERE [log_id] = N'LOG_0060')
    INSERT INTO [dbo].[SHIPMENT_LOG] ([log_id], [tx_id], [tokenId], [temperature_logs], [humidity_logs], [gps_trucking], [door_open_close], [logistics_documents], [logged_at]) VALUES (N'LOG_0060', N'TX_0060', N'NFT_00060', N'4.1C, 2.6C', N'83%, 82%', N'10.762622, 106.660172 -> 21.028511, 105.804817', N'Closed, Closed', N'Qmqb5bhRbcKKsboDpmSD8Dbt66iawXefuLHwE1hBTjzs8C', N'2026-03-28 19:00:00');
IF NOT EXISTS (SELECT 1 FROM [dbo].[SHIPMENT_LOG] WHERE [log_id] = N'LOG_0061')
    INSERT INTO [dbo].[SHIPMENT_LOG] ([log_id], [tx_id], [tokenId], [temperature_logs], [humidity_logs], [gps_trucking], [door_open_close], [logistics_documents], [logged_at]) VALUES (N'LOG_0061', N'TX_0061', N'NFT_00061', N'6.2C, 7.2C', N'87%, 95%', N'10.762622, 106.660172 -> 21.028511, 105.804817', N'Closed, Closed', N'QmbXvwJpvAQTWVrmXu8Tee4fyHP3hzCiaNJkaYsG2gWgdZ', N'2026-03-27 13:00:00');
IF NOT EXISTS (SELECT 1 FROM [dbo].[SHIPMENT_LOG] WHERE [log_id] = N'LOG_0062')
    INSERT INTO [dbo].[SHIPMENT_LOG] ([log_id], [tx_id], [tokenId], [temperature_logs], [humidity_logs], [gps_trucking], [door_open_close], [logistics_documents], [logged_at]) VALUES (N'LOG_0062', N'TX_0062', N'NFT_00062', N'5.6C, 2.0C', N'82%, 88%', N'10.762622, 106.660172 -> 21.028511, 105.804817', N'Closed, Closed', N'QmoCgF1dv9P7q4tRP86KujgQHVvwKkMV6yFR14XLnRX8gM', N'2026-03-19 16:00:00');
IF NOT EXISTS (SELECT 1 FROM [dbo].[SHIPMENT_LOG] WHERE [log_id] = N'LOG_0063')
    INSERT INTO [dbo].[SHIPMENT_LOG] ([log_id], [tx_id], [tokenId], [temperature_logs], [humidity_logs], [gps_trucking], [door_open_close], [logistics_documents], [logged_at]) VALUES (N'LOG_0063', N'TX_0063', N'NFT_00063', N'3.5C, 2.8C', N'90%, 80%', N'10.762622, 106.660172 -> 21.028511, 105.804817', N'Closed, Closed', N'QmRMK9trGmbUJ9rCXuz1mqpsjTxQ3doGvWQBoL3cY2cskD', N'2026-04-01 02:00:00');
IF NOT EXISTS (SELECT 1 FROM [dbo].[SHIPMENT_LOG] WHERE [log_id] = N'LOG_0064')
    INSERT INTO [dbo].[SHIPMENT_LOG] ([log_id], [tx_id], [tokenId], [temperature_logs], [humidity_logs], [gps_trucking], [door_open_close], [logistics_documents], [logged_at]) VALUES (N'LOG_0064', N'TX_0064', N'NFT_00064', N'3.1C, 2.5C', N'80%, 85%', N'10.762622, 106.660172 -> 21.028511, 105.804817', N'Closed, Closed', N'Qmf1mepUVqpaVqL9GDPG1K3CkNhJWzaVeDF2Lqm3fSAcGe', N'2026-03-23 21:00:00');
IF NOT EXISTS (SELECT 1 FROM [dbo].[SHIPMENT_LOG] WHERE [log_id] = N'LOG_0065')
    INSERT INTO [dbo].[SHIPMENT_LOG] ([log_id], [tx_id], [tokenId], [temperature_logs], [humidity_logs], [gps_trucking], [door_open_close], [logistics_documents], [logged_at]) VALUES (N'LOG_0065', N'TX_0065', N'NFT_00065', N'7.2C, 7.6C', N'83%, 94%', N'10.762622, 106.660172 -> 21.028511, 105.804817', N'Closed, Closed', N'Qmo3E6ubmLHq2CK36kfUXTcx7JWRGuXA1XiqKeshoHaAeD', N'2026-04-06 06:00:00');
IF NOT EXISTS (SELECT 1 FROM [dbo].[SHIPMENT_LOG] WHERE [log_id] = N'LOG_0066')
    INSERT INTO [dbo].[SHIPMENT_LOG] ([log_id], [tx_id], [tokenId], [temperature_logs], [humidity_logs], [gps_trucking], [door_open_close], [logistics_documents], [logged_at]) VALUES (N'LOG_0066', N'TX_0066', N'NFT_00066', N'6.7C, 3.4C', N'94%, 81%', N'10.762622, 106.660172 -> 21.028511, 105.804817', N'Closed, Closed', N'QmyRjMYikARUvDrShPBbfegNyXtmUWJ9PMLKdb2R98jDUT', N'2026-03-30 12:00:00');
IF NOT EXISTS (SELECT 1 FROM [dbo].[SHIPMENT_LOG] WHERE [log_id] = N'LOG_0067')
    INSERT INTO [dbo].[SHIPMENT_LOG] ([log_id], [tx_id], [tokenId], [temperature_logs], [humidity_logs], [gps_trucking], [door_open_close], [logistics_documents], [logged_at]) VALUES (N'LOG_0067', N'TX_0067', N'NFT_00067', N'6.7C, 2.9C', N'91%, 90%', N'10.762622, 106.660172 -> 21.028511, 105.804817', N'Closed, Closed', N'QmWaytEga3pmRpsidSfZozah5nRKCXzsYd3TDWM4V4aNzm', N'2026-03-21 23:00:00');
IF NOT EXISTS (SELECT 1 FROM [dbo].[SHIPMENT_LOG] WHERE [log_id] = N'LOG_0068')
    INSERT INTO [dbo].[SHIPMENT_LOG] ([log_id], [tx_id], [tokenId], [temperature_logs], [humidity_logs], [gps_trucking], [door_open_close], [logistics_documents], [logged_at]) VALUES (N'LOG_0068', N'TX_0068', N'NFT_00068', N'7.8C, 5.0C', N'84%, 93%', N'10.762622, 106.660172 -> 21.028511, 105.804817', N'Closed, Closed', N'QmdApDGWQXrxgQ9bgBwnbdL6sY9ZnXPfmW8oeVvPmy37T8', N'2026-03-29 16:00:00');
IF NOT EXISTS (SELECT 1 FROM [dbo].[SHIPMENT_LOG] WHERE [log_id] = N'LOG_0069')
    INSERT INTO [dbo].[SHIPMENT_LOG] ([log_id], [tx_id], [tokenId], [temperature_logs], [humidity_logs], [gps_trucking], [door_open_close], [logistics_documents], [logged_at]) VALUES (N'LOG_0069', N'TX_0069', N'NFT_00069', N'4.6C, 3.6C', N'93%, 86%', N'10.762622, 106.660172 -> 21.028511, 105.804817', N'Closed, Closed', N'QmU9ZPcEGhfrfcT3i3VTcsnszCMSoSjmqft6LdgmSuMeXc', N'2026-03-31 20:00:00');
IF NOT EXISTS (SELECT 1 FROM [dbo].[SHIPMENT_LOG] WHERE [log_id] = N'LOG_0070')
    INSERT INTO [dbo].[SHIPMENT_LOG] ([log_id], [tx_id], [tokenId], [temperature_logs], [humidity_logs], [gps_trucking], [door_open_close], [logistics_documents], [logged_at]) VALUES (N'LOG_0070', N'TX_0070', N'NFT_00070', N'5.9C, 6.4C', N'87%, 91%', N'10.762622, 106.660172 -> 21.028511, 105.804817', N'Closed, Closed', N'QmgjWiH3NWDyKJV3v69EeK3Qz7dPwX53esTS4tEyodMWGy', N'2026-03-20 19:00:00');
IF NOT EXISTS (SELECT 1 FROM [dbo].[SHIPMENT_LOG] WHERE [log_id] = N'LOG_0071')
    INSERT INTO [dbo].[SHIPMENT_LOG] ([log_id], [tx_id], [tokenId], [temperature_logs], [humidity_logs], [gps_trucking], [door_open_close], [logistics_documents], [logged_at]) VALUES (N'LOG_0071', N'TX_0071', N'NFT_00071', N'5.7C, 5.3C', N'82%, 90%', N'10.762622, 106.660172 -> 21.028511, 105.804817', N'Closed, Closed', N'QmaJvzpRrxp4D8KDVfsMwNhAuffEWxmD3Z6ZvfezEB6rj5', N'2026-03-24 09:00:00');
IF NOT EXISTS (SELECT 1 FROM [dbo].[SHIPMENT_LOG] WHERE [log_id] = N'LOG_0072')
    INSERT INTO [dbo].[SHIPMENT_LOG] ([log_id], [tx_id], [tokenId], [temperature_logs], [humidity_logs], [gps_trucking], [door_open_close], [logistics_documents], [logged_at]) VALUES (N'LOG_0072', N'TX_0072', N'NFT_00072', N'6.3C, 3.9C', N'80%, 94%', N'10.762622, 106.660172 -> 21.028511, 105.804817', N'Closed, Closed', N'QmMjYao2UDHPUFB8kaYevVjvcRSLxu5fQZewt6nJGUh4bp', N'2026-03-20 20:00:00');
IF NOT EXISTS (SELECT 1 FROM [dbo].[SHIPMENT_LOG] WHERE [log_id] = N'LOG_0073')
    INSERT INTO [dbo].[SHIPMENT_LOG] ([log_id], [tx_id], [tokenId], [temperature_logs], [humidity_logs], [gps_trucking], [door_open_close], [logistics_documents], [logged_at]) VALUES (N'LOG_0073', N'TX_0073', N'NFT_00073', N'3.9C, 3.1C', N'80%, 90%', N'10.762622, 106.660172 -> 21.028511, 105.804817', N'Closed, Closed', N'QmCVT2zbi8Qfzym29xdykaePp7tRT8kzRx1zkvHpv8r8gy', N'2026-03-21 14:00:00');
IF NOT EXISTS (SELECT 1 FROM [dbo].[SHIPMENT_LOG] WHERE [log_id] = N'LOG_0074')
    INSERT INTO [dbo].[SHIPMENT_LOG] ([log_id], [tx_id], [tokenId], [temperature_logs], [humidity_logs], [gps_trucking], [door_open_close], [logistics_documents], [logged_at]) VALUES (N'LOG_0074', N'TX_0074', N'NFT_00074', N'6.0C, 3.0C', N'86%, 84%', N'10.762622, 106.660172 -> 21.028511, 105.804817', N'Closed, Closed', N'QmGb3uDSRDRMj6scKdHQG2AFr4JPMt9op7PV8DZnMuPcLa', N'2026-04-02 20:00:00');
IF NOT EXISTS (SELECT 1 FROM [dbo].[SHIPMENT_LOG] WHERE [log_id] = N'LOG_0075')
    INSERT INTO [dbo].[SHIPMENT_LOG] ([log_id], [tx_id], [tokenId], [temperature_logs], [humidity_logs], [gps_trucking], [door_open_close], [logistics_documents], [logged_at]) VALUES (N'LOG_0075', N'TX_0075', N'NFT_00075', N'7.1C, 2.8C', N'92%, 80%', N'10.762622, 106.660172 -> 21.028511, 105.804817', N'Closed, Closed', N'QmABgNtpJ3DrnpKykL4iDwynvFYUBuE1UEEFMNj5gHq96G', N'2026-03-25 22:00:00');
IF NOT EXISTS (SELECT 1 FROM [dbo].[SHIPMENT_LOG] WHERE [log_id] = N'LOG_0076')
    INSERT INTO [dbo].[SHIPMENT_LOG] ([log_id], [tx_id], [tokenId], [temperature_logs], [humidity_logs], [gps_trucking], [door_open_close], [logistics_documents], [logged_at]) VALUES (N'LOG_0076', N'TX_0076', N'NFT_00076', N'7.2C, 2.6C', N'83%, 83%', N'10.762622, 106.660172 -> 21.028511, 105.804817', N'Closed, Closed', N'QmnTWbK4s11KFVS6ChoW4iYx5C564EUQdw1o5T3fdKJLT4', N'2026-04-03 06:00:00');
IF NOT EXISTS (SELECT 1 FROM [dbo].[SHIPMENT_LOG] WHERE [log_id] = N'LOG_0077')
    INSERT INTO [dbo].[SHIPMENT_LOG] ([log_id], [tx_id], [tokenId], [temperature_logs], [humidity_logs], [gps_trucking], [door_open_close], [logistics_documents], [logged_at]) VALUES (N'LOG_0077', N'TX_0077', N'NFT_00077', N'2.7C, 5.0C', N'87%, 82%', N'10.762622, 106.660172 -> 21.028511, 105.804817', N'Closed, Closed', N'Qmee1spfFo5wBk12B4xSLewu2KqAj6n2Q3KFjZ2zQtCj98', N'2026-03-21 03:00:00');
IF NOT EXISTS (SELECT 1 FROM [dbo].[SHIPMENT_LOG] WHERE [log_id] = N'LOG_0078')
    INSERT INTO [dbo].[SHIPMENT_LOG] ([log_id], [tx_id], [tokenId], [temperature_logs], [humidity_logs], [gps_trucking], [door_open_close], [logistics_documents], [logged_at]) VALUES (N'LOG_0078', N'TX_0078', N'NFT_00078', N'4.9C, 5.7C', N'80%, 87%', N'10.762622, 106.660172 -> 21.028511, 105.804817', N'Closed, Closed', N'Qm83zEy8f3Ne6fc35kFJD6EBBNyoAjFqQH8JWJocR1GWRG', N'2026-04-04 16:00:00');
IF NOT EXISTS (SELECT 1 FROM [dbo].[SHIPMENT_LOG] WHERE [log_id] = N'LOG_0079')
    INSERT INTO [dbo].[SHIPMENT_LOG] ([log_id], [tx_id], [tokenId], [temperature_logs], [humidity_logs], [gps_trucking], [door_open_close], [logistics_documents], [logged_at]) VALUES (N'LOG_0079', N'TX_0079', N'NFT_00079', N'4.7C, 2.3C', N'84%, 95%', N'10.762622, 106.660172 -> 21.028511, 105.804817', N'Closed, Closed', N'QmkjaMSTfdsFfYdBUEQmLBPxNLrGmPAnsWcRJGnNFrhAsn', N'2026-03-20 20:00:00');
IF NOT EXISTS (SELECT 1 FROM [dbo].[SHIPMENT_LOG] WHERE [log_id] = N'LOG_0080')
    INSERT INTO [dbo].[SHIPMENT_LOG] ([log_id], [tx_id], [tokenId], [temperature_logs], [humidity_logs], [gps_trucking], [door_open_close], [logistics_documents], [logged_at]) VALUES (N'LOG_0080', N'TX_0080', N'NFT_00080', N'7.5C, 5.2C', N'89%, 84%', N'10.762622, 106.660172 -> 21.028511, 105.804817', N'Closed, Closed', N'QmxvPifLZhhQmtatk9CukPv96UATewxkYEGwHYWRf2nPYJ', N'2026-03-30 12:00:00');
IF NOT EXISTS (SELECT 1 FROM [dbo].[SHIPMENT_LOG] WHERE [log_id] = N'LOG_0081')
    INSERT INTO [dbo].[SHIPMENT_LOG] ([log_id], [tx_id], [tokenId], [temperature_logs], [humidity_logs], [gps_trucking], [door_open_close], [logistics_documents], [logged_at]) VALUES (N'LOG_0081', N'TX_0081', N'NFT_00081', N'5.8C, 4.2C', N'90%, 91%', N'10.762622, 106.660172 -> 21.028511, 105.804817', N'Closed, Closed', N'QmUeckmn56rgW6uWCT22oUPUAq16YRUZiZ9ja7yyQCmnSB', N'2026-03-31 15:00:00');
IF NOT EXISTS (SELECT 1 FROM [dbo].[SHIPMENT_LOG] WHERE [log_id] = N'LOG_0082')
    INSERT INTO [dbo].[SHIPMENT_LOG] ([log_id], [tx_id], [tokenId], [temperature_logs], [humidity_logs], [gps_trucking], [door_open_close], [logistics_documents], [logged_at]) VALUES (N'LOG_0082', N'TX_0082', N'NFT_00082', N'5.6C, 3.5C', N'83%, 87%', N'10.762622, 106.660172 -> 21.028511, 105.804817', N'Closed, Closed', N'QmeqkzdPhLQvC79vrbu1PaWfz7ehPHTcTfQtELb2x7Mm2Q', N'2026-03-20 20:00:00');
IF NOT EXISTS (SELECT 1 FROM [dbo].[SHIPMENT_LOG] WHERE [log_id] = N'LOG_0083')
    INSERT INTO [dbo].[SHIPMENT_LOG] ([log_id], [tx_id], [tokenId], [temperature_logs], [humidity_logs], [gps_trucking], [door_open_close], [logistics_documents], [logged_at]) VALUES (N'LOG_0083', N'TX_0083', N'NFT_00083', N'4.7C, 3.6C', N'93%, 81%', N'10.762622, 106.660172 -> 21.028511, 105.804817', N'Closed, Closed', N'QmiZGam5EGGUfqfCgX63ZoGjxsVD5FY71Hebfm3KuAu9Zt', N'2026-03-24 10:00:00');
IF NOT EXISTS (SELECT 1 FROM [dbo].[SHIPMENT_LOG] WHERE [log_id] = N'LOG_0084')
    INSERT INTO [dbo].[SHIPMENT_LOG] ([log_id], [tx_id], [tokenId], [temperature_logs], [humidity_logs], [gps_trucking], [door_open_close], [logistics_documents], [logged_at]) VALUES (N'LOG_0084', N'TX_0084', N'NFT_00084', N'3.4C, 4.2C', N'81%, 90%', N'10.762622, 106.660172 -> 21.028511, 105.804817', N'Closed, Closed', N'QmrvQY2xsbF9xmFtwJGA4K54Uz6qv6vP5n6h6VC8haJr18', N'2026-04-06 21:00:00');
IF NOT EXISTS (SELECT 1 FROM [dbo].[SHIPMENT_LOG] WHERE [log_id] = N'LOG_0085')
    INSERT INTO [dbo].[SHIPMENT_LOG] ([log_id], [tx_id], [tokenId], [temperature_logs], [humidity_logs], [gps_trucking], [door_open_close], [logistics_documents], [logged_at]) VALUES (N'LOG_0085', N'TX_0085', N'NFT_00085', N'3.3C, 6.6C', N'83%, 83%', N'10.762622, 106.660172 -> 21.028511, 105.804817', N'Closed, Closed', N'Qmuf1yXo668XrJ8VhmcyUWVJRcEn5vVc7z8aHF9Ms5EvD3', N'2026-03-28 12:00:00');
IF NOT EXISTS (SELECT 1 FROM [dbo].[SHIPMENT_LOG] WHERE [log_id] = N'LOG_0086')
    INSERT INTO [dbo].[SHIPMENT_LOG] ([log_id], [tx_id], [tokenId], [temperature_logs], [humidity_logs], [gps_trucking], [door_open_close], [logistics_documents], [logged_at]) VALUES (N'LOG_0086', N'TX_0086', N'NFT_00086', N'3.8C, 7.2C', N'81%, 89%', N'10.762622, 106.660172 -> 21.028511, 105.804817', N'Closed, Closed', N'QmbSfPQFLAKkVK59NVowUYhHXuRcWyby27zhLTwvDNWtrB', N'2026-03-27 14:00:00');
IF NOT EXISTS (SELECT 1 FROM [dbo].[SHIPMENT_LOG] WHERE [log_id] = N'LOG_0087')
    INSERT INTO [dbo].[SHIPMENT_LOG] ([log_id], [tx_id], [tokenId], [temperature_logs], [humidity_logs], [gps_trucking], [door_open_close], [logistics_documents], [logged_at]) VALUES (N'LOG_0087', N'TX_0087', N'NFT_00087', N'6.4C, 7.1C', N'90%, 81%', N'10.762622, 106.660172 -> 21.028511, 105.804817', N'Closed, Closed', N'Qme6AQmMNGsUf5reGq1pWxRB3hSos1epQbfzo689UAW7Mn', N'2026-03-31 10:00:00');
IF NOT EXISTS (SELECT 1 FROM [dbo].[SHIPMENT_LOG] WHERE [log_id] = N'LOG_0088')
    INSERT INTO [dbo].[SHIPMENT_LOG] ([log_id], [tx_id], [tokenId], [temperature_logs], [humidity_logs], [gps_trucking], [door_open_close], [logistics_documents], [logged_at]) VALUES (N'LOG_0088', N'TX_0088', N'NFT_00088', N'3.8C, 7.0C', N'84%, 89%', N'10.762622, 106.660172 -> 21.028511, 105.804817', N'Closed, Closed', N'QmAEZBZHYUsXMcb2G3kGc7NnhwM2rmCywvAebv1vHewMVy', N'2026-03-30 04:00:00');
IF NOT EXISTS (SELECT 1 FROM [dbo].[SHIPMENT_LOG] WHERE [log_id] = N'LOG_0089')
    INSERT INTO [dbo].[SHIPMENT_LOG] ([log_id], [tx_id], [tokenId], [temperature_logs], [humidity_logs], [gps_trucking], [door_open_close], [logistics_documents], [logged_at]) VALUES (N'LOG_0089', N'TX_0089', N'NFT_00089', N'7.1C, 2.7C', N'86%, 94%', N'10.762622, 106.660172 -> 21.028511, 105.804817', N'Closed, Closed', N'QmbTE8Yr2JduiLJcs8mm6fHZoHt835WZc2DLyZi2zTa79D', N'2026-04-03 07:00:00');
IF NOT EXISTS (SELECT 1 FROM [dbo].[SHIPMENT_LOG] WHERE [log_id] = N'LOG_0090')
    INSERT INTO [dbo].[SHIPMENT_LOG] ([log_id], [tx_id], [tokenId], [temperature_logs], [humidity_logs], [gps_trucking], [door_open_close], [logistics_documents], [logged_at]) VALUES (N'LOG_0090', N'TX_0090', N'NFT_00090', N'5.5C, 6.2C', N'86%, 92%', N'10.762622, 106.660172 -> 21.028511, 105.804817', N'Closed, Closed', N'QmfjiFvEib1pZxvnbJmYHajqbRdgM9cY143LTEkNt5KS6D', N'2026-03-26 09:00:00');
IF NOT EXISTS (SELECT 1 FROM [dbo].[SHIPMENT_LOG] WHERE [log_id] = N'LOG_0091')
    INSERT INTO [dbo].[SHIPMENT_LOG] ([log_id], [tx_id], [tokenId], [temperature_logs], [humidity_logs], [gps_trucking], [door_open_close], [logistics_documents], [logged_at]) VALUES (N'LOG_0091', N'TX_0091', N'NFT_00091', N'7.9C, 4.8C', N'82%, 90%', N'10.762622, 106.660172 -> 21.028511, 105.804817', N'Closed, Closed', N'Qmf5bZ9D2HUQcerJJmVuKs1HBkuBJ125iJiLwQ7YKHxvPq', N'2026-04-03 03:00:00');
IF NOT EXISTS (SELECT 1 FROM [dbo].[SHIPMENT_LOG] WHERE [log_id] = N'LOG_0092')
    INSERT INTO [dbo].[SHIPMENT_LOG] ([log_id], [tx_id], [tokenId], [temperature_logs], [humidity_logs], [gps_trucking], [door_open_close], [logistics_documents], [logged_at]) VALUES (N'LOG_0092', N'TX_0092', N'NFT_00092', N'3.6C, 7.1C', N'95%, 86%', N'10.762622, 106.660172 -> 21.028511, 105.804817', N'Closed, Closed', N'QmZNAATEmD9ogHBD5ev9P32qcPuhbS6JA98JQYmuMEBQcU', N'2026-04-01 23:00:00');
IF NOT EXISTS (SELECT 1 FROM [dbo].[SHIPMENT_LOG] WHERE [log_id] = N'LOG_0093')
    INSERT INTO [dbo].[SHIPMENT_LOG] ([log_id], [tx_id], [tokenId], [temperature_logs], [humidity_logs], [gps_trucking], [door_open_close], [logistics_documents], [logged_at]) VALUES (N'LOG_0093', N'TX_0093', N'NFT_00093', N'5.6C, 2.2C', N'92%, 92%', N'10.762622, 106.660172 -> 21.028511, 105.804817', N'Closed, Closed', N'Qmz1D8M2DqbWJnp19Rf3aeDcVVc1eBaL69qNiHVWNyJjad', N'2026-03-23 05:00:00');
IF NOT EXISTS (SELECT 1 FROM [dbo].[SHIPMENT_LOG] WHERE [log_id] = N'LOG_0094')
    INSERT INTO [dbo].[SHIPMENT_LOG] ([log_id], [tx_id], [tokenId], [temperature_logs], [humidity_logs], [gps_trucking], [door_open_close], [logistics_documents], [logged_at]) VALUES (N'LOG_0094', N'TX_0094', N'NFT_00094', N'3.4C, 5.1C', N'84%, 94%', N'10.762622, 106.660172 -> 21.028511, 105.804817', N'Closed, Closed', N'QmuEHnjy8ExeUvX5LHjqSn7JkCcuvfyRRR4BUtR8nA6hKY', N'2026-03-22 09:00:00');
IF NOT EXISTS (SELECT 1 FROM [dbo].[SHIPMENT_LOG] WHERE [log_id] = N'LOG_0095')
    INSERT INTO [dbo].[SHIPMENT_LOG] ([log_id], [tx_id], [tokenId], [temperature_logs], [humidity_logs], [gps_trucking], [door_open_close], [logistics_documents], [logged_at]) VALUES (N'LOG_0095', N'TX_0095', N'NFT_00095', N'2.2C, 3.2C', N'82%, 86%', N'10.762622, 106.660172 -> 21.028511, 105.804817', N'Closed, Closed', N'QmQ5i4857UYv2dURL8CVYa59pWHWRu5H9K22kTLuaYu9Fh', N'2026-04-06 09:00:00');
IF NOT EXISTS (SELECT 1 FROM [dbo].[SHIPMENT_LOG] WHERE [log_id] = N'LOG_0096')
    INSERT INTO [dbo].[SHIPMENT_LOG] ([log_id], [tx_id], [tokenId], [temperature_logs], [humidity_logs], [gps_trucking], [door_open_close], [logistics_documents], [logged_at]) VALUES (N'LOG_0096', N'TX_0096', N'NFT_00096', N'5.2C, 4.5C', N'91%, 92%', N'10.762622, 106.660172 -> 21.028511, 105.804817', N'Closed, Closed', N'QmDGLfWPc8Uxi6fCgQatLDX36GspoARHSsssNoVzKMxuVq', N'2026-03-23 02:00:00');
IF NOT EXISTS (SELECT 1 FROM [dbo].[SHIPMENT_LOG] WHERE [log_id] = N'LOG_0097')
    INSERT INTO [dbo].[SHIPMENT_LOG] ([log_id], [tx_id], [tokenId], [temperature_logs], [humidity_logs], [gps_trucking], [door_open_close], [logistics_documents], [logged_at]) VALUES (N'LOG_0097', N'TX_0097', N'NFT_00097', N'7.2C, 2.4C', N'87%, 86%', N'10.762622, 106.660172 -> 21.028511, 105.804817', N'Closed, Closed', N'QmgKkcyGSJRApaiq2Q91Q8ZKXL7p4R8SRVbEK2SnFss5aJ', N'2026-03-27 13:00:00');
IF NOT EXISTS (SELECT 1 FROM [dbo].[SHIPMENT_LOG] WHERE [log_id] = N'LOG_0098')
    INSERT INTO [dbo].[SHIPMENT_LOG] ([log_id], [tx_id], [tokenId], [temperature_logs], [humidity_logs], [gps_trucking], [door_open_close], [logistics_documents], [logged_at]) VALUES (N'LOG_0098', N'TX_0098', N'NFT_00098', N'3.2C, 7.0C', N'91%, 87%', N'10.762622, 106.660172 -> 21.028511, 105.804817', N'Closed, Closed', N'QmsfuBnHVYrwhj1uyiTsNsHfTCeX6Tgwz9FSjA4ZhKiPQj', N'2026-04-06 10:00:00');
IF NOT EXISTS (SELECT 1 FROM [dbo].[SHIPMENT_LOG] WHERE [log_id] = N'LOG_0099')
    INSERT INTO [dbo].[SHIPMENT_LOG] ([log_id], [tx_id], [tokenId], [temperature_logs], [humidity_logs], [gps_trucking], [door_open_close], [logistics_documents], [logged_at]) VALUES (N'LOG_0099', N'TX_0099', N'NFT_00099', N'5.1C, 5.6C', N'81%, 80%', N'10.762622, 106.660172 -> 21.028511, 105.804817', N'Closed, Closed', N'Qm1CdfrnoR149o9pqtiXWGPFxYCkRTa2nAyYQiehPreFvt', N'2026-04-04 18:00:00');
IF NOT EXISTS (SELECT 1 FROM [dbo].[SHIPMENT_LOG] WHERE [log_id] = N'LOG_0100')
    INSERT INTO [dbo].[SHIPMENT_LOG] ([log_id], [tx_id], [tokenId], [temperature_logs], [humidity_logs], [gps_trucking], [door_open_close], [logistics_documents], [logged_at]) VALUES (N'LOG_0100', N'TX_0100', N'NFT_00100', N'3.1C, 7.6C', N'90%, 90%', N'10.762622, 106.660172 -> 21.028511, 105.804817', N'Closed, Closed', N'Qmsb2zvHi4s9dm6ZD3et17LPUnXhi4sDXWej3F4HG4QtLg', N'2026-04-04 07:00:00');

-- ISSUE_REPORT
IF NOT EXISTS (SELECT 1 FROM [dbo].[ISSUE_REPORT] WHERE [issue_id] = N'ISSUE_0001')
    INSERT INTO [dbo].[ISSUE_REPORT] ([issue_id], [tokenId], [reporter_type], [reporter_id], [issue_type], [issue_description], [evidence_ipfs_cid], [inspection_report_url], [issue_status], [blockchain_tx_hash], [reported_at]) VALUES (N'ISSUE_0001', N'NFT_00043', N'Retailer', N'CUST_0018', N'Quality Violation', N'Hàng bị dập nát', N'Qm6v3tnfQcheChS7WPyXR5apPMjXfA4sisLyDBMYbRS9NN', N'https://reports.blocktrace.app/R-1.pdf', N'Open', N'0xf99c22627c7815de67d0d3283e7769c35acb228f6f08df0ee2b07d8b2777bc1c', N'2026-03-30 07:00:00');
IF NOT EXISTS (SELECT 1 FROM [dbo].[ISSUE_REPORT] WHERE [issue_id] = N'ISSUE_0002')
    INSERT INTO [dbo].[ISSUE_REPORT] ([issue_id], [tokenId], [reporter_type], [reporter_id], [issue_type], [issue_description], [evidence_ipfs_cid], [inspection_report_url], [issue_status], [blockchain_tx_hash], [reported_at]) VALUES (N'ISSUE_0002', N'NFT_00025', N'Retailer', N'CUST_0005', N'Quality Violation', N'Giao trễ 2 ngày', N'QmhUWP1b1u939r9JHDg4jVpfz6cviR7ad7NcMQmQ3cgXEH', N'https://reports.blocktrace.app/R-2.pdf', N'Under Review', N'0x0952d42aa5c9f2d9c3900b73017a1e5b11be60068bade9de358b5e9197143e86', N'2026-03-23 03:00:00');
IF NOT EXISTS (SELECT 1 FROM [dbo].[ISSUE_REPORT] WHERE [issue_id] = N'ISSUE_0003')
    INSERT INTO [dbo].[ISSUE_REPORT] ([issue_id], [tokenId], [reporter_type], [reporter_id], [issue_type], [issue_description], [evidence_ipfs_cid], [inspection_report_url], [issue_status], [blockchain_tx_hash], [reported_at]) VALUES (N'ISSUE_0003', N'NFT_00067', N'Inspector', N'CUST_0013', N'Quality Violation', N'Giao trễ 2 ngày', N'Qmp2DwxhpQNn9PLrbAifH32tg9Yf6fN252mHpV7xC4ejzK', N'https://reports.blocktrace.app/R-3.pdf', N'Under Review', N'0xde6bd30e000d91710fd808f3b45e92a93eba61c68a8c22a85fc47b4705b1df05', N'2026-03-27 11:00:00');
IF NOT EXISTS (SELECT 1 FROM [dbo].[ISSUE_REPORT] WHERE [issue_id] = N'ISSUE_0004')
    INSERT INTO [dbo].[ISSUE_REPORT] ([issue_id], [tokenId], [reporter_type], [reporter_id], [issue_type], [issue_description], [evidence_ipfs_cid], [inspection_report_url], [issue_status], [blockchain_tx_hash], [reported_at]) VALUES (N'ISSUE_0004', N'NFT_00082', N'Inspector', N'CUST_0007', N'Late Delivery', N'Hàng bị dập nát', N'QmrSvccH9Zzk9REzjM2jQVUsWUs8XpDvSXfM6esnAvAARS', N'https://reports.blocktrace.app/R-4.pdf', N'Resolved', N'0xd89b76ff52e9e897935825776fd60de5b001be17ec5831d9f56c87ad460ac094', N'2026-03-26 08:00:00');
IF NOT EXISTS (SELECT 1 FROM [dbo].[ISSUE_REPORT] WHERE [issue_id] = N'ISSUE_0005')
    INSERT INTO [dbo].[ISSUE_REPORT] ([issue_id], [tokenId], [reporter_type], [reporter_id], [issue_type], [issue_description], [evidence_ipfs_cid], [inspection_report_url], [issue_status], [blockchain_tx_hash], [reported_at]) VALUES (N'ISSUE_0005', N'NFT_00084', N'Inspector', N'CUST_0006', N'Temperature Exceeded', N'Nhiệt độ bảo quản không đạt', N'QmMT3E19C8j9d4Wq3GayQeLzArQD7ZPt1xe28GBPi9haNU', N'https://reports.blocktrace.app/R-5.pdf', N'Resolved', N'0xafb5ebcc4ff56c706ec54f3516688d5d3b434b3f58626766452dc780893cac93', N'2026-04-12 09:00:00');
IF NOT EXISTS (SELECT 1 FROM [dbo].[ISSUE_REPORT] WHERE [issue_id] = N'ISSUE_0006')
    INSERT INTO [dbo].[ISSUE_REPORT] ([issue_id], [tokenId], [reporter_type], [reporter_id], [issue_type], [issue_description], [evidence_ipfs_cid], [inspection_report_url], [issue_status], [blockchain_tx_hash], [reported_at]) VALUES (N'ISSUE_0006', N'NFT_00014', N'Inspector', N'CUST_0009', N'Quality Violation', N'Giao trễ 2 ngày', N'Qmsjzhs22iJoMibXQAp3CAzcC3UEjuqbGnMdgFv48ZMMgg', N'https://reports.blocktrace.app/R-6.pdf', N'Resolved', N'0x0f02845e274aa337dc3cb12a94d62748d62a10533b54f4cfcda951ae55c370c2', N'2026-04-03 23:00:00');
IF NOT EXISTS (SELECT 1 FROM [dbo].[ISSUE_REPORT] WHERE [issue_id] = N'ISSUE_0007')
    INSERT INTO [dbo].[ISSUE_REPORT] ([issue_id], [tokenId], [reporter_type], [reporter_id], [issue_type], [issue_description], [evidence_ipfs_cid], [inspection_report_url], [issue_status], [blockchain_tx_hash], [reported_at]) VALUES (N'ISSUE_0007', N'NFT_00036', N'Customer', N'CUST_0018', N'Damaged Goods', N'Nhiệt độ bảo quản không đạt', N'QmTFF6qrfqNRisARtBRWXWnSAbwREcS2qvbxSV4LiipYv8', N'https://reports.blocktrace.app/R-7.pdf', N'Resolved', N'0xb63cff3cd88f45eaa05d65d22b147c7791b4044e8ba3e5e10a2f71a56a1a72ef', N'2026-04-01 05:00:00');
IF NOT EXISTS (SELECT 1 FROM [dbo].[ISSUE_REPORT] WHERE [issue_id] = N'ISSUE_0008')
    INSERT INTO [dbo].[ISSUE_REPORT] ([issue_id], [tokenId], [reporter_type], [reporter_id], [issue_type], [issue_description], [evidence_ipfs_cid], [inspection_report_url], [issue_status], [blockchain_tx_hash], [reported_at]) VALUES (N'ISSUE_0008', N'NFT_00066', N'Customer', N'CUST_0015', N'Late Delivery', N'Giao trễ 2 ngày', N'QmWq9ckjVpA6YQunSgSVmMZgVSHrjq5s4G3oB8ekXZZ2Dw', N'https://reports.blocktrace.app/R-8.pdf', N'Resolved', N'0x5098763c49b36ba41b2c81138220c13614218853083bea8ba3d39a1f7360b947', N'2026-04-05 00:00:00');
IF NOT EXISTS (SELECT 1 FROM [dbo].[ISSUE_REPORT] WHERE [issue_id] = N'ISSUE_0009')
    INSERT INTO [dbo].[ISSUE_REPORT] ([issue_id], [tokenId], [reporter_type], [reporter_id], [issue_type], [issue_description], [evidence_ipfs_cid], [inspection_report_url], [issue_status], [blockchain_tx_hash], [reported_at]) VALUES (N'ISSUE_0009', N'NFT_00083', N'Retailer', N'CUST_0006', N'Damaged Goods', N'Hàng bị dập nát', N'Qm28FinyuTSGNoofqKBTX57nkdoJGNc9PLpbTVESg7kWR9', N'https://reports.blocktrace.app/R-9.pdf', N'Under Review', N'0x351bc6c8f5773d8bd0b3abfaf4ce26b0f1c614a1281686e67d66f687068f043a', N'2026-03-29 22:00:00');
IF NOT EXISTS (SELECT 1 FROM [dbo].[ISSUE_REPORT] WHERE [issue_id] = N'ISSUE_0010')
    INSERT INTO [dbo].[ISSUE_REPORT] ([issue_id], [tokenId], [reporter_type], [reporter_id], [issue_type], [issue_description], [evidence_ipfs_cid], [inspection_report_url], [issue_status], [blockchain_tx_hash], [reported_at]) VALUES (N'ISSUE_0010', N'NFT_00028', N'Inspector', N'CUST_0008', N'Temperature Exceeded', N'Giao trễ 2 ngày', N'Qmh5Lyk9xzbfAwPbH3GNw96YAWH8C67hmwerUgXjqXFata', N'https://reports.blocktrace.app/R-10.pdf', N'Under Review', N'0x902d114dcf5b881ff67aafb63f319f55dbc1993e81d3dbae08fb13d7673a26cb', N'2026-04-12 18:00:00');
IF NOT EXISTS (SELECT 1 FROM [dbo].[ISSUE_REPORT] WHERE [issue_id] = N'ISSUE_0011')
    INSERT INTO [dbo].[ISSUE_REPORT] ([issue_id], [tokenId], [reporter_type], [reporter_id], [issue_type], [issue_description], [evidence_ipfs_cid], [inspection_report_url], [issue_status], [blockchain_tx_hash], [reported_at]) VALUES (N'ISSUE_0011', N'NFT_00062', N'Retailer', N'CUST_0004', N'Late Delivery', N'Hàng bị dập nát', N'QmUrLak3gqFgbkNnWLRysgvYq9rzDd9KxLSGqhBZsdquqq', N'https://reports.blocktrace.app/R-11.pdf', N'Under Review', N'0xee1b23c1839513c435303ec98bc9a6a5c824b8b9217c3ac161e39360b1abfb22', N'2026-03-25 04:00:00');
IF NOT EXISTS (SELECT 1 FROM [dbo].[ISSUE_REPORT] WHERE [issue_id] = N'ISSUE_0012')
    INSERT INTO [dbo].[ISSUE_REPORT] ([issue_id], [tokenId], [reporter_type], [reporter_id], [issue_type], [issue_description], [evidence_ipfs_cid], [inspection_report_url], [issue_status], [blockchain_tx_hash], [reported_at]) VALUES (N'ISSUE_0012', N'NFT_00040', N'Customer', N'CUST_0006', N'Quality Violation', N'Hàng bị dập nát', N'QmgXnip4gFjSJ1t6nHAmZrAz2hFqNhJQhw7jR4Lz1oHJMd', N'https://reports.blocktrace.app/R-12.pdf', N'Resolved', N'0xbe75d2dfa98d61ec036929f0f3669e622536911dc3adcc44a2062b43ca83335f', N'2026-04-11 17:00:00');
IF NOT EXISTS (SELECT 1 FROM [dbo].[ISSUE_REPORT] WHERE [issue_id] = N'ISSUE_0013')
    INSERT INTO [dbo].[ISSUE_REPORT] ([issue_id], [tokenId], [reporter_type], [reporter_id], [issue_type], [issue_description], [evidence_ipfs_cid], [inspection_report_url], [issue_status], [blockchain_tx_hash], [reported_at]) VALUES (N'ISSUE_0013', N'NFT_00059', N'Inspector', N'CUST_0017', N'Temperature Exceeded', N'Nhiệt độ bảo quản không đạt', N'QmuF3SopBFZPc8L2GLqaMyrdwozcsvqsFRusRKK6rQ3ToX', N'https://reports.blocktrace.app/R-13.pdf', N'Open', N'0x09948f344baa86789761bd0dd914710cc4fbf16d6b0588fa6a4ea3bf5ef95ef4', N'2026-04-08 08:00:00');
IF NOT EXISTS (SELECT 1 FROM [dbo].[ISSUE_REPORT] WHERE [issue_id] = N'ISSUE_0014')
    INSERT INTO [dbo].[ISSUE_REPORT] ([issue_id], [tokenId], [reporter_type], [reporter_id], [issue_type], [issue_description], [evidence_ipfs_cid], [inspection_report_url], [issue_status], [blockchain_tx_hash], [reported_at]) VALUES (N'ISSUE_0014', N'NFT_00041', N'Customer', N'CUST_0011', N'Temperature Exceeded', N'Nhiệt độ bảo quản không đạt', N'QmraxVK8iuuoSUhbuo8xqLygEKhVkksJz5QkXHFkrsfCWD', N'https://reports.blocktrace.app/R-14.pdf', N'Resolved', N'0xd01c7991ca04ed2db78c0352fb344a489bb38a23767de73174576ae6f7509ee9', N'2026-04-10 09:00:00');
IF NOT EXISTS (SELECT 1 FROM [dbo].[ISSUE_REPORT] WHERE [issue_id] = N'ISSUE_0015')
    INSERT INTO [dbo].[ISSUE_REPORT] ([issue_id], [tokenId], [reporter_type], [reporter_id], [issue_type], [issue_description], [evidence_ipfs_cid], [inspection_report_url], [issue_status], [blockchain_tx_hash], [reported_at]) VALUES (N'ISSUE_0015', N'NFT_00046', N'Retailer', N'CUST_0009', N'Temperature Exceeded', N'Mùi vị không đúng', N'Qmcgewqi9MCknssxnUUZHG9xUU5bMJ5kmeDd42iaH2QQj9', N'https://reports.blocktrace.app/R-15.pdf', N'Resolved', N'0x443fca63fed26faea0f40fb1bd9c561b99bdf11e8b7e61b761aa8a4796ac6eb0', N'2026-04-03 11:00:00');
IF NOT EXISTS (SELECT 1 FROM [dbo].[ISSUE_REPORT] WHERE [issue_id] = N'ISSUE_0016')
    INSERT INTO [dbo].[ISSUE_REPORT] ([issue_id], [tokenId], [reporter_type], [reporter_id], [issue_type], [issue_description], [evidence_ipfs_cid], [inspection_report_url], [issue_status], [blockchain_tx_hash], [reported_at]) VALUES (N'ISSUE_0016', N'NFT_00065', N'Retailer', N'CUST_0005', N'Quality Violation', N'Nhiệt độ bảo quản không đạt', N'QmLbNXcHAEEjaBRH2HUFYBAFMD6P2VTFZqFjWATsq1KG6v', N'https://reports.blocktrace.app/R-16.pdf', N'Resolved', N'0xd2bc7351eac64d743fe1a0554f65d5fec52185ec094ec12ff5cdf17c28f138f1', N'2026-04-11 18:00:00');
IF NOT EXISTS (SELECT 1 FROM [dbo].[ISSUE_REPORT] WHERE [issue_id] = N'ISSUE_0017')
    INSERT INTO [dbo].[ISSUE_REPORT] ([issue_id], [tokenId], [reporter_type], [reporter_id], [issue_type], [issue_description], [evidence_ipfs_cid], [inspection_report_url], [issue_status], [blockchain_tx_hash], [reported_at]) VALUES (N'ISSUE_0017', N'NFT_00007', N'Inspector', N'CUST_0002', N'Damaged Goods', N'Giao trễ 2 ngày', N'Qmx4FPGhyBv6cNTqyrqj64KUC66i6FLeNrxK34J1S6itct', N'https://reports.blocktrace.app/R-17.pdf', N'Under Review', N'0x58a57bb3c5e18f9169e426aeec0febf690eedba24c18682aa7e6a69cf0349e10', N'2026-03-28 15:00:00');
IF NOT EXISTS (SELECT 1 FROM [dbo].[ISSUE_REPORT] WHERE [issue_id] = N'ISSUE_0018')
    INSERT INTO [dbo].[ISSUE_REPORT] ([issue_id], [tokenId], [reporter_type], [reporter_id], [issue_type], [issue_description], [evidence_ipfs_cid], [inspection_report_url], [issue_status], [blockchain_tx_hash], [reported_at]) VALUES (N'ISSUE_0018', N'NFT_00026', N'Retailer', N'CUST_0019', N'Late Delivery', N'Giao trễ 2 ngày', N'QmfdvwM88d3C93eTrZcjFCT8c6LupLzto2vuwQo3ZBwB1n', N'https://reports.blocktrace.app/R-18.pdf', N'Under Review', N'0xe4f6ff09418b86f40e5d628788b66ff933a0ae29efcd804d4ce190831b4f9f53', N'2026-03-29 19:00:00');
IF NOT EXISTS (SELECT 1 FROM [dbo].[ISSUE_REPORT] WHERE [issue_id] = N'ISSUE_0019')
    INSERT INTO [dbo].[ISSUE_REPORT] ([issue_id], [tokenId], [reporter_type], [reporter_id], [issue_type], [issue_description], [evidence_ipfs_cid], [inspection_report_url], [issue_status], [blockchain_tx_hash], [reported_at]) VALUES (N'ISSUE_0019', N'NFT_00006', N'Customer', N'CUST_0019', N'Quality Violation', N'Mùi vị không đúng', N'Qm5i8TZ3MJ8EM6jUepLDfP1ZsmQdkRoPfbAmwYBtXAY1mX', N'https://reports.blocktrace.app/R-19.pdf', N'Open', N'0x3368584f6ea89658744595153f55c5aeb7874f1af6ee651b19743955cc6e9793', N'2026-03-29 09:00:00');
IF NOT EXISTS (SELECT 1 FROM [dbo].[ISSUE_REPORT] WHERE [issue_id] = N'ISSUE_0020')
    INSERT INTO [dbo].[ISSUE_REPORT] ([issue_id], [tokenId], [reporter_type], [reporter_id], [issue_type], [issue_description], [evidence_ipfs_cid], [inspection_report_url], [issue_status], [blockchain_tx_hash], [reported_at]) VALUES (N'ISSUE_0020', N'NFT_00080', N'Inspector', N'CUST_0001', N'Damaged Goods', N'Giao trễ 2 ngày', N'QmMWBqPC3kKUeBH8HYkJfAPZZXFe35dW21CuZ5rsSFoXQk', N'https://reports.blocktrace.app/R-20.pdf', N'Open', N'0xe54e59e0e74bfa22ab6bc91928f6be28b21e55ecd3307552e66396a4b08c075a', N'2026-04-05 00:00:00');
IF NOT EXISTS (SELECT 1 FROM [dbo].[ISSUE_REPORT] WHERE [issue_id] = N'ISSUE_0021')
    INSERT INTO [dbo].[ISSUE_REPORT] ([issue_id], [tokenId], [reporter_type], [reporter_id], [issue_type], [issue_description], [evidence_ipfs_cid], [inspection_report_url], [issue_status], [blockchain_tx_hash], [reported_at]) VALUES (N'ISSUE_0021', N'NFT_00002', N'Inspector', N'CUST_0019', N'Damaged Goods', N'Hàng bị dập nát', N'QmTN4agJocAC6vcBmmXefUSSNKuUMJceieJzSUVLQZxjqG', N'https://reports.blocktrace.app/R-21.pdf', N'Resolved', N'0xd06f3d557100154734f31e48255f5434fa465a79532558da9f5b47e160cec4ac', N'2026-04-02 23:00:00');
IF NOT EXISTS (SELECT 1 FROM [dbo].[ISSUE_REPORT] WHERE [issue_id] = N'ISSUE_0022')
    INSERT INTO [dbo].[ISSUE_REPORT] ([issue_id], [tokenId], [reporter_type], [reporter_id], [issue_type], [issue_description], [evidence_ipfs_cid], [inspection_report_url], [issue_status], [blockchain_tx_hash], [reported_at]) VALUES (N'ISSUE_0022', N'NFT_00095', N'Retailer', N'CUST_0006', N'Late Delivery', N'Giao trễ 2 ngày', N'QmkfxJ126Qbyd6jVbiohy8MKL3iVHiQ82cP2Tc2rkS3Pae', N'https://reports.blocktrace.app/R-22.pdf', N'Resolved', N'0x08b2851e2b5c38c97a536f5a5867728413cdc9139e47496de5bb6cef4f3cfaae', N'2026-04-11 21:00:00');
IF NOT EXISTS (SELECT 1 FROM [dbo].[ISSUE_REPORT] WHERE [issue_id] = N'ISSUE_0023')
    INSERT INTO [dbo].[ISSUE_REPORT] ([issue_id], [tokenId], [reporter_type], [reporter_id], [issue_type], [issue_description], [evidence_ipfs_cid], [inspection_report_url], [issue_status], [blockchain_tx_hash], [reported_at]) VALUES (N'ISSUE_0023', N'NFT_00052', N'Inspector', N'CUST_0008', N'Quality Violation', N'Nhiệt độ bảo quản không đạt', N'QmqZ9pWyLxfEjowio9WmPw7ofxoAGfKANvanYo9LcJymTG', N'https://reports.blocktrace.app/R-23.pdf', N'Resolved', N'0x4eb2a5418cbacb16780508a8b3db8c8edf4a2f4835fe178e007ce77b06a6f372', N'2026-04-08 06:00:00');
IF NOT EXISTS (SELECT 1 FROM [dbo].[ISSUE_REPORT] WHERE [issue_id] = N'ISSUE_0024')
    INSERT INTO [dbo].[ISSUE_REPORT] ([issue_id], [tokenId], [reporter_type], [reporter_id], [issue_type], [issue_description], [evidence_ipfs_cid], [inspection_report_url], [issue_status], [blockchain_tx_hash], [reported_at]) VALUES (N'ISSUE_0024', N'NFT_00098', N'Inspector', N'CUST_0012', N'Damaged Goods', N'Nhiệt độ bảo quản không đạt', N'QmRVqdB69HXWZf6Pa3tfPJLQcU7cQKukc2nFo2ZiV1JLf7', N'https://reports.blocktrace.app/R-24.pdf', N'Resolved', N'0x708b593f26f72fe13ebc52c219e0b7c82d93f8cd3da053cd7549cb1eb4ec2839', N'2026-04-11 22:00:00');
IF NOT EXISTS (SELECT 1 FROM [dbo].[ISSUE_REPORT] WHERE [issue_id] = N'ISSUE_0025')
    INSERT INTO [dbo].[ISSUE_REPORT] ([issue_id], [tokenId], [reporter_type], [reporter_id], [issue_type], [issue_description], [evidence_ipfs_cid], [inspection_report_url], [issue_status], [blockchain_tx_hash], [reported_at]) VALUES (N'ISSUE_0025', N'NFT_00087', N'Retailer', N'CUST_0017', N'Temperature Exceeded', N'Hàng bị dập nát', N'QmwLkb6v5V22QT4a5FwPLxFomdbDSZ7ZmQTfr1HJwfibig', N'https://reports.blocktrace.app/R-25.pdf', N'Resolved', N'0xdda733296db5c7ff5c44804d7cd8f6dd209de59ec6117f7474b678c26945fac9', N'2026-04-05 22:00:00');
IF NOT EXISTS (SELECT 1 FROM [dbo].[ISSUE_REPORT] WHERE [issue_id] = N'ISSUE_0026')
    INSERT INTO [dbo].[ISSUE_REPORT] ([issue_id], [tokenId], [reporter_type], [reporter_id], [issue_type], [issue_description], [evidence_ipfs_cid], [inspection_report_url], [issue_status], [blockchain_tx_hash], [reported_at]) VALUES (N'ISSUE_0026', N'NFT_00049', N'Inspector', N'CUST_0017', N'Quality Violation', N'Nhiệt độ bảo quản không đạt', N'QmXMRqNbbvxiQD8QY2mSSTbUkCZp9DUBkmSf5wmz8ZRBnQ', N'https://reports.blocktrace.app/R-26.pdf', N'Resolved', N'0xe423f3c393406b0df9fba09a37e524257d06f4e847f319ccc45fe8037c42508f', N'2026-03-27 03:00:00');
IF NOT EXISTS (SELECT 1 FROM [dbo].[ISSUE_REPORT] WHERE [issue_id] = N'ISSUE_0027')
    INSERT INTO [dbo].[ISSUE_REPORT] ([issue_id], [tokenId], [reporter_type], [reporter_id], [issue_type], [issue_description], [evidence_ipfs_cid], [inspection_report_url], [issue_status], [blockchain_tx_hash], [reported_at]) VALUES (N'ISSUE_0027', N'NFT_00037', N'Retailer', N'CUST_0018', N'Temperature Exceeded', N'Nhiệt độ bảo quản không đạt', N'Qm2BEb88tv2udiKQRDba8pZnAtVphFAJNQa7vaJ71CBZ11', N'https://reports.blocktrace.app/R-27.pdf', N'Under Review', N'0x1084a20aba0b74f1472d1d46d5bc56a74d3b08c48f30f87eb38a6cd5f2274a5b', N'2026-04-06 08:00:00');
IF NOT EXISTS (SELECT 1 FROM [dbo].[ISSUE_REPORT] WHERE [issue_id] = N'ISSUE_0028')
    INSERT INTO [dbo].[ISSUE_REPORT] ([issue_id], [tokenId], [reporter_type], [reporter_id], [issue_type], [issue_description], [evidence_ipfs_cid], [inspection_report_url], [issue_status], [blockchain_tx_hash], [reported_at]) VALUES (N'ISSUE_0028', N'NFT_00058', N'Inspector', N'CUST_0015', N'Damaged Goods', N'Hàng bị dập nát', N'QmNiZVyyf28587ZYi8E9ZqqarkaWb6Ywuvp5qoe5byuUqT', N'https://reports.blocktrace.app/R-28.pdf', N'Resolved', N'0xdffe4cd922988b2affeb3e6c7e434a54e82f6756b4edad99c3eaa27dfab901b7', N'2026-03-29 19:00:00');
IF NOT EXISTS (SELECT 1 FROM [dbo].[ISSUE_REPORT] WHERE [issue_id] = N'ISSUE_0029')
    INSERT INTO [dbo].[ISSUE_REPORT] ([issue_id], [tokenId], [reporter_type], [reporter_id], [issue_type], [issue_description], [evidence_ipfs_cid], [inspection_report_url], [issue_status], [blockchain_tx_hash], [reported_at]) VALUES (N'ISSUE_0029', N'NFT_00015', N'Retailer', N'CUST_0014', N'Late Delivery', N'Mùi vị không đúng', N'QmsQhyq8G92Qb4miGqyug9Fw7TpPuGxLansdX8cDyczGoA', N'https://reports.blocktrace.app/R-29.pdf', N'Resolved', N'0x83ccc9ae77ef39c2c24b3503900f0471d4283b54fb4a199bbb75df33fa6053c9', N'2026-04-02 17:00:00');
IF NOT EXISTS (SELECT 1 FROM [dbo].[ISSUE_REPORT] WHERE [issue_id] = N'ISSUE_0030')
    INSERT INTO [dbo].[ISSUE_REPORT] ([issue_id], [tokenId], [reporter_type], [reporter_id], [issue_type], [issue_description], [evidence_ipfs_cid], [inspection_report_url], [issue_status], [blockchain_tx_hash], [reported_at]) VALUES (N'ISSUE_0030', N'NFT_00063', N'Customer', N'CUST_0012', N'Late Delivery', N'Nhiệt độ bảo quản không đạt', N'QmZDTFoWtFwELdqDBEJr9kw2aNiT4E3vQ8pKpV6wKr4byd', N'https://reports.blocktrace.app/R-30.pdf', N'Resolved', N'0x02edaf6192dd23c0789ddbee5bb4fef9d1bd571e63fa243d6b2dadaeb32d0610', N'2026-04-06 14:00:00');

-- RESOLUTION
IF NOT EXISTS (SELECT 1 FROM [dbo].[RESOLUTION] WHERE [resolution_id] = N'RES_0001')
    INSERT INTO [dbo].[RESOLUTION] ([resolution_id], [issue_id], [resolution_type], [resolved_by], [resolution_description], [settlement_doc_url], [financial_impact], [refund_amount], [recall_batch], [blockchain_tx_hash], [resolved_at]) VALUES (N'RES_0001', N'ISSUE_0004', N'Refund', N'RESOLVER_SYSTEM_ADMIN', N'Refund 100%', N'QmKZPofRSsJghRuWkb75HkjrjbVWW6b3otfPFXQWij6pMR', N'Insurance', 118.3, 0, N'0xaa6fc82780fb20a8af4233608bb08067ec9f5a5486e479f6865d571650acd34e', N'2026-03-29 08:00:00');
IF NOT EXISTS (SELECT 1 FROM [dbo].[RESOLUTION] WHERE [resolution_id] = N'RES_0002')
    INSERT INTO [dbo].[RESOLUTION] ([resolution_id], [issue_id], [resolution_type], [resolved_by], [resolution_description], [settlement_doc_url], [financial_impact], [refund_amount], [recall_batch], [blockchain_tx_hash], [resolved_at]) VALUES (N'RES_0002', N'ISSUE_0005', N'Refund', N'RESOLVER_SYSTEM_ADMIN', N'Carrier compensated 50%', N'Qm3dSb9i8XxRkDmhUFg6VZ7nq7HU9r9f9NpL24Lb2zifaY', N'Producer pays', 327.21, 0, N'0x67874133c48c001324ef7f479f6f6687319622ca0232e45b7df215904ed2de01', N'2026-04-15 09:00:00');
IF NOT EXISTS (SELECT 1 FROM [dbo].[RESOLUTION] WHERE [resolution_id] = N'RES_0003')
    INSERT INTO [dbo].[RESOLUTION] ([resolution_id], [issue_id], [resolution_type], [resolved_by], [resolution_description], [settlement_doc_url], [financial_impact], [refund_amount], [recall_batch], [blockchain_tx_hash], [resolved_at]) VALUES (N'RES_0003', N'ISSUE_0006', N'Replacement', N'RESOLVER_SYSTEM_ADMIN', N'Sent replacement', N'Qm3Y7BaVZmVcaPC59PKYprJA9oGZFYPjFTTJ3wqsu29gdp', N'Carrier pays', 415.19, 1, N'0xa6607c18d119c25ffa2478a31044311ff810feb351da4786940f61a88134cc65', N'2026-04-06 23:00:00');
IF NOT EXISTS (SELECT 1 FROM [dbo].[RESOLUTION] WHERE [resolution_id] = N'RES_0004')
    INSERT INTO [dbo].[RESOLUTION] ([resolution_id], [issue_id], [resolution_type], [resolved_by], [resolution_description], [settlement_doc_url], [financial_impact], [refund_amount], [recall_batch], [blockchain_tx_hash], [resolved_at]) VALUES (N'RES_0004', N'ISSUE_0007', N'Refund', N'RESOLVER_SYSTEM_ADMIN', N'Refund 100%', N'QmTfUG4j2DzTFdcyTcEciPyc6pQJ1PERoMwhZMvQ6q5zbe', N'Carrier pays', 262.8, 1, N'0x230e0448748cad9887e3c00ec017fda5e9cde71e11b60092141f5d643a8abfe5', N'2026-04-04 05:00:00');
IF NOT EXISTS (SELECT 1 FROM [dbo].[RESOLUTION] WHERE [resolution_id] = N'RES_0005')
    INSERT INTO [dbo].[RESOLUTION] ([resolution_id], [issue_id], [resolution_type], [resolved_by], [resolution_description], [settlement_doc_url], [financial_impact], [refund_amount], [recall_batch], [blockchain_tx_hash], [resolved_at]) VALUES (N'RES_0005', N'ISSUE_0008', N'Refund', N'RESOLVER_SYSTEM_ADMIN', N'Refund 100%', N'QmZ7n2DEF1w4coaPQMiixceT7Txsmh9Wi9vnpprNLfq9Up', N'Insurance', 281.29, 1, N'0x41e39ce797005a73591b656c83ec66d890faa57d3b42bfbf6bf52da592f0acc1', N'2026-04-08 00:00:00');
IF NOT EXISTS (SELECT 1 FROM [dbo].[RESOLUTION] WHERE [resolution_id] = N'RES_0006')
    INSERT INTO [dbo].[RESOLUTION] ([resolution_id], [issue_id], [resolution_type], [resolved_by], [resolution_description], [settlement_doc_url], [financial_impact], [refund_amount], [recall_batch], [blockchain_tx_hash], [resolved_at]) VALUES (N'RES_0006', N'ISSUE_0012', N'Compensation', N'RESOLVER_SYSTEM_ADMIN', N'Refund 100%', N'Qm5K55aCFFmdW96E3jWeCrfNa3gxuprUCw5GG8gwUddQuN', N'Carrier pays', 389.86, 1, N'0x921f8e031b6471af30341a963e91d6033919325c8ea6716974d9d2229c4a4fcb', N'2026-04-14 17:00:00');
IF NOT EXISTS (SELECT 1 FROM [dbo].[RESOLUTION] WHERE [resolution_id] = N'RES_0007')
    INSERT INTO [dbo].[RESOLUTION] ([resolution_id], [issue_id], [resolution_type], [resolved_by], [resolution_description], [settlement_doc_url], [financial_impact], [refund_amount], [recall_batch], [blockchain_tx_hash], [resolved_at]) VALUES (N'RES_0007', N'ISSUE_0014', N'Replacement', N'RESOLVER_SYSTEM_ADMIN', N'Carrier compensated 50%', N'QmjS7y7JyDR2i2ZUqKMgn4ePtnXv4vag1jxxU7BjQjDCW5', N'Producer pays', 170.08, 0, N'0x5997cbfc3dfd559a2b411aff73825f76158b23c85f0fb924a27fd21ea8327bfc', N'2026-04-13 09:00:00');
IF NOT EXISTS (SELECT 1 FROM [dbo].[RESOLUTION] WHERE [resolution_id] = N'RES_0008')
    INSERT INTO [dbo].[RESOLUTION] ([resolution_id], [issue_id], [resolution_type], [resolved_by], [resolution_description], [settlement_doc_url], [financial_impact], [refund_amount], [recall_batch], [blockchain_tx_hash], [resolved_at]) VALUES (N'RES_0008', N'ISSUE_0015', N'Replacement', N'RESOLVER_SYSTEM_ADMIN', N'Carrier compensated 50%', N'QmMBU1crY8Uq5gAcRtdKAjKLg2xt27JYF8RBh1Rz8E3kX1', N'Producer pays', 367.87, 1, N'0xea37c9fc2f09db36e668b43d444f6647084b81b162fd20215509c9f6bc1db5bb', N'2026-04-06 11:00:00');
IF NOT EXISTS (SELECT 1 FROM [dbo].[RESOLUTION] WHERE [resolution_id] = N'RES_0009')
    INSERT INTO [dbo].[RESOLUTION] ([resolution_id], [issue_id], [resolution_type], [resolved_by], [resolution_description], [settlement_doc_url], [financial_impact], [refund_amount], [recall_batch], [blockchain_tx_hash], [resolved_at]) VALUES (N'RES_0009', N'ISSUE_0016', N'Refund', N'RESOLVER_SYSTEM_ADMIN', N'Carrier compensated 50%', N'QmoZ3WYzedEvjxrJzBLsCNm6vnpKgqThZB35SX2EFxoXo1', N'Insurance', 288.36, 0, N'0x1edd29e5bfca5e0b56579d1379804562d5d1f09e587fc15e21368c0e37a1aae9', N'2026-04-14 18:00:00');
IF NOT EXISTS (SELECT 1 FROM [dbo].[RESOLUTION] WHERE [resolution_id] = N'RES_0010')
    INSERT INTO [dbo].[RESOLUTION] ([resolution_id], [issue_id], [resolution_type], [resolved_by], [resolution_description], [settlement_doc_url], [financial_impact], [refund_amount], [recall_batch], [blockchain_tx_hash], [resolved_at]) VALUES (N'RES_0010', N'ISSUE_0021', N'Compensation', N'RESOLVER_SYSTEM_ADMIN', N'Refund 100%', N'Qm1zVP77FqcearbUdvhwurDXVYXMqWjxZcQeYmnyUh3uZe', N'Carrier pays', 194.88, 0, N'0x9fdfa447ead41f79db2ae43cdf16eb39e395ab90cb968583a5ac174dfa7f3fa1', N'2026-04-05 23:00:00');
IF NOT EXISTS (SELECT 1 FROM [dbo].[RESOLUTION] WHERE [resolution_id] = N'RES_0011')
    INSERT INTO [dbo].[RESOLUTION] ([resolution_id], [issue_id], [resolution_type], [resolved_by], [resolution_description], [settlement_doc_url], [financial_impact], [refund_amount], [recall_batch], [blockchain_tx_hash], [resolved_at]) VALUES (N'RES_0011', N'ISSUE_0022', N'Compensation', N'RESOLVER_SYSTEM_ADMIN', N'Sent replacement', N'QmUPtgrK2dVYPACiWHEBac8Zg3B6z9poKAEhioHTGhByFU', N'Producer pays', 216.81, 0, N'0xe9b557fe20143f4e5476c19e9f2ac060b12de83b06485ae55f90f3507c9ae3a7', N'2026-04-14 21:00:00');
IF NOT EXISTS (SELECT 1 FROM [dbo].[RESOLUTION] WHERE [resolution_id] = N'RES_0012')
    INSERT INTO [dbo].[RESOLUTION] ([resolution_id], [issue_id], [resolution_type], [resolved_by], [resolution_description], [settlement_doc_url], [financial_impact], [refund_amount], [recall_batch], [blockchain_tx_hash], [resolved_at]) VALUES (N'RES_0012', N'ISSUE_0023', N'Refund', N'RESOLVER_SYSTEM_ADMIN', N'Carrier compensated 50%', N'Qmi4gQ2BkFZizqwRv2wB4SxgQTcSwTv4L73DrFcTbtuPjY', N'Producer pays', 374.35, 1, N'0x9adb2ec91d372e008e8a74704878ecee032adb01f69046685b46d6b06d42aef2', N'2026-04-11 06:00:00');
IF NOT EXISTS (SELECT 1 FROM [dbo].[RESOLUTION] WHERE [resolution_id] = N'RES_0013')
    INSERT INTO [dbo].[RESOLUTION] ([resolution_id], [issue_id], [resolution_type], [resolved_by], [resolution_description], [settlement_doc_url], [financial_impact], [refund_amount], [recall_batch], [blockchain_tx_hash], [resolved_at]) VALUES (N'RES_0013', N'ISSUE_0024', N'Replacement', N'RESOLVER_SYSTEM_ADMIN', N'Refund 100%', N'QmTUFVuGSphGKUm4S9cWTvY9Xo8o9QiikFS1CVew2PiY1C', N'Insurance', 435.73, 0, N'0x6ff95178eecf2a35a160919a880b7bca7e5071f7443f9b972e6a510de07d7b02', N'2026-04-14 22:00:00');
IF NOT EXISTS (SELECT 1 FROM [dbo].[RESOLUTION] WHERE [resolution_id] = N'RES_0014')
    INSERT INTO [dbo].[RESOLUTION] ([resolution_id], [issue_id], [resolution_type], [resolved_by], [resolution_description], [settlement_doc_url], [financial_impact], [refund_amount], [recall_batch], [blockchain_tx_hash], [resolved_at]) VALUES (N'RES_0014', N'ISSUE_0025', N'Replacement', N'RESOLVER_SYSTEM_ADMIN', N'Refund 100%', N'Qm9fZAmdhc21gctNdbGThfwesRbkTJqA9fgmFe45HMiS3o', N'Insurance', 440.31, 1, N'0xef3efcdcc69c961a6ed571c4ac89684900fc82ba7409834c5fb1e1fe8cdf4ae9', N'2026-04-08 22:00:00');
IF NOT EXISTS (SELECT 1 FROM [dbo].[RESOLUTION] WHERE [resolution_id] = N'RES_0015')
    INSERT INTO [dbo].[RESOLUTION] ([resolution_id], [issue_id], [resolution_type], [resolved_by], [resolution_description], [settlement_doc_url], [financial_impact], [refund_amount], [recall_batch], [blockchain_tx_hash], [resolved_at]) VALUES (N'RES_0015', N'ISSUE_0026', N'Compensation', N'RESOLVER_SYSTEM_ADMIN', N'Carrier compensated 50%', N'QmKDAFpQWDpThehr1mt9rGMyVw1rJppWtVnsi94mHyFjHJ', N'Producer pays', 217.87, 1, N'0xef7847c2412504c9e6dd98a7f8f548ecf30ee2eff6e05927a1b36391dd8c73ba', N'2026-03-30 03:00:00');
IF NOT EXISTS (SELECT 1 FROM [dbo].[RESOLUTION] WHERE [resolution_id] = N'RES_0016')
    INSERT INTO [dbo].[RESOLUTION] ([resolution_id], [issue_id], [resolution_type], [resolved_by], [resolution_description], [settlement_doc_url], [financial_impact], [refund_amount], [recall_batch], [blockchain_tx_hash], [resolved_at]) VALUES (N'RES_0016', N'ISSUE_0028', N'Replacement', N'RESOLVER_SYSTEM_ADMIN', N'Refund 100%', N'Qmv5MZQhhEtyp2RcXsy63hTvE4qxBtekVYdAJsMB4o85Y1', N'Insurance', 438.97, 0, N'0x8ce65e5d5636b480a88512ab69e5f49b848efdf7023ad298e1bd320df8f27d76', N'2026-04-01 19:00:00');
IF NOT EXISTS (SELECT 1 FROM [dbo].[RESOLUTION] WHERE [resolution_id] = N'RES_0017')
    INSERT INTO [dbo].[RESOLUTION] ([resolution_id], [issue_id], [resolution_type], [resolved_by], [resolution_description], [settlement_doc_url], [financial_impact], [refund_amount], [recall_batch], [blockchain_tx_hash], [resolved_at]) VALUES (N'RES_0017', N'ISSUE_0029', N'Replacement', N'RESOLVER_SYSTEM_ADMIN', N'Carrier compensated 50%', N'QmhnB9TN2F1zVZqS5kQfEDdMskxhULRCerrTem4LLMaDwn', N'Producer pays', 398.19, 1, N'0x25e7e424cf55e8bb397e7016f8f59ad6a36cd60f4aeb6b3b91b4957b0a62a45d', N'2026-04-05 17:00:00');
IF NOT EXISTS (SELECT 1 FROM [dbo].[RESOLUTION] WHERE [resolution_id] = N'RES_0018')
    INSERT INTO [dbo].[RESOLUTION] ([resolution_id], [issue_id], [resolution_type], [resolved_by], [resolution_description], [settlement_doc_url], [financial_impact], [refund_amount], [recall_batch], [blockchain_tx_hash], [resolved_at]) VALUES (N'RES_0018', N'ISSUE_0030', N'Compensation', N'RESOLVER_SYSTEM_ADMIN', N'Sent replacement', N'QmxR2QdbC5w3rFWhEwVsNYFRdKtm5Y17pCHoKT8fVWTzvN', N'Carrier pays', 364.02, 0, N'0x7ea4f559f05e3a2b118ef413525ba5c07a8f2c65d9b1d5442c0c2ace70b840d5', N'2026-04-09 14:00:00');

-- QUERY_HISTORY
IF NOT EXISTS (SELECT 1 FROM [dbo].[QUERY_HISTORY] WHERE [query_id] = N'QRY_0001')
    INSERT INTO [dbo].[QUERY_HISTORY] ([query_id], [tokenId], [queried_by_type], [queried_by_id], [metadata_hash_verified], [integrity_check], [queried_at]) VALUES (N'QRY_0001', N'NFT_00086', N'Retailer', N'USER_1882', N'0xaf81adbc5ecfffc96c067094edf69d2c3701a8007e4063330c5874bb89a35bd7', 1, N'2026-04-01 03:00:00');
IF NOT EXISTS (SELECT 1 FROM [dbo].[QUERY_HISTORY] WHERE [query_id] = N'QRY_0002')
    INSERT INTO [dbo].[QUERY_HISTORY] ([query_id], [tokenId], [queried_by_type], [queried_by_id], [metadata_hash_verified], [integrity_check], [queried_at]) VALUES (N'QRY_0002', N'NFT_00018', N'Auditor', N'USER_5921', N'0x2d58ba8545d3cefcfe82c68e8769a230434546c8bf4671037527615481c4178b', 0, N'2026-04-02 06:00:00');
IF NOT EXISTS (SELECT 1 FROM [dbo].[QUERY_HISTORY] WHERE [query_id] = N'QRY_0003')
    INSERT INTO [dbo].[QUERY_HISTORY] ([query_id], [tokenId], [queried_by_type], [queried_by_id], [metadata_hash_verified], [integrity_check], [queried_at]) VALUES (N'QRY_0003', N'NFT_00094', N'Retailer', N'USER_2133', N'0xbbe1814ede182b055a654b8384dcd37fc3eaa5fd5660fd1fa27238c7421df7d3', 1, N'2026-04-03 20:00:00');
IF NOT EXISTS (SELECT 1 FROM [dbo].[QUERY_HISTORY] WHERE [query_id] = N'QRY_0004')
    INSERT INTO [dbo].[QUERY_HISTORY] ([query_id], [tokenId], [queried_by_type], [queried_by_id], [metadata_hash_verified], [integrity_check], [queried_at]) VALUES (N'QRY_0004', N'NFT_00079', N'Consumer', N'USER_8934', N'0xc35c09da0c30b96e5816b4ec04844dfd0b279b9e1c954b6521bbdb5672006eee', 1, N'2026-04-01 12:00:00');
IF NOT EXISTS (SELECT 1 FROM [dbo].[QUERY_HISTORY] WHERE [query_id] = N'QRY_0005')
    INSERT INTO [dbo].[QUERY_HISTORY] ([query_id], [tokenId], [queried_by_type], [queried_by_id], [metadata_hash_verified], [integrity_check], [queried_at]) VALUES (N'QRY_0005', N'NFT_00074', N'Retailer', N'USER_2393', N'0xb1f349cb525163324b9baa0108f2b4a7fb3ddcf44bd2bae3bccee33287567f13', 1, N'2026-04-03 17:00:00');
IF NOT EXISTS (SELECT 1 FROM [dbo].[QUERY_HISTORY] WHERE [query_id] = N'QRY_0006')
    INSERT INTO [dbo].[QUERY_HISTORY] ([query_id], [tokenId], [queried_by_type], [queried_by_id], [metadata_hash_verified], [integrity_check], [queried_at]) VALUES (N'QRY_0006', N'NFT_00029', N'Retailer', N'USER_1185', N'0xe6547b1182bfddffa891b0b1f1464b11980954b4e3bc88a5b3faf8db708ea52e', 1, N'2026-04-01 02:00:00');
IF NOT EXISTS (SELECT 1 FROM [dbo].[QUERY_HISTORY] WHERE [query_id] = N'QRY_0007')
    INSERT INTO [dbo].[QUERY_HISTORY] ([query_id], [tokenId], [queried_by_type], [queried_by_id], [metadata_hash_verified], [integrity_check], [queried_at]) VALUES (N'QRY_0007', N'NFT_00100', N'Consumer', N'USER_4566', N'0x2cb80fc6999a6085b3fda514ca21bd3f7dbd00380ac6bccf30ccb9e8442b6b8d', 1, N'2026-04-02 07:00:00');
IF NOT EXISTS (SELECT 1 FROM [dbo].[QUERY_HISTORY] WHERE [query_id] = N'QRY_0008')
    INSERT INTO [dbo].[QUERY_HISTORY] ([query_id], [tokenId], [queried_by_type], [queried_by_id], [metadata_hash_verified], [integrity_check], [queried_at]) VALUES (N'QRY_0008', N'NFT_00001', N'Retailer', N'USER_9976', N'0xe26074dc6766a1921f475dc35222f6f33d6f42ef30ecf7c4cb318227b52b3c9f', 1, N'2026-04-04 18:00:00');
IF NOT EXISTS (SELECT 1 FROM [dbo].[QUERY_HISTORY] WHERE [query_id] = N'QRY_0009')
    INSERT INTO [dbo].[QUERY_HISTORY] ([query_id], [tokenId], [queried_by_type], [queried_by_id], [metadata_hash_verified], [integrity_check], [queried_at]) VALUES (N'QRY_0009', N'NFT_00071', N'Consumer', N'USER_2511', N'0x0cde6e6e373f2856cc32cd3a2c30cbdbb08923e0b033caa8c346c1578e4318ba', 1, N'2026-04-03 05:00:00');
IF NOT EXISTS (SELECT 1 FROM [dbo].[QUERY_HISTORY] WHERE [query_id] = N'QRY_0010')
    INSERT INTO [dbo].[QUERY_HISTORY] ([query_id], [tokenId], [queried_by_type], [queried_by_id], [metadata_hash_verified], [integrity_check], [queried_at]) VALUES (N'QRY_0010', N'NFT_00059', N'Consumer', N'USER_2886', N'0xca1f960fa4d54d25a839245ba7af9853b2f3c0999ea833b02959afccab206eb8', 1, N'2026-04-02 14:00:00');
IF NOT EXISTS (SELECT 1 FROM [dbo].[QUERY_HISTORY] WHERE [query_id] = N'QRY_0011')
    INSERT INTO [dbo].[QUERY_HISTORY] ([query_id], [tokenId], [queried_by_type], [queried_by_id], [metadata_hash_verified], [integrity_check], [queried_at]) VALUES (N'QRY_0011', N'NFT_00100', N'Auditor', N'USER_9293', N'0xac67f77dd983859e08227215c3a49f399e4395b66a510702d02c73a3b2ba7bd2', 1, N'2026-04-03 22:00:00');
IF NOT EXISTS (SELECT 1 FROM [dbo].[QUERY_HISTORY] WHERE [query_id] = N'QRY_0012')
    INSERT INTO [dbo].[QUERY_HISTORY] ([query_id], [tokenId], [queried_by_type], [queried_by_id], [metadata_hash_verified], [integrity_check], [queried_at]) VALUES (N'QRY_0012', N'NFT_00044', N'Consumer', N'USER_8850', N'0xb4843f66c90086bbb3d24e7cea3755f1fcc90316eca5f14cdb6fd473f3780ceb', 1, N'2026-04-02 23:00:00');
IF NOT EXISTS (SELECT 1 FROM [dbo].[QUERY_HISTORY] WHERE [query_id] = N'QRY_0013')
    INSERT INTO [dbo].[QUERY_HISTORY] ([query_id], [tokenId], [queried_by_type], [queried_by_id], [metadata_hash_verified], [integrity_check], [queried_at]) VALUES (N'QRY_0013', N'NFT_00029', N'Auditor', N'USER_5760', N'0x2f056e138eb79e837340d8986b03899a4cf2e4d58921da6d8180549604c3677b', 1, N'2026-04-04 19:00:00');
IF NOT EXISTS (SELECT 1 FROM [dbo].[QUERY_HISTORY] WHERE [query_id] = N'QRY_0014')
    INSERT INTO [dbo].[QUERY_HISTORY] ([query_id], [tokenId], [queried_by_type], [queried_by_id], [metadata_hash_verified], [integrity_check], [queried_at]) VALUES (N'QRY_0014', N'NFT_00084', N'Retailer', N'USER_1585', N'0x9ae6215f39abf868e19a0d183328ba0d850d25d381e02457f150ba149936c5e5', 1, N'2026-04-01 11:00:00');
IF NOT EXISTS (SELECT 1 FROM [dbo].[QUERY_HISTORY] WHERE [query_id] = N'QRY_0015')
    INSERT INTO [dbo].[QUERY_HISTORY] ([query_id], [tokenId], [queried_by_type], [queried_by_id], [metadata_hash_verified], [integrity_check], [queried_at]) VALUES (N'QRY_0015', N'NFT_00079', N'Auditor', N'USER_6260', N'0x9ab9d9816a1004f932df8bce57e162932c45f0ddc00f3d1e78527861befecbba', 1, N'2026-04-04 14:00:00');
IF NOT EXISTS (SELECT 1 FROM [dbo].[QUERY_HISTORY] WHERE [query_id] = N'QRY_0016')
    INSERT INTO [dbo].[QUERY_HISTORY] ([query_id], [tokenId], [queried_by_type], [queried_by_id], [metadata_hash_verified], [integrity_check], [queried_at]) VALUES (N'QRY_0016', N'NFT_00058', N'Auditor', N'USER_1494', N'0xef9df671180a8ea2aa3ade325d87b26214a98bbfddeba968f55120368641b804', 1, N'2026-04-01 04:00:00');
IF NOT EXISTS (SELECT 1 FROM [dbo].[QUERY_HISTORY] WHERE [query_id] = N'QRY_0017')
    INSERT INTO [dbo].[QUERY_HISTORY] ([query_id], [tokenId], [queried_by_type], [queried_by_id], [metadata_hash_verified], [integrity_check], [queried_at]) VALUES (N'QRY_0017', N'NFT_00010', N'Retailer', N'USER_2835', N'0xc60819e4c83654e069cbde0db7568aae5a72f129097dae2daa46619506d42f67', 1, N'2026-04-01 05:00:00');
IF NOT EXISTS (SELECT 1 FROM [dbo].[QUERY_HISTORY] WHERE [query_id] = N'QRY_0018')
    INSERT INTO [dbo].[QUERY_HISTORY] ([query_id], [tokenId], [queried_by_type], [queried_by_id], [metadata_hash_verified], [integrity_check], [queried_at]) VALUES (N'QRY_0018', N'NFT_00080', N'Auditor', N'USER_4918', N'0x4be5e2ca2cf1c6c86c484fe9ac6a15277a015ef3b22232d608b899e71f0c05b3', 1, N'2026-04-01 16:00:00');
IF NOT EXISTS (SELECT 1 FROM [dbo].[QUERY_HISTORY] WHERE [query_id] = N'QRY_0019')
    INSERT INTO [dbo].[QUERY_HISTORY] ([query_id], [tokenId], [queried_by_type], [queried_by_id], [metadata_hash_verified], [integrity_check], [queried_at]) VALUES (N'QRY_0019', N'NFT_00009', N'Consumer', N'USER_4374', N'0x31b8565f9422bb012e44bbc4bc40ee73bc3d7d98b4c11e217fde88afc924f57c', 1, N'2026-04-01 08:00:00');
IF NOT EXISTS (SELECT 1 FROM [dbo].[QUERY_HISTORY] WHERE [query_id] = N'QRY_0020')
    INSERT INTO [dbo].[QUERY_HISTORY] ([query_id], [tokenId], [queried_by_type], [queried_by_id], [metadata_hash_verified], [integrity_check], [queried_at]) VALUES (N'QRY_0020', N'NFT_00056', N'Consumer', N'USER_3603', N'0xc635874f523b8f2bfd24b2551788200353b2f2f776602875b81a073adb6535c2', 1, N'2026-04-03 16:00:00');
IF NOT EXISTS (SELECT 1 FROM [dbo].[QUERY_HISTORY] WHERE [query_id] = N'QRY_0021')
    INSERT INTO [dbo].[QUERY_HISTORY] ([query_id], [tokenId], [queried_by_type], [queried_by_id], [metadata_hash_verified], [integrity_check], [queried_at]) VALUES (N'QRY_0021', N'NFT_00004', N'Auditor', N'USER_1375', N'0x2a0dbf4f3a1c1e59d64b4e3997ca5334979d71cbc4497b8586188d76ffc25974', 1, N'2026-04-01 19:00:00');
IF NOT EXISTS (SELECT 1 FROM [dbo].[QUERY_HISTORY] WHERE [query_id] = N'QRY_0022')
    INSERT INTO [dbo].[QUERY_HISTORY] ([query_id], [tokenId], [queried_by_type], [queried_by_id], [metadata_hash_verified], [integrity_check], [queried_at]) VALUES (N'QRY_0022', N'NFT_00072', N'Retailer', N'USER_5079', N'0x7f32e90e322d58e74314fbe3677b70066fc60f6b2fd1fca29ed8d87cc24c9304', 1, N'2026-04-02 14:00:00');
IF NOT EXISTS (SELECT 1 FROM [dbo].[QUERY_HISTORY] WHERE [query_id] = N'QRY_0023')
    INSERT INTO [dbo].[QUERY_HISTORY] ([query_id], [tokenId], [queried_by_type], [queried_by_id], [metadata_hash_verified], [integrity_check], [queried_at]) VALUES (N'QRY_0023', N'NFT_00067', N'Consumer', N'USER_5463', N'0xcaf62ce6f045324e35c4e8184d61f206381c08b36a816555f8a5e297ce3d3b57', 1, N'2026-04-01 09:00:00');
IF NOT EXISTS (SELECT 1 FROM [dbo].[QUERY_HISTORY] WHERE [query_id] = N'QRY_0024')
    INSERT INTO [dbo].[QUERY_HISTORY] ([query_id], [tokenId], [queried_by_type], [queried_by_id], [metadata_hash_verified], [integrity_check], [queried_at]) VALUES (N'QRY_0024', N'NFT_00036', N'Retailer', N'USER_5317', N'0x778753c63c14993d8fac2cd390cd1d01314f423f721f91d86c6dddb0dfa91f78', 1, N'2026-04-04 18:00:00');
IF NOT EXISTS (SELECT 1 FROM [dbo].[QUERY_HISTORY] WHERE [query_id] = N'QRY_0025')
    INSERT INTO [dbo].[QUERY_HISTORY] ([query_id], [tokenId], [queried_by_type], [queried_by_id], [metadata_hash_verified], [integrity_check], [queried_at]) VALUES (N'QRY_0025', N'NFT_00058', N'Retailer', N'USER_7027', N'0xe699737f9602324a0869fee97ac5e73c7015a1fa3cbd0f658bda61e8a7f8f7de', 1, N'2026-04-02 08:00:00');
IF NOT EXISTS (SELECT 1 FROM [dbo].[QUERY_HISTORY] WHERE [query_id] = N'QRY_0026')
    INSERT INTO [dbo].[QUERY_HISTORY] ([query_id], [tokenId], [queried_by_type], [queried_by_id], [metadata_hash_verified], [integrity_check], [queried_at]) VALUES (N'QRY_0026', N'NFT_00059', N'Retailer', N'USER_8042', N'0x9dfef647237daec56d457b6494715ab47450a4c3790bab9539507d4d0f85838e', 1, N'2026-04-01 03:00:00');
IF NOT EXISTS (SELECT 1 FROM [dbo].[QUERY_HISTORY] WHERE [query_id] = N'QRY_0027')
    INSERT INTO [dbo].[QUERY_HISTORY] ([query_id], [tokenId], [queried_by_type], [queried_by_id], [metadata_hash_verified], [integrity_check], [queried_at]) VALUES (N'QRY_0027', N'NFT_00007', N'Retailer', N'USER_1455', N'0x929394b0ec033fe10e3cbd50b2538a634646bff6603d27d9719cbc4d01270c1d', 1, N'2026-04-03 21:00:00');
IF NOT EXISTS (SELECT 1 FROM [dbo].[QUERY_HISTORY] WHERE [query_id] = N'QRY_0028')
    INSERT INTO [dbo].[QUERY_HISTORY] ([query_id], [tokenId], [queried_by_type], [queried_by_id], [metadata_hash_verified], [integrity_check], [queried_at]) VALUES (N'QRY_0028', N'NFT_00003', N'Auditor', N'USER_9078', N'0x56f4e7a333d6435d5b79d0c5ca20c0685c01dba122e6131375a84abfe3680e8f', 1, N'2026-04-01 11:00:00');
IF NOT EXISTS (SELECT 1 FROM [dbo].[QUERY_HISTORY] WHERE [query_id] = N'QRY_0029')
    INSERT INTO [dbo].[QUERY_HISTORY] ([query_id], [tokenId], [queried_by_type], [queried_by_id], [metadata_hash_verified], [integrity_check], [queried_at]) VALUES (N'QRY_0029', N'NFT_00093', N'Retailer', N'USER_2255', N'0x710c6a10600738a7b8304d53e54ade97893d8d3a6f3f6b59dffe8aef90ff0a50', 0, N'2026-04-03 09:00:00');
IF NOT EXISTS (SELECT 1 FROM [dbo].[QUERY_HISTORY] WHERE [query_id] = N'QRY_0030')
    INSERT INTO [dbo].[QUERY_HISTORY] ([query_id], [tokenId], [queried_by_type], [queried_by_id], [metadata_hash_verified], [integrity_check], [queried_at]) VALUES (N'QRY_0030', N'NFT_00048', N'Auditor', N'USER_5195', N'0xb5690b2dae99963fd23d64037a15cdca321da51f5021f20fde2e4dc03fe58b38', 1, N'2026-04-01 05:00:00');
IF NOT EXISTS (SELECT 1 FROM [dbo].[QUERY_HISTORY] WHERE [query_id] = N'QRY_0031')
    INSERT INTO [dbo].[QUERY_HISTORY] ([query_id], [tokenId], [queried_by_type], [queried_by_id], [metadata_hash_verified], [integrity_check], [queried_at]) VALUES (N'QRY_0031', N'NFT_00092', N'Consumer', N'USER_9507', N'0x7d9e98b4ba581d87d382ed9d15d57688b550089bd9d486a5dc84bedb82464357', 1, N'2026-04-01 17:00:00');
IF NOT EXISTS (SELECT 1 FROM [dbo].[QUERY_HISTORY] WHERE [query_id] = N'QRY_0032')
    INSERT INTO [dbo].[QUERY_HISTORY] ([query_id], [tokenId], [queried_by_type], [queried_by_id], [metadata_hash_verified], [integrity_check], [queried_at]) VALUES (N'QRY_0032', N'NFT_00009', N'Retailer', N'USER_8778', N'0xd95c9ce558d8ba7c4c7775d5e137dbc39900455f84b6eed1639ca7253eec64b0', 1, N'2026-04-03 18:00:00');
IF NOT EXISTS (SELECT 1 FROM [dbo].[QUERY_HISTORY] WHERE [query_id] = N'QRY_0033')
    INSERT INTO [dbo].[QUERY_HISTORY] ([query_id], [tokenId], [queried_by_type], [queried_by_id], [metadata_hash_verified], [integrity_check], [queried_at]) VALUES (N'QRY_0033', N'NFT_00081', N'Consumer', N'USER_7403', N'0x4cef7a631451a47ed0458c595decf68f35fabd688c50fb18c03755752a9938ec', 1, N'2026-04-02 09:00:00');
IF NOT EXISTS (SELECT 1 FROM [dbo].[QUERY_HISTORY] WHERE [query_id] = N'QRY_0034')
    INSERT INTO [dbo].[QUERY_HISTORY] ([query_id], [tokenId], [queried_by_type], [queried_by_id], [metadata_hash_verified], [integrity_check], [queried_at]) VALUES (N'QRY_0034', N'NFT_00066', N'Auditor', N'USER_6651', N'0x9fda68fef8a015c8915306093a3393920a3872af8984f8c676b4d203814b644b', 1, N'2026-04-03 06:00:00');
IF NOT EXISTS (SELECT 1 FROM [dbo].[QUERY_HISTORY] WHERE [query_id] = N'QRY_0035')
    INSERT INTO [dbo].[QUERY_HISTORY] ([query_id], [tokenId], [queried_by_type], [queried_by_id], [metadata_hash_verified], [integrity_check], [queried_at]) VALUES (N'QRY_0035', N'NFT_00091', N'Consumer', N'USER_1950', N'0x64078ccc9639a8a87d4948a4f69f9b3c56429026ccdfc4f66f8f1f22c2aafa48', 1, N'2026-04-01 08:00:00');
IF NOT EXISTS (SELECT 1 FROM [dbo].[QUERY_HISTORY] WHERE [query_id] = N'QRY_0036')
    INSERT INTO [dbo].[QUERY_HISTORY] ([query_id], [tokenId], [queried_by_type], [queried_by_id], [metadata_hash_verified], [integrity_check], [queried_at]) VALUES (N'QRY_0036', N'NFT_00033', N'Retailer', N'USER_9125', N'0x2e33784fa1874e8580459ae5caaac5c880e5d26ba449363751f5ec202f877150', 1, N'2026-04-03 06:00:00');
IF NOT EXISTS (SELECT 1 FROM [dbo].[QUERY_HISTORY] WHERE [query_id] = N'QRY_0037')
    INSERT INTO [dbo].[QUERY_HISTORY] ([query_id], [tokenId], [queried_by_type], [queried_by_id], [metadata_hash_verified], [integrity_check], [queried_at]) VALUES (N'QRY_0037', N'NFT_00041', N'Retailer', N'USER_8434', N'0x5a1f5f05513e80143229d76b3dab043800fc91d052147dce9c59520296fc3e83', 1, N'2026-04-04 09:00:00');
IF NOT EXISTS (SELECT 1 FROM [dbo].[QUERY_HISTORY] WHERE [query_id] = N'QRY_0038')
    INSERT INTO [dbo].[QUERY_HISTORY] ([query_id], [tokenId], [queried_by_type], [queried_by_id], [metadata_hash_verified], [integrity_check], [queried_at]) VALUES (N'QRY_0038', N'NFT_00009', N'Retailer', N'USER_6681', N'0x4da7eb10192e2694c3747f24124c265d231658627527203a70750e5bda676071', 0, N'2026-04-03 22:00:00');
IF NOT EXISTS (SELECT 1 FROM [dbo].[QUERY_HISTORY] WHERE [query_id] = N'QRY_0039')
    INSERT INTO [dbo].[QUERY_HISTORY] ([query_id], [tokenId], [queried_by_type], [queried_by_id], [metadata_hash_verified], [integrity_check], [queried_at]) VALUES (N'QRY_0039', N'NFT_00091', N'Consumer', N'USER_3514', N'0x12b16d9cf5c93b3a58bbfd670742180464bcaab9201ce548c193653f335b547d', 1, N'2026-04-03 12:00:00');
IF NOT EXISTS (SELECT 1 FROM [dbo].[QUERY_HISTORY] WHERE [query_id] = N'QRY_0040')
    INSERT INTO [dbo].[QUERY_HISTORY] ([query_id], [tokenId], [queried_by_type], [queried_by_id], [metadata_hash_verified], [integrity_check], [queried_at]) VALUES (N'QRY_0040', N'NFT_00009', N'Consumer', N'USER_6867', N'0x0de1c477a2c0f40d5b98acdea977d86167097bfc3c1055d16c3b19f6a09db05b', 1, N'2026-04-03 20:00:00');
IF NOT EXISTS (SELECT 1 FROM [dbo].[QUERY_HISTORY] WHERE [query_id] = N'QRY_0041')
    INSERT INTO [dbo].[QUERY_HISTORY] ([query_id], [tokenId], [queried_by_type], [queried_by_id], [metadata_hash_verified], [integrity_check], [queried_at]) VALUES (N'QRY_0041', N'NFT_00097', N'Consumer', N'USER_8524', N'0xaeddf53d7adfd04208a6ab79d6cfdacd188db09f3d9149d17032ba85dab7ddc1', 1, N'2026-04-03 09:00:00');
IF NOT EXISTS (SELECT 1 FROM [dbo].[QUERY_HISTORY] WHERE [query_id] = N'QRY_0042')
    INSERT INTO [dbo].[QUERY_HISTORY] ([query_id], [tokenId], [queried_by_type], [queried_by_id], [metadata_hash_verified], [integrity_check], [queried_at]) VALUES (N'QRY_0042', N'NFT_00012', N'Auditor', N'USER_3490', N'0xa7b8e196abe4073596cafd25ddf53edeacbc95056beb675121b47f795feafa48', 1, N'2026-04-04 10:00:00');
IF NOT EXISTS (SELECT 1 FROM [dbo].[QUERY_HISTORY] WHERE [query_id] = N'QRY_0043')
    INSERT INTO [dbo].[QUERY_HISTORY] ([query_id], [tokenId], [queried_by_type], [queried_by_id], [metadata_hash_verified], [integrity_check], [queried_at]) VALUES (N'QRY_0043', N'NFT_00080', N'Auditor', N'USER_4704', N'0x599c22013be692c116935a31c73562cb7355622acf48186d945792291a85ec94', 0, N'2026-04-04 08:00:00');
IF NOT EXISTS (SELECT 1 FROM [dbo].[QUERY_HISTORY] WHERE [query_id] = N'QRY_0044')
    INSERT INTO [dbo].[QUERY_HISTORY] ([query_id], [tokenId], [queried_by_type], [queried_by_id], [metadata_hash_verified], [integrity_check], [queried_at]) VALUES (N'QRY_0044', N'NFT_00075', N'Auditor', N'USER_2232', N'0xbd5ca5fb77d141244558b155d2f298b39d756e4318ecfc856c3ea4c0b027b795', 1, N'2026-04-02 00:00:00');
IF NOT EXISTS (SELECT 1 FROM [dbo].[QUERY_HISTORY] WHERE [query_id] = N'QRY_0045')
    INSERT INTO [dbo].[QUERY_HISTORY] ([query_id], [tokenId], [queried_by_type], [queried_by_id], [metadata_hash_verified], [integrity_check], [queried_at]) VALUES (N'QRY_0045', N'NFT_00073', N'Consumer', N'USER_7182', N'0xd2e0dc8e99fa32da37f348a157d4501f6de22d5562efd546b2a90d17a36eeced', 1, N'2026-04-01 23:00:00');
IF NOT EXISTS (SELECT 1 FROM [dbo].[QUERY_HISTORY] WHERE [query_id] = N'QRY_0046')
    INSERT INTO [dbo].[QUERY_HISTORY] ([query_id], [tokenId], [queried_by_type], [queried_by_id], [metadata_hash_verified], [integrity_check], [queried_at]) VALUES (N'QRY_0046', N'NFT_00024', N'Auditor', N'USER_4423', N'0x4ab00ce8f09c1324c12e2a766096a1be43a65c25fc1ebe879ab89b2c92dda149', 1, N'2026-04-05 01:00:00');
IF NOT EXISTS (SELECT 1 FROM [dbo].[QUERY_HISTORY] WHERE [query_id] = N'QRY_0047')
    INSERT INTO [dbo].[QUERY_HISTORY] ([query_id], [tokenId], [queried_by_type], [queried_by_id], [metadata_hash_verified], [integrity_check], [queried_at]) VALUES (N'QRY_0047', N'NFT_00081', N'Consumer', N'USER_2927', N'0xe41101dfb6931d62edd07e2984498f654187f936e5916fb9ff321ae105216ece', 1, N'2026-04-01 08:00:00');
IF NOT EXISTS (SELECT 1 FROM [dbo].[QUERY_HISTORY] WHERE [query_id] = N'QRY_0048')
    INSERT INTO [dbo].[QUERY_HISTORY] ([query_id], [tokenId], [queried_by_type], [queried_by_id], [metadata_hash_verified], [integrity_check], [queried_at]) VALUES (N'QRY_0048', N'NFT_00072', N'Retailer', N'USER_7461', N'0x324b02eee6f713c023dc436cd70c9baaa98ae66708ed720a24b0dbe51bdcb7e4', 1, N'2026-04-02 12:00:00');
IF NOT EXISTS (SELECT 1 FROM [dbo].[QUERY_HISTORY] WHERE [query_id] = N'QRY_0049')
    INSERT INTO [dbo].[QUERY_HISTORY] ([query_id], [tokenId], [queried_by_type], [queried_by_id], [metadata_hash_verified], [integrity_check], [queried_at]) VALUES (N'QRY_0049', N'NFT_00048', N'Auditor', N'USER_1427', N'0x7f525e6cf932f6bcb952818c8363a2d860eb02e5ec389911692133bb5dff0708', 1, N'2026-04-04 00:00:00');
IF NOT EXISTS (SELECT 1 FROM [dbo].[QUERY_HISTORY] WHERE [query_id] = N'QRY_0050')
    INSERT INTO [dbo].[QUERY_HISTORY] ([query_id], [tokenId], [queried_by_type], [queried_by_id], [metadata_hash_verified], [integrity_check], [queried_at]) VALUES (N'QRY_0050', N'NFT_00021', N'Retailer', N'USER_4208', N'0xee9a9c6c78b6c3ece59d8b42e953d3051493b1be1975afc6659f5013ee246bdc', 1, N'2026-04-04 05:00:00');

-- REPUTATION_LOG
IF NOT EXISTS (SELECT 1 FROM [dbo].[REPUTATION_LOG] WHERE [log_id] = N'REPL_0001')
    INSERT INTO [dbo].[REPUTATION_LOG] ([log_id], [subject_type], [subject_id], [tokenId], [resolution_id], [score_before], [score_after], [score_delta], [reason], [logged_at]) VALUES (N'REPL_0001', N'Carrier', N'CARR_0001', N'NFT_00082', N'RES_0001', 4.5, 4.3, -0.2, N'Quality failure violation', N'2026-03-29 08:00:00');
IF NOT EXISTS (SELECT 1 FROM [dbo].[REPUTATION_LOG] WHERE [log_id] = N'REPL_0002')
    INSERT INTO [dbo].[REPUTATION_LOG] ([log_id], [subject_type], [subject_id], [tokenId], [resolution_id], [score_before], [score_after], [score_delta], [reason], [logged_at]) VALUES (N'REPL_0002', N'Producer', N'PROD_0003', N'NFT_00084', N'RES_0002', 4.5, 4.3, -0.2, N'Quality failure violation', N'2026-04-15 09:00:00');
IF NOT EXISTS (SELECT 1 FROM [dbo].[REPUTATION_LOG] WHERE [log_id] = N'REPL_0003')
    INSERT INTO [dbo].[REPUTATION_LOG] ([log_id], [subject_type], [subject_id], [tokenId], [resolution_id], [score_before], [score_after], [score_delta], [reason], [logged_at]) VALUES (N'REPL_0003', N'Producer', N'PROD_0005', N'NFT_00014', N'RES_0003', 4.5, 4.3, -0.2, N'Quality failure violation', N'2026-04-06 23:00:00');
IF NOT EXISTS (SELECT 1 FROM [dbo].[REPUTATION_LOG] WHERE [log_id] = N'REPL_0004')
    INSERT INTO [dbo].[REPUTATION_LOG] ([log_id], [subject_type], [subject_id], [tokenId], [resolution_id], [score_before], [score_after], [score_delta], [reason], [logged_at]) VALUES (N'REPL_0004', N'Producer', N'PROD_0005', N'NFT_00036', N'RES_0004', 4.5, 4.3, -0.2, N'Quality failure violation', N'2026-04-04 05:00:00');
IF NOT EXISTS (SELECT 1 FROM [dbo].[REPUTATION_LOG] WHERE [log_id] = N'REPL_0005')
    INSERT INTO [dbo].[REPUTATION_LOG] ([log_id], [subject_type], [subject_id], [tokenId], [resolution_id], [score_before], [score_after], [score_delta], [reason], [logged_at]) VALUES (N'REPL_0005', N'Carrier', N'CARR_0003', N'NFT_00066', N'RES_0005', 4.5, 4.3, -0.2, N'Quality failure violation', N'2026-04-08 00:00:00');
IF NOT EXISTS (SELECT 1 FROM [dbo].[REPUTATION_LOG] WHERE [log_id] = N'REPL_0006')
    INSERT INTO [dbo].[REPUTATION_LOG] ([log_id], [subject_type], [subject_id], [tokenId], [resolution_id], [score_before], [score_after], [score_delta], [reason], [logged_at]) VALUES (N'REPL_0006', N'Producer', N'PROD_0004', N'NFT_00040', N'RES_0006', 4.5, 4.3, -0.2, N'Quality failure violation', N'2026-04-14 17:00:00');
IF NOT EXISTS (SELECT 1 FROM [dbo].[REPUTATION_LOG] WHERE [log_id] = N'REPL_0007')
    INSERT INTO [dbo].[REPUTATION_LOG] ([log_id], [subject_type], [subject_id], [tokenId], [resolution_id], [score_before], [score_after], [score_delta], [reason], [logged_at]) VALUES (N'REPL_0007', N'Carrier', N'CARR_0003', N'NFT_00041', N'RES_0007', 4.5, 4.3, -0.2, N'Quality failure violation', N'2026-04-13 09:00:00');
IF NOT EXISTS (SELECT 1 FROM [dbo].[REPUTATION_LOG] WHERE [log_id] = N'REPL_0008')
    INSERT INTO [dbo].[REPUTATION_LOG] ([log_id], [subject_type], [subject_id], [tokenId], [resolution_id], [score_before], [score_after], [score_delta], [reason], [logged_at]) VALUES (N'REPL_0008', N'Producer', N'PROD_0002', N'NFT_00046', N'RES_0008', 4.5, 4.3, -0.2, N'Quality failure violation', N'2026-04-06 11:00:00');
IF NOT EXISTS (SELECT 1 FROM [dbo].[REPUTATION_LOG] WHERE [log_id] = N'REPL_0009')
    INSERT INTO [dbo].[REPUTATION_LOG] ([log_id], [subject_type], [subject_id], [tokenId], [resolution_id], [score_before], [score_after], [score_delta], [reason], [logged_at]) VALUES (N'REPL_0009', N'Producer', N'PROD_0007', N'NFT_00065', N'RES_0009', 4.5, 4.3, -0.2, N'Quality failure violation', N'2026-04-14 18:00:00');
IF NOT EXISTS (SELECT 1 FROM [dbo].[REPUTATION_LOG] WHERE [log_id] = N'REPL_0010')
    INSERT INTO [dbo].[REPUTATION_LOG] ([log_id], [subject_type], [subject_id], [tokenId], [resolution_id], [score_before], [score_after], [score_delta], [reason], [logged_at]) VALUES (N'REPL_0010', N'Carrier', N'CARR_0001', N'NFT_00002', N'RES_0010', 4.5, 4.3, -0.2, N'Quality failure violation', N'2026-04-05 23:00:00');
IF NOT EXISTS (SELECT 1 FROM [dbo].[REPUTATION_LOG] WHERE [log_id] = N'REPL_0011')
    INSERT INTO [dbo].[REPUTATION_LOG] ([log_id], [subject_type], [subject_id], [tokenId], [resolution_id], [score_before], [score_after], [score_delta], [reason], [logged_at]) VALUES (N'REPL_0011', N'Producer', N'PROD_0001', N'NFT_00095', N'RES_0011', 4.5, 4.3, -0.2, N'Quality failure violation', N'2026-04-14 21:00:00');
IF NOT EXISTS (SELECT 1 FROM [dbo].[REPUTATION_LOG] WHERE [log_id] = N'REPL_0012')
    INSERT INTO [dbo].[REPUTATION_LOG] ([log_id], [subject_type], [subject_id], [tokenId], [resolution_id], [score_before], [score_after], [score_delta], [reason], [logged_at]) VALUES (N'REPL_0012', N'Carrier', N'CARR_0004', N'NFT_00052', N'RES_0012', 4.5, 4.3, -0.2, N'Quality failure violation', N'2026-04-11 06:00:00');
IF NOT EXISTS (SELECT 1 FROM [dbo].[REPUTATION_LOG] WHERE [log_id] = N'REPL_0013')
    INSERT INTO [dbo].[REPUTATION_LOG] ([log_id], [subject_type], [subject_id], [tokenId], [resolution_id], [score_before], [score_after], [score_delta], [reason], [logged_at]) VALUES (N'REPL_0013', N'Producer', N'PROD_0002', N'NFT_00098', N'RES_0013', 4.5, 4.3, -0.2, N'Quality failure violation', N'2026-04-14 22:00:00');
IF NOT EXISTS (SELECT 1 FROM [dbo].[REPUTATION_LOG] WHERE [log_id] = N'REPL_0014')
    INSERT INTO [dbo].[REPUTATION_LOG] ([log_id], [subject_type], [subject_id], [tokenId], [resolution_id], [score_before], [score_after], [score_delta], [reason], [logged_at]) VALUES (N'REPL_0014', N'Producer', N'PROD_0005', N'NFT_00087', N'RES_0014', 4.5, 4.3, -0.2, N'Quality failure violation', N'2026-04-08 22:00:00');
IF NOT EXISTS (SELECT 1 FROM [dbo].[REPUTATION_LOG] WHERE [log_id] = N'REPL_0015')
    INSERT INTO [dbo].[REPUTATION_LOG] ([log_id], [subject_type], [subject_id], [tokenId], [resolution_id], [score_before], [score_after], [score_delta], [reason], [logged_at]) VALUES (N'REPL_0015', N'Producer', N'PROD_0004', N'NFT_00049', N'RES_0015', 4.5, 4.3, -0.2, N'Quality failure violation', N'2026-03-30 03:00:00');
IF NOT EXISTS (SELECT 1 FROM [dbo].[REPUTATION_LOG] WHERE [log_id] = N'REPL_0016')
    INSERT INTO [dbo].[REPUTATION_LOG] ([log_id], [subject_type], [subject_id], [tokenId], [resolution_id], [score_before], [score_after], [score_delta], [reason], [logged_at]) VALUES (N'REPL_0016', N'Producer', N'PROD_0004', N'NFT_00058', N'RES_0016', 4.5, 4.3, -0.2, N'Quality failure violation', N'2026-04-01 19:00:00');
IF NOT EXISTS (SELECT 1 FROM [dbo].[REPUTATION_LOG] WHERE [log_id] = N'REPL_0017')
    INSERT INTO [dbo].[REPUTATION_LOG] ([log_id], [subject_type], [subject_id], [tokenId], [resolution_id], [score_before], [score_after], [score_delta], [reason], [logged_at]) VALUES (N'REPL_0017', N'Carrier', N'CARR_0003', N'NFT_00015', N'RES_0017', 4.5, 4.3, -0.2, N'Quality failure violation', N'2026-04-05 17:00:00');
IF NOT EXISTS (SELECT 1 FROM [dbo].[REPUTATION_LOG] WHERE [log_id] = N'REPL_0018')
    INSERT INTO [dbo].[REPUTATION_LOG] ([log_id], [subject_type], [subject_id], [tokenId], [resolution_id], [score_before], [score_after], [score_delta], [reason], [logged_at]) VALUES (N'REPL_0018', N'Carrier', N'CARR_0004', N'NFT_00063', N'RES_0018', 4.5, 4.3, -0.2, N'Quality failure violation', N'2026-04-09 14:00:00');
COMMIT TRAN;
END TRY
BEGIN CATCH
    IF @@TRANCOUNT > 0 ROLLBACK TRAN;
    THROW;
END CATCH;
